Workbook

Sheet Info
B2: Номер | C2: Нормативные документы | D2: Ссылки | F2: Schedule | 1 Division | H2: ссылка | J2: Active modification | L2: Banned heroes
B3: 1 | C3: Tournament format | D3: ссылка | F3: Matches and results | 1 Division | H3: ссылка | J3: Сломанные стены | L3: Name | M3: Date of ban
B4: 2 | C4: Регламент | D4: ссылка | F4: Teams | 1 Division | H4: ссылка | J4: Опасные заросли | L4: Aulus | M4: 22.04.2026 - 29.04.2026
B5: 3 | C5: Технические правила | D5: ссылка | J5: Летящее облако | L5: Gloo | M5: 24.04.2026 - 03.05.2026
B6: 4 | C6: Правила трансляций | D6: ссылка | F6: Schedule | 2 Division | H6: ссылка | J6: Бурные реки | L6: Hirara | M6: Неопределенный срок
B7: 5 | C7: Дисциплинарный регламент ФКС России | D7: ссылка | F7: Matches and results | 2 Division | H7: ссылка
B8: 6 | C8: Регламент ФКС России по этике | D8: ссылка | F8: Teams | 2 Division | H8: ссылка
B9: 7 | C9: Официальные правила вида спорта «компьютерный спорт» | D9: ссылка
F10: Schedule | CQ + Playoffs | H10: ссылка
F11: Matches | CQ + Playoffs | H11: ссылка

Sheet Tournament format
A2: RoL Split 1&2 Qualifiers to 2 Division
C3: Qualifier 1 | E3: Qualifier 3
C5: Qualifier 2 | E5: Qualifier 4
A9: RoL Split 1&2 Double round-robin stage
C10: 1 Division | G10: 2 Division
C11: Final Place | D11: Prize | E11: Progression | G11: Final Place | H11: Prize | I11: Progression
D12: 980000 | E12: Split Final | H12: 210000
D13: 720000 | E13: Split Final | H13: 160000
D14: 560000 | H14: 140000
D15: 460000 | H15: 130000
D16: 360000 | H16: 110000
D17: 350000 | H17: 100000
D18: 290000 | H18: 80000
D19: 280000 | H19: 70000
C20: Double round-robin BO3 14 days 56 matches | G20: Double round-robin BO3 14 days 56 matches
A26: RoL Split 1&2 Final
C27: Closed Qualifier (ONLINE) | D27: Participants | G27: Info | H27: Stage | I27: Stage | J27: Stage | K27: Stage | L27: Stage | M27: Stage | N27: Stage
D28: Team name | E28: Team standings | F28: Position | H28: I | I28: II | J28: III | K28: III | L28: IV | M28: IV | N28: V
D29: ='Schedule | 1 Division'!B17 -> Virtus.pro | E29: 3rd of Division 1 | F29: Tier 1 | H29: Day 1 BO3 | I29: Day 2 BO3 | J29: Day 3 BO3 | K29: Day 3 BO3 | L29: Day 4 BO5 | M29: Day 5 BO5 | N29: Day 5 BO7
D30: ='Schedule | 1 Division'!B18 -> Team Yandex | E30: 4th of Division 1 | F30: Tier 1 | G30: Winner Bracket (WB)
D31: ='Schedule | 1 Division'!B19 -> FORZE | E31: 5th of Division 1 | F31: Tier 2 | H31: =D35 -> The Soulless Team | I31: =D31 -> FORZE
D32: ='Schedule | 1 Division'!B20 -> CYBERHERO | E32: 6th of Division 1 | F32: Tier 2 | H32: Match 1 | I32: Match 5
D33: ='Schedule | 1 Division'!B21 -> Magic | E33: 7th of Division 1 | F33: Tier 2 | H33: =D42 -> Suplex team | I33: ='Schedule | CQ + Playoffs'!I10 -> The Soulless Team | J33: ='Schedule | CQ + Playoffs'!E16 -> FORZE | K33: =D29 -> Virtus.pro
D34: ='Schedule | 1 Division'!B22 -> Aura Farmers | E34: 8th of Division 1 | F34: Tier 2 | J34: Match 9 | K34: Match 11
D35: ='Schedule | 2 Division'!B15 -> The Soulless Team | E35: 1st of Division 2 | F35: Tier 3 | H35: =D36 -> HARD GRIND | I35: =D32 -> CYBERHERO | J35: ='Schedule | CQ + Playoffs'!I16 -> CYBERHERO | K35: ='Schedule | CQ + Playoffs'!I18 -> CYBERHERO
D36: ='Schedule | 2 Division'!B16 -> HARD GRIND | E36: 2nd of Division 2 | F36: Tier 3 | H36: Match 2 | I36: Match 6
D37: ='Schedule | 2 Division'!B17 -> TSA White | E37: 3rd of Division 2 | F37: Tier 3 | H37: =D41 -> Dark Phoenix | I37: ='Schedule | CQ + Playoffs'!I11 -> HARD GRIND | L37: =K33 -> Virtus.pro
D38: ='Schedule | 2 Division'!B18 -> INVISION | E38: 4th of Division 2 | F38: Tier 3 | L38: Match 13
D39: ='Schedule | 2 Division'!B19 -> Aterion Esports | E39: 5th of Division 2 | F39: Tier 3 | H39: =D37 -> TSA White | I39: =D33 -> Magic | L39: =K41 -> Team Yandex
D40: ='Schedule | 2 Division'!B20 -> Omnix | E40: 6th of Division 2 | F40: Tier 3 | H40: Match 3 | I40: Match 7
D41: ='Schedule | 2 Division'!B21 -> Dark Phoenix | E41: 7th of Division 2 | F41: Tier 3 | H41: =D40 -> Omnix | I41: ='Schedule | CQ + Playoffs'!I12 -> Omnix | J41: =I41 -> Omnix | K41: =D30 -> Team Yandex
D42: ='Schedule | 2 Division'!B22 -> Suplex team | E42: 8th of Division 2 | F42: Tier 3 | J42: Match 10 | K42: Match 12
H43: =D38 -> INVISION | I43: =D34 -> Aura Farmers | J43: ='Schedule | CQ + Playoffs'!I17 -> Aura Farmers | K43: =J41 -> Omnix
H44: Match 4 | I44: Match 8
H45: =D39 -> Aterion Esports | I45: ='Schedule | CQ + Playoffs'!I13 -> Aterion Esports
G47: Loser Bracket (LB)
L48: =K43 -> Omnix
L49: Match 14
L50: =J33 -> FORZE | M50: =L50 -> FORZE | N50: =L39 -> Team Yandex
M51: Match 16 | N51: Match 17
L52: =K35 -> CYBERHERO | M52: =L52 -> CYBERHERO | N52: =L50 -> FORZE
L53: Match 15
L54: =J43 -> Aura Farmers
C58: Final (ONLINE&OFFLINE) | D58: Participants | E58: Winner Bracket (WB) | M58: Double Elimination 4 teams | N58: Place | O58: Prize pool
D59: ='Schedule | 1 Division'!B15 -> Team Spirit | G59: Upper Semi-final BO5 | O59: 1750000
D60: ='Schedule | 1 Division'!B16 -> Verso Time | I60: Upper final BO5 | K60: Grand final BO7 | O60: 1250000
D61: =L37 -> Virtus.pro | G61: Upper Semi-final BO5 | O61: 750000
D62: =L50 -> FORZE | N62: =K33 -> Virtus.pro | O62: 250000
E63: Loser Bracket (LB)
H65: Lower semi-final BO5 | J65: Lower final BO5
A70: RoL Final
C71: Qualifier 1
C73: Qualifier 2
C76: Closed Qualifier (ONLINE) | D76: Participants of Swiss Stage | G76: Info | H76: Swiss Stage | I76: Swiss Stage | J76: Swiss Stage | K76: Swiss Stage | L76: Swiss Stage | M76: Swiss Stage | N76: Swiss Stage | O76: Swiss Stage
D77: Number | E77: Team | F77: Seed | H77: 0:0 | I77: 1:0 & 0:1 | J77: 1:1 | K77: 2:0 | 0:2 | L77: 2:1 | M77: 1:2 | N77: 2:2 | O77: 3:1
D78: 1 | H78: Day 1 BO3 | I78: Day 2 BO3 | J78: Day 3 BO3 | K78: Day 4 BO5 | L78: Day 5 BO5 | M78: Day 6 BO5 | N78: Day 7 BO5 | O78: Day 8 BO5
D79: 2 | G79: Swiss Stage
D80: 3 | H80: 1 | I80: Winner M1 | J80: Loser M9 | K80: Winner M9 | L80: Winner M17 | M80: Loser M17 | N80: Loser M25 | O80: Winner 25
D81: 4 | H81: Match 1 (0:0) | I81: Match 9 (1:0) | J81: Match 17 (1:1) | K81: Match 21 (2:0) | L81: Match 25 (2:1) | M81: Match 28 (1:2) | N81: Match 31 (2:2) | O81: Match 34 (3:1)
D82: 5 | H82: 16 | I82: Winner M8 | J82: Winer M16 | K82: Winner M12 | L82: Winner M20 | M82: Loser M20 | N82: Winner M30 | O82: Winner 27
D83: 6
D84: 7 | H84: 2 | I84: Winner M2 | J84: Loser M10 | K84: Winner M10 | L84: Loser M21 | M84: Winner M23 | N84: Loser M26 | O84: Winner 26
D85: 8 | H85: Match 2 (0:0) | I85: Match 10 (1:0) | J85: Match 18 (1:1) | K85: Match 22 (2:0) | L85: Match 26 (2:1) | M85: Match 29 (1:2) | N85: Match 32 (2:2) | O85: Match 35 (3:1)
D86: 9 | H86: 15 | I86: Winner M7 | J86: Winer M15 | K86: Winner M11 | L86: Winner M18 | M86: Loser M18 | N86: Winner M29 | O86: Winner 27
D87: 10
D88: 11 | H88: 3 | I88: Winner M3 | J88: Loser M11 | K88: Loser M13 | L88: Loser M22 | M88: Winner M24 | N88: Loser M27 | O88: Winner 26
D89: 12 | H89: Match 3 (0:0) | I89: Match 11 (1:0) | J89: Match 19 (1:1) | K89: Match 23 (0:2) | L89: Match 27 (2:1) | M89: Match 30 (1:2) | N89: Match 33 (2:2) | O89: Match 36 (3:1)
D90: 13 | H90: 14 | I90: Winner M6 | J90: Winer M14 | K90: Loser M16 | L90: Winner M19 | M90: Loser M19 | N90: Winner M28 | O90: Winner 25
D91: 14
D92: 15 | H92: 4 | I92: Winner M4 | J92: Loser M12 | K92: Loser M14
D93: 16 | H93: Match 4 (0:0) | I93: Match 12 (1:0) | J93: Match 20 (1:1) | K93: Match 24 (0:2)
H94: 13 | I94: Winner M5 | J94: Winer M13 | K94: Loser M15
H96: 5 | I96: Loser M1
H97: Match 5 (0:0) | I97: Match 13 (0:1)
H98: 12 | I98: Loser M8
H100: 6 | I100: Loser M2
H101: Match 6 (0:0) | I101: Match 14 (0:1)
H102: 11 | I102: Loser M7
H104: 7 | I104: Loser M3
H105: Match 7 (0:0) | I105: Match 15 (0:1)
H106: 10 | I106: Loser M6
H108: 8 | I108: Loser M4
H109: Match 8 (0:0) | I109: Match 16 (0:1)
H110: 9 | I110: Loser M5
D112: Participants Play-off | G112: Play-off | H112: Info | I112: Day 1 | J112: Day 2 | K112: Day 3 | L112: Day 4
D113: Number | E113: Team | F113: Seed | I113: Match 1 - BO3 | J113: Match 5 - BO5 | K113: Match 9 - BO3 | L113: Match 12 - BO5
D114: 1 | F114: 1 | I114: Match 2 - BO3 | J114: Match 6 - BO5 | K114: Match 10 - BO5 | L114: Match 13 - BO5
D115: 2 | F115: 1 | I115: Match 3 - BO3 | J115: Match 7 - BO3 | K115: Match 11 - BO5 | L115: Match 14 - BO5
D116: 3 | F116: 1 | I116: Match 4 - BO3 | J116: Match 8 - BO3
D117: 4 | F117: 1
D118: 5 | F118: 2
D119: 6 | F119: 2 | H119: Upper Bracket
D120: 7 | F120: 2
D121: 8 | F121: 2 | J121: 1
J122: Match 3 - BO3
J123: 4 | L123: Winner M3
L124: Match 6 - BO5 | M124: Winner M6
J125: 2 | L125: Winner M4
J126: Match 4 - BO3
J127: 3
...

Sheet Schedule | CQ + Playoffs
A1: Teams & Results | E1: Schedule | Closed Qualifier | M1: Schedule | Playoffs
A2: Total Results | E2: 46188 | M2: 46194
A3: Team | B3: Place | C3: Prize | E3: Team 1 | F3: Score | G3: Time | H3: Score | I3: Team 2 | J3: Format | K3: Match | M3: Team 1 | N3: Score | O3: Time | P3: Score | Q3: Team 2 | R3: Bracket | S3: Format | T3: Match
B4: 1 | C4: 1750000 | E4: ='Tournament format'!H31 -> The Soulless Team | F4: ='Matches | CQ + Playoffs'!G73 -> 2 | G4: 0.75 | H4: ='Matches | CQ + Playoffs'!H73 -> 1 | I4: ='Tournament format'!H33 -> Suplex team | J4: Best of 3 | K4: Match 1 | M4: =A23 -> Team Spirit | N4: ='Matches | CQ + Playoffs'!BO83 -> 3 | O4: 0.625 | P4: ='Matches | CQ + Playoffs'!BP83 -> 2 | Q4: =A26 -> FORZE | R4: Upper Semi-final | S4: Best of 5 | T4: Match 1
B5: 2 | C5: 1250000 | E5: ='Tournament format'!H35 -> HARD GRIND | F5: ='Matches | CQ + Playoffs'!G93 -> 2 | G5: 0.8125 | H5: ='Matches | CQ + Playoffs'!H93 -> 0 | I5: ='Tournament format'!H37 -> Dark Phoenix | J5: Best of 3 | K5: Match 2 | M5: =A24 -> Verso Time | N5: ='Matches | CQ + Playoffs'!BO113 -> 3 | O5: 0.6875 | P5: ='Matches | CQ + Playoffs'!BP113 -> 0 | Q5: =A25 -> Virtus.pro | R5: Upper Semi-final | S5: Best of 5 | T5: Match 2
B6: 3 | C6: 750000 | E6: ='Tournament format'!H39 -> TSA White | F6: ='Matches | CQ + Playoffs'!G113 -> 0 | G6: 0.875 | H6: ='Matches | CQ + Playoffs'!H113 -> 2 | I6: ='Tournament format'!H41 -> Omnix | J6: Best of 3 | K6: Match 3 | M6: =A23 -> Team Spirit | N6: ='Matches | CQ + Playoffs'!BO143 -> 1 | O6: 0.75 | P6: ='Matches | CQ + Playoffs'!BP143 -> 3 | Q6: =A24 -> Verso Time | R6: Upper Final | S6: Best of 5 | T6: Match 3
A7: =A25 -> Virtus.pro | B7: 4 | C7: 250000 | E7: ='Tournament format'!H43 -> INVISION | F7: ='Matches | CQ + Playoffs'!G133 -> 1 | G7: 0.9375 | H7: ='Matches | CQ + Playoffs'!H133 -> 2 | I7: ='Tournament format'!H45 -> Aterion Esports | J7: Best of 3 | K7: Match 4 | M7: =A26 -> FORZE | N7: ='Matches | CQ + Playoffs'!BO173 -> 3 | O7: 0.8125 | P7: ='Matches | CQ + Playoffs'!BP173 -> 2 | Q7: =A25 -> Virtus.pro | R7: Lower Semi-Final | S7: Best of 5 | T7: Match 4
A8: =I22 -> Team Yandex | B8: 46148 | E8: 46189 | M8: 46256
A9: =I27 -> CYBERHERO | B9: 46148 | E9: Team 1 | F9: Score | G9: Time | H9: Score | I9: Team 2 | J9: Format | K9: Match | M9: Team 1 | N9: Score | O9: Time | P9: Score | Q9: Team 2 | R9: Bracket | S9: Format | T9: Match
A10: =E24 -> Aura Farmers | B10: 46211 | E10: ='Tournament format'!I31 -> FORZE | F10: ='Matches | CQ + Playoffs'!S73 -> 2 | G10: 0.75 | H10: ='Matches | CQ + Playoffs'!T73 -> 0 | I10: =E4 -> The Soulless Team | J10: Best of 3 | K10: Match 5 | M10: =A23 -> Team Spirit | N10: 0 | P10: 0 | Q10: =M7 -> FORZE | R10: Lower Final | S10: Best of 5 | T10: Match 5
A11: =I23 -> Omnix | B11: 46211 | E11: ='Tournament format'!I35 -> CYBERHERO | F11: ='Matches | CQ + Playoffs'!S93 -> 2 | G11: 0.8125 | H11: ='Matches | CQ + Playoffs'!T93 -> 0 | I11: =E5 -> HARD GRIND | J11: Best of 3 | K11: Match 6 | M11: =A24 -> Verso Time | N11: 0 | P11: 0 | R11: Grand-Final | S11: Best of 7 | T11: Match 6
A12: =I13 -> Aterion Esports | B12: 46277 | E12: ='Tournament format'!I39 -> Magic | F12: ='Matches | CQ + Playoffs'!S113 -> 0 | G12: 0.875 | H12: ='Matches | CQ + Playoffs'!T113 -> 2 | I12: =I6 -> Omnix | J12: Best of 3 | K12: Match 7
A13: =E12 -> Magic | B13: 46277 | E13: ='Tournament format'!I43 -> Aura Farmers | F13: ='Matches | CQ + Playoffs'!S133 -> 2 | G13: 0.9375 | H13: ='Matches | CQ + Playoffs'!T133 -> 1 | I13: =I7 -> Aterion Esports | J13: Best of 3 | K13: Match 8
A14: =I11 -> HARD GRIND | B14: 46277 | E14: 46190
A15: =I10 -> The Soulless Team | B15: 46277 | E15: Team 1 | F15: Score | G15: Time | H15: Score | I15: Team 2 | J15: Format | K15: Match
A16: =E7 -> INVISION | B16: 13-16 | E16: =E10 -> FORZE | F16: ='Matches | CQ + Playoffs'!AE73 -> 0 | G16: 0.75 | H16: ='Matches | CQ + Playoffs'!AF73 -> 2 | I16: =E11 -> CYBERHERO | J16: Best of 3 | K16: Match 9
A17: =E6 -> TSA White | B17: 13-16 | E17: =I12 -> Omnix | F17: ='Matches | CQ + Playoffs'!AE93 -> 2 | G17: 0.8125 | H17: ='Matches | CQ + Playoffs'!AF93 -> 0 | I17: =E13 -> Aura Farmers | J17: Best of 3 | K17: Match 10
A18: =I5 -> Dark Phoenix | B18: 13-16 | E18: ='Tournament format'!K33 -> Virtus.pro | F18: ='Matches | CQ + Playoffs'!AE113 -> 2 | G18: 0.875 | H18: ='Matches | CQ + Playoffs'!AF113 -> 0 | I18: =I16 -> CYBERHERO | J18: Best of 3 | K18: Match 11
A19: =I4 -> Suplex team | B19: 13-16 | E19: ='Tournament format'!K41 -> Team Yandex | F19: ='Matches | CQ + Playoffs'!AE133 -> 2 | G19: 0.9375 | H19: ='Matches | CQ + Playoffs'!AF133 -> 1 | I19: =I12 -> Omnix | J19: Best of 3 | K19: Match 12
E20: 46191
A21: Playoffs Teams | E21: Team 1 | F21: Score | G21: Time | H21: Score | I21: Team 2 | J21: Format | K21: Match
A22: Team name | B22: Position | E22: =E18 -> Virtus.pro | F22: ='Matches | CQ + Playoffs'!AQ83 -> 3 | G22: 0.66666667 | H22: ='Matches | CQ + Playoffs'!AR83 -> 2 | I22: =E19 -> Team Yandex | J22: Best of 5 | K22: Match 13
A23: ='Tournament format'!D59 -> Team Spirit | B23: 1 | E23: =E16 -> FORZE | F23: ='Matches | CQ + Playoffs'!AQ113 -> 3 | G23: 0.72916667 | H23: ='Matches | CQ + Playoffs'!AR113 -> 2 | I23: =I19 -> Omnix | J23: Best of 5 | K23: Match 14
A24: ='Tournament format'!D60 -> Verso Time | B24: 2 | E24: =I17 -> Aura Farmers | F24: ='Matches | CQ + Playoffs'!AQ143 -> 1 | G24: 0.79166667 | H24: ='Matches | CQ + Playoffs'!AR143 -> 3 | I24: =I18 -> CYBERHERO | J24: Best of 5 | K24: Match 15
A25: ='Tournament format'!D61 -> Virtus.pro | B25: 3 | E25: 46192
A26: ='Tournament format'!D62 -> FORZE | B26: 4 | E26: Team 1 | F26: Score | G26: Time | H26: Score | I26: Team 2 | J26: Format | K26: Match
E27: =E23 -> FORZE | F27: ='Matches | CQ + Playoffs'!BC83 -> 3 | G27: 0.66666667 | H27: ='Matches | CQ + Playoffs'!BD83 -> 2 | I27: =I24 -> CYBERHERO | J27: Best of 5 | K27: Match 16
A28: Closed Qualifier Teams | E28: =I22 -> Team Yandex | F28: ='Matches | CQ + Playoffs'!BC123 -> 2 | G28: 0.72916667 | H28: ='Matches | CQ + Playoffs'!BD123 -> 4 | I28: =E27 -> FORZE | J28: Best of 7 | K28: Match 17
A29: ='Tournament format'!D28 -> Team name | B29: ='Tournament format'!E28 -> Team standings | C29: ='Tournament format'!F28 -> Position
A30: ='Tournament format'!D29 -> Virtus.pro | B30: ='Tournament format'!E29 -> 3rd of Division 1 | C30: ='Tournament format'!F29 -> Tier 1
A31: ='Tournament format'!D30 -> Team Yandex | B31: ='Tournament format'!E30 -> 4th of Division 1 | C31: ='Tournament format'!F30 -> Tier 1
A32: ='Tournament format'!D31 -> FORZE | B32: ='Tournament format'!E31 -> 5th of Division 1 | C32: ='Tournament format'!F31 -> Tier 2
A33: ='Tournament format'!D32 -> CYBERHERO | B33: ='Tournament format'!E32 -> 6th of Division 1 | C33: ='Tournament format'!F32 -> Tier 2
A34: ='Tournament format'!D33 -> Magic | B34: ='Tournament format'!E33 -> 7th of Division 1 | C34: ='Tournament format'!F33 -> Tier 2
A35: ='Tournament format'!D34 -> Aura Farmers | B35: ='Tournament format'!E34 -> 8th of Division 1 | C35: ='Tournament format'!F34 -> Tier 2
A36: ='Tournament format'!D35 -> The Soulless Team | B36: ='Tournament format'!E35 -> 1st of Division 2 | C36: ='Tournament format'!F35 -> Tier 3
A37: ='Tournament format'!D36 -> HARD GRIND | B37: ='Tournament format'!E36 -> 2nd of Division 2 | C37: ='Tournament format'!F36 -> Tier 3
A38: ='Tournament format'!D37 -> TSA White | B38: ='Tournament format'!E37 -> 3rd of Division 2 | C38: ='Tournament format'!F37 -> Tier 3
A39: ='Tournament format'!D38 -> INVISION | B39: ='Tournament format'!E38 -> 4th of Division 2 | C39: ='Tournament format'!F38 -> Tier 3
A40: ='Tournament format'!D39 -> Aterion Esports | B40: ='Tournament format'!E39 -> 5th of Division 2 | C40: ='Tournament format'!F39 -> Tier 3
... A43: ='Tournament format'!D42 -> Suplex team | B43: ='Tournament format'!E42 -> 8th of Division 2 | C43: ='Tournament format'!F42 -> Tier 3

Sheet Matches | CQ + Playoffs
B1: CLOSED QUALIFIER BRACKET
B4: Match 1 | C4: ='Schedule | CQ + Playoffs'!J4 -> Best of 3 | G4: Match 5 | H4: ='Schedule | CQ + Playoffs'!J10 -> Best of 3
B5: ='Schedule | CQ + Playoffs'!E2 -> 46188 | C5: ='Schedule | CQ + Playoffs'!E4 -> The Soulless Team | D5: Winner | E5: Loser | G5: ='Schedule | CQ + Playoffs'!E8 -> 46189 | H5: ='Schedule | CQ + Playoffs'!E10 -> FORZE | I5: Winner | J5: Loser
B6: ='Schedule | CQ + Playoffs'!G4 -> 0.75 | C6: ='Schedule | CQ + Playoffs'!I4 -> Suplex team | E6: =A27 | G6: ='Schedule | CQ + Playoffs'!G10 -> 0.75 | H6: Winner of M1 | J6: =F27 | L6: Match 9 | M6: ='Schedule | CQ + Playoffs'!J16 -> Best of 3 | Q6: Match 11 | R6: ='Schedule | CQ + Playoffs'!J18 -> Best of 3
L7: ='Schedule | CQ + Playoffs'!E14 -> 46190 | M7: Winner of M5 | N7: Winner | O7: Loser | Q7: ='Schedule | CQ + Playoffs'!E14 -> 46190 | R7: 3rd of Division 1 | S7: Winner | T7: Loser
B8: Match 2 | C8: ='Schedule | CQ + Playoffs'!J5 -> Best of 3 | G8: Match 6 | H8: ='Schedule | CQ + Playoffs'!J11 -> Best of 3 | L8: ='Schedule | CQ + Playoffs'!G16 -> 0.75 | M8: Winner of M6 | O8: =K29 | Q8: ='Schedule | CQ + Playoffs'!G18 -> 0.875 | R8: Winner of M9
B9: ='Schedule | CQ + Playoffs'!E2 -> 46188 | C9: ='Schedule | CQ + Playoffs'!E5 -> HARD GRIND | D9: Winner | E9: Loser | G9: ='Schedule | CQ + Playoffs'!E8 -> 46189 | H9: ='Schedule | CQ + Playoffs'!E11 -> CYBERHERO | I9: Winner | J9: Loser
B10: ='Schedule | CQ + Playoffs'!G5 -> 0.8125 | C10: ='Schedule | CQ + Playoffs'!I5 -> Dark Phoenix | E10: =A32 | G10: ='Schedule | CQ + Playoffs'!G11 -> 0.8125 | H10: Winner of M2 | J10: =F32 | V10: Match 13 | W10: ='Schedule | CQ + Playoffs'!J22 -> Best of 5
V11: ='Schedule | CQ + Playoffs'!E20 -> 46191 | W11: Wineer of M11 | X11: Winner | Y11: Loser
B12: Match 3 | C12: ='Schedule | CQ + Playoffs'!J6 -> Best of 3 | G12: Match 7 | H12: ='Schedule | CQ + Playoffs'!J12 -> Best of 3 | V12: ='Schedule | CQ + Playoffs'!G22 -> 0.66666667 | W12: Winner of M12
B13: ='Schedule | CQ + Playoffs'!E2 -> 46188 | C13: ='Schedule | CQ + Playoffs'!E6 -> TSA White | D13: Winner | E13: Loser | G13: ='Schedule | CQ + Playoffs'!E8 -> 46189 | H13: ='Schedule | CQ + Playoffs'!E12 -> Magic | I13: Winner | J13: Loser
B14: ='Schedule | CQ + Playoffs'!G6 -> 0.875 | C14: ='Schedule | CQ + Playoffs'!I6 -> Omnix | G14: ='Schedule | CQ + Playoffs'!G12 -> 0.875 | H14: Winner of M3 | L14: Match 10 | M14: ='Schedule | CQ + Playoffs'!J17 -> Best of 3 | Q14: Match 12 | R14: ='Schedule | CQ + Playoffs'!J19 -> Best of 3
L15: ='Schedule | CQ + Playoffs'!E14 -> 46190 | M15: Winner of M7 | N15: Winner | O15: Loser | Q15: ='Schedule | CQ + Playoffs'!E14 -> 46190 | R15: 4th of Division 1 | S15: Winner | T15: Loser
B16: Match 4 | C16: ='Schedule | CQ + Playoffs'!J7 -> Best of 3 | G16: Match 8 | H16: ='Schedule | CQ + Playoffs'!J13 -> Best of 3 | L16: ='Schedule | CQ + Playoffs'!G17 -> 0.8125 | M16: Winner of M8 | Q16: ='Schedule | CQ + Playoffs'!G19 -> 0.9375 | R16: Winner of M10
B17: ='Schedule | CQ + Playoffs'!E2 -> 46188 | C17: ='Schedule | CQ + Playoffs'!E7 -> INVISION | D17: Winner | E17: Loser | G17: ='Schedule | CQ + Playoffs'!E8 -> 46189 | H17: ='Schedule | CQ + Playoffs'!E13 -> Aura Farmers | I17: Winner | J17: Loser
B18: ='Schedule | CQ + Playoffs'!G7 -> 0.9375 | C18: ='Schedule | CQ + Playoffs'!I7 -> Aterion Esports | G18: ='Schedule | CQ + Playoffs'!G13 -> 0.9375 | H18: Winner of M4
Q23: Match 14 | R23: ='Schedule | CQ + Playoffs'!J23 -> Best of 5
Q24: ='Schedule | CQ + Playoffs'!E20 -> 46191 | R24: Loser of M12 | S24: Winner | T24: Loser
Q25: ='Schedule | CQ + Playoffs'!G23 -> 0.72916667 | R25: Loser of M9 | V25: Match 16 | W25: ='Schedule | CQ + Playoffs'!J27 -> Best of 5 | AA25: Match 17 | AB25: ='Schedule | CQ + Playoffs'!J28 -> Best of 7
V26: ='Schedule | CQ + Playoffs'!E25 -> 46192 | W26: Winner of M14 | X26: Winner | Y26: Loser | AA26: ='Schedule | CQ + Playoffs'!E25 -> 46192 | AB26: Loser of M13 | AC26: Winner | AD26: Loser
Q27: Match 15 | R27: ='Schedule | CQ + Playoffs'!J24 -> Best of 5 | V27: ='Schedule | CQ + Playoffs'!G27 -> 0.66666667 | W27: Winner of M15 | AA27: ='Schedule | CQ + Playoffs'!G28 -> 0.72916667 | AB27: Winner of M16 | AD27: =Z187
Q28: ='Schedule | CQ + Playoffs'!E20 -> 46191 | R28: Loser of M11 | S28: Winner | T28: Loser
Q29: ='Schedule | CQ + Playoffs'!G24 -> 0.79166667 | R29: Loser of M10
B32: FINALS BRACKET
B35: Match 1 | C35: ='Schedule | CQ + Playoffs'!S4 -> Best of 5
B36: ='Schedule | CQ + Playoffs'!M2 -> 46194 | C36: ='Schedule | CQ + Playoffs'!M4 -> Team Spirit | D36: Winner | E36: Loser
B37: ='Schedule | CQ + Playoffs'!O4 -> 0.625 | E37: =A59 | G37: Match 3 | H37: ='Schedule | CQ + Playoffs'!S6 -> Best of 5 | Q37: Match 6 | R37: ='Schedule | CQ + Playoffs'!S11 -> Best of 7
G38: ='Schedule | CQ + Playoffs'!M2 -> 46194 | I38: Winner | J38: Loser | Q38: ='Schedule | CQ + Playoffs'!M8 -> 46256 | S38: Winner | T38: Loser
B39: Match 2 | C39: ='Schedule | CQ + Playoffs'!S5 -> Best of 5 | G39: ='Schedule | CQ + Playoffs'!O6 -> 0.75 | J39: =F61 | Q39: ='Schedule | CQ + Playoffs'!O11
B40: ='Schedule | CQ + Playoffs'!M2 -> 46194 | C40: ='Schedule | CQ + Playoffs'!M5 -> Verso Time | D40: Winner | E40: Loser
B41: ='Schedule | CQ + Playoffs'!O5 -> 0.6875 | E41: =A63
G46: Match 4 | H46: ='Schedule | CQ + Playoffs'!S7 -> Best of 5 | L46: Match 5 | M46: ='Schedule | CQ + Playoffs'!S10 -> Best of 5
G47: ='Schedule | CQ + Playoffs'!M2 -> 46194 | I47: Winner | J47: Loser | L47: ='Schedule | CQ + Playoffs'!M8 -> 46256 | N47: Winner | O47: Loser
G48: ='Schedule | CQ + Playoffs'!O7 -> 0.8125 | J48: =F68 -> Blue | L48: ='Schedule | CQ + Playoffs'!O10
B51: MATCHES RESULTS
G53: ='Schedule | CQ + Playoffs'!E2 -> 46188 | S53: ='Schedule | CQ + Playoffs'!E8 -> 46189 | AE53: ='Schedule | CQ + Playoffs'!E14 -> 46190 | AQ53: ='Schedule | CQ + Playoffs'!E20 -> 46191 | BC53: ='Schedule | CQ + Playoffs'!E25 -> 46192 | BO53: ='Schedule | CQ + Playoffs'!M2 -> 46194 | CA53: ='Schedule | CQ + Playoffs'!M8 -> 46256
B55: ='Schedule | CQ + Playoffs'!E4 -> The Soulless Team | G55: ='Schedule | CQ + Playoffs'!K4 -> Match 1 | I55: ='Schedule | CQ + Playoffs'!I4 -> Suplex team | N55: ='Schedule | CQ + Playoffs'!E10 -> FORZE | S55: ='Schedule | CQ + Playoffs'!K10 -> Match 5 | U55: ='Schedule | CQ + Playoffs'!I10 -> The Soulless Team | Z55: ='Schedule | CQ + Playoffs'!E16 -> FORZE | AE55: ='Schedule | CQ + Playoffs'!AJ4 | AG55: ='Schedule | CQ + Playoffs'!I16 -> CYBERHERO | AL55: Virtus.pro | AQ55: ='Schedule | CQ + Playoffs'!AV4 | AS55: Team Yandex | AX55: FORZE | BC55: ='Schedule | CQ + Playoffs'!BH4 | BE55: CYBERHERO | BJ55: ='Schedule | CQ + Playoffs'!M4 -> Team Spirit | BO55: ='Schedule | CQ + Playoffs'!T4 -> Match 1 | BQ55: ='Schedule | CQ + Playoffs'!Q4 -> FORZE | BV55: ='Schedule | CQ + Playoffs'!BN4 | CA55: ='Schedule | CQ + Playoffs'!BT4 | CC55: ='Schedule | CQ + Playoffs'!BR4
B57: Map | C57: Ban Team 1 | D57: Players Team 1 | E57: Pick Team 1 | F57: Side | G57: Score | I57: Side | J57: Pick Team 2 | K57: Players Team 2 | L57: Ban Team 2 | N57: Map | O57: Ban Team 1 | P57: Players Team 1 | Q57: Pick Team 1 | R57: Side | S57: Score | U57: Side | V57: Pick Team 2 | W57: Players Team 2 | X57: Ban Team 2 | Z57: Map | AA57: Ban Team 1 | AB57: Players Team 1 | AC57: Pick Team 1 | AD57: Side | AE57: Score | AG57: Side | AH57: Pick Team 2 | AI57: Players Team 2 | AJ57: Ban Team 2 | AL57: Map | AM57: Ban Team 1 | AN57: Players Team 1 | AO57: Pick Team 1 | AP57: Side | AQ57: Score | AS57: Side | AT57: Pick Team 2 | AU57: Players Team 2 | AV57: Ban Team 2 | AX57: Map | AY57: Ban Team 1 | AZ57: Players Team 1 | BA57: Pick Team 1 | BB57: Side | BC57: Score | BE57: Side | BF57: Pick Team 2 | BG57: Players Team 2 | BH57: Ban Team 2 | BJ57: Map | BK57: Ban Team 1 | BL57: Players Team 1 | BM57: Pick Team 1 | BN57: Side | BO57: Score | BQ57: Side | BR57: Pick Team 2 | BS57: Players Team 2 | BT57: Ban Team 2 | BV57: Map | BW57: Ban Team 1 | BX57: Players Team 1 | BY57: Pick Team 1 | BZ57: Side | CA57: Score | CC57: Side | CD57: Pick Team 2 | CE57: Players Team 2 | CF57: Ban Team 2
B58: 1 | C58: Phoveus | D58: Hamster | E58: Harley | F58: Blue | G58: W | H58: L | I58: Red | J58: Hilda | K58: Quko_QQ | L58: Marcel | N58: 1 | O58: Guinevere | P58: Maniak | Q58: Freya | R58: Blue | S58: W | T58: L | U58: Red | V58: Harith | W58: Hamster | X58: Gusion | Z58: 1 | AA58: Guinevere | AB58: Repa | AC58: Baxia | AD58: Blue | AE58: L | AF58: W | AG58: Red | AH58: Atlas | AI58: Super Yoshi | AJ58: Fanny | AL58: 1 | AM58: Phoveus | AN58: Marl | AO58: Harley | AP58: Blue | AQ58: W | AR58: L | AS58: Red | AT58: Harith | AU58: Dont | AV58: Baxia | AX58: 1 | AY58: Yve | AZ58: ShowMe | BA58: Marcel | BB58: Blue | BC58: W | BD58: L | BE58: Red | BF58: Harith | BG58: Ptenchik | BH58: Fanny | BJ58: 1 | BK58: Yve | BL58: Kidbomba | BM58: Paquito | BN58: Blue | BO58: W | BP58: L | BQ58: Red | BR58: Marcel | BS58: ShowMe | BT58: Zhuxin | BV58: 1
C59: Leomord | D59: Darl | E59: Yve | J59: Paquito | K59: honored one | L59: Zhuxin | O59: Baxia | P59: Repa | Q59: Fanny | V59: Gord | W59: Darl | X59: Helcurt | AA59: Terizla | AB59: Avilio. | AC59: Harith | AH59: Yve | AI59: Solitude | AJ59: Marcel | AM59: Guinevere | AN59: Bober | AO59: Valentina | AT59: Freya | AU59: gxn1us | AV59: Zhuxin | AY59: Phoveus | AZ59: Maniak | BA59: Benedetta | BF59: Paquito | BG59: Marbon | BH59: Freya | BK59: Phoveus | BL59: zaur egoist | BM59: Akai | BR59: Baxia | BS59: Repa | BT59: Freya
C60: Baxia | D60: Shiba. | E60: Esmeralda | J60: Guinevere | K60: Klansy | L60: Freya | O60: Phoveus | P60: ShowMe | Q60: Hylos | V60: Alice | W60: Shiba. | X60: Paquito | AA60: Paquito | AB60: Maniak | AC60: Ruby | AH60: Harley | AI60: Hadess | AJ60: Freya | AM60: Marcel | AN60: BadKot | AO60: Ruby | AT60: Leomord | AU60: Mashiro | AV60: Akai | AY60: Atlas | AZ60: Repa | BA60: Baxia | BF60: Leomord | BG60: Hadess | BH60: Zhuxin | BK60: Fanny | BL60: SunsetLover | BM60: Gord | BR60: Benedetta | BS60: Maniak | BT60: Arlott
C61: Kalea | D61: Wojak | E61: Wanwan | J61: Valentina | K61: 戏Riddle | L61: Sora | O61: Yu Zhong | P61: Avilio. | Q61: Granger | V61: Kaja | W61: Wojak | X61: Claude | AA61: Yu Zhong | AB61: Reaper | AC61: Selena | AH61: Bruno | AI61: Ptenchik | AJ61: Valentina | AM61: Kalea | AN61: Fangor | AO61: Atlas | AT61: Belerick | AU61: Loveeeely | AV61: Hylos | AY61: Gloo | AZ61: Reaper | BA61: Gord | BF61: Valentina | BG61: Solitude | BH61: Karrie | BK61: Valir | BL61: Hiko | BM61: Karrie | BR61: Claude | BS61: Avilio. | BT61: Atlas
C62: Zetian | D62: Bеrt | E62: Khaleed | J62: Harith | K62: DiZzer | L62: Alice | O62: Zhuxin | P62: Reaper | Q62: Valentina | V62: Leomord | W62: Bеrt | X62: Yve | AA62: Lapu-Lapu | AB62: ShowMe | AC62: Kalea | AH62: X.Borg | AI62: Marbon | AJ62: Khaleed | AM62: Hilda | AN62: superegorka | AO62: Karrie | AT62: Yve | AU62: Troublemaker | AV62: Kaja | AY62: Chou | AZ62: Avilio. | BA62: Claude | BF62: Grock | BG62: Super Yoshi | BH62: Bruno | BK62: Valentina | BL62: SAWO | BM62: Mathilda | BR62: Zetian | BS62: Reaper | BT62: Hilda
B63: 2 | C63: Phoveus | D63: Hamster | E63: Yve | F63: Blue | G63: L | H63: W | I63: Red | J63: Yu Zhong | K63: honored one | L63: Marcel | N63: 2 | O63: Freya | P63: ShowMe | Q63: Marcel | R63: Red | S63: W | T63: L | U63: Blue | V63: Paquito | W63: Shiba. | X63: Kalea | Z63: 2 | AA63: Yve | AB63: Reaper | AC63: Valentina | AD63: Red | AE63: L | AF63: W | AG63: Blue | AH63: Marcel | AI63: Super Yoshi | AJ63: Fanny | AL63: 2 | AM63: Baxia | AN63: Marl | AO63: Guinevere | AP63: Red | AQ63: L | AR63: W | AS63: Blue | AT63: Zhuxin | AU63: Troublemaker | AV63: Phoveus | AX63: 2 | AY63: Yve | AZ63: ShowMe | BA63: Marcel | BB63: Blue | BC63: W | BD63: L | BE63: Red | BF63: Harith | BG63: Ptenchik | BH63: Fanny | BJ63: 2 | BK63: Yve | BL63: Kidbomba | BM63: Paquito | BN63: Blue | BO63: L | BP63: W | BQ63: Red | BR63: Benedetta | BS63: Maniak | BT63: Freya | BV63: 2
C64: Paquito | D64: Darl | E64: Badang | J64: Harith | K64: DiZzer | L64: Zhuxin | O64: Kaja | P64: Avilio. | Q64: Harith | V64: Hilda | W64: Wojak | X64: Guinevere | AA64: Freya | AB64: Avilio. | AC64: Harith | AH64: Bruno | AI64: Ptenchik | AJ64: Phoveus | AM64: Harley | AN64: BadKot | AO64: Freya | AT64: Atlas | AU64: Loveeeely | AV64: Akai | AY64: Phoveus | AZ64: Maniak | BA64: Benedetta | BF64: Paquito | BG64: Marbon | BH64: Freya | BK64: Phoveus | BL64: zaur egoist | BM64: Akai | BR64: Baxia | BS64: Repa | BT64: Zhuxin
C65: Kalea | D65: Shiba. | E65: Hylos | J65: Suyou | K65: Klansy | L65: Freya | O65: Baxia | P65: Repa | Q65: Suyou | V65: Leomord | W65: Bеrt | X65: Phoveus | AA65: Paquito | AB65: ShowMe | AC65: Khaleed | AH65: Guinevere | AI65: Hadess | AJ65: Helcurt | AM65: Valentina | AN65: Fangor | AO65: Marcel | AT65: Yu Zhong | AU65: gxn1us | AV65: Yve | AY65: Atlas | AZ65: Repa | BA65: Baxia | BF65: Chou | BG65: Super Yoshi | BH65: Zhuxin | BK65: Fanny | BL65: SAWO | BM65: Mathilda | BR65: Marcel | BS65: ShowMe | BT65: Atlas
C66: Zetian | D66: Wojak | E66: Moskov | J66: Valentina | K66: 戏Riddle | L66: Granger | O66: Gord | P66: Reaper | Q66: Odette | V66: Valentina | W66: Darl | X66: Sora | AA66: Arlott | AB66: Maniak | AC66: Lapu-Lapu | AH66: Ruby | AI66: Marbon | AJ66: Harley | AM66: Karrie | AN66: superegorka | AO66: Moskov | AT66: Leomord | AU66: Mashiro | AV66: Gord | AY66: Nolan | AZ66: Reaper | BA66: Gord | BF66: Valentina | BG66: Solitude | BH66: Bruno | BK66: Hilda | BL66: Hiko | BM66: Claude | BR66: Karrie | BS66: Avilio. | BT66: Pharsa
C67: Kaja | D67: Bеrt | E67: Fanny | J67: Grock | K67: Quko_QQ | L67: Wanwan | O67: Yve | P67: Maniak | Q67: Lapu-Lapu | V67: Wanwan | W67: Hamster | X67: Zhuxin | AA67: Gord | AB67: Repa | AC67: Suyou | AH67: Kimmy | AI67: Solitude | AJ67: Baxia | AM67: Harith | AN67: Bober | AO67: Zetian | AT67: Claude | AU67: Dont | AV67: Valir | AY67: Akai | AZ67: Avilio. | BA67: Claude | BF67: Suyou | BG67: Hadess | BH67: Karrie | BK67: Badang | BL67: SunsetLover | BM67: Luo Yi | BR67: Gord | BS67: Reaper | BT67: Valentina
B68: 3 | C68: Paquito | D68: Hamster | E68: Harith | F68: Blue | G68: W | H68: L | I68: Red | J68: Phoveus | K68: honored one | L68: Freya | N68: 3 | Z68: 3 | AL68: 3 | AM68: Baxia | AN68: Marl | AO68: Guinevere | AP68: Red | AQ68: W | AR68: L | AS68: Blue | AT68: Zhuxin | AU68: Troublemaker | AV68: Phoveus | AX68: 3 | AY68: Freya | AZ68: ShowMe | BA68: Atlas | BB68: Red | BC68: L | BD68: W | BE68: Blue | BF68: Harley | BG68: Hadess | BH68: Phoveus | BJ68: 3 | BK68: Phoveus | BL68: zaur egoist | BM68: Baxia | BN68: Blue | BO68: W | BP68: L | BQ68: Red | BR68: Yu Zhong | BS68: Maniak | BT68: Freya | BV68: 3
C69: Kalea | D69: Darl | E69: Cecilion | J69: Harley | K69: Klansy | L69: Marcel | AM69: Harley | AN69: BadKot | AO69: Freya | AT69: Atlas | AU69: Loveeeely | AV69: Akai | AY69: Marcel | AZ69: Maniak | BA69: Paquito | BF69: Zhuxin | BG69: Solitude | BH69: Fanny | BK69: Paquito | BL69: SunsetLover | BM69: Yve | BR69: Gord | BS69: Reaper | BT69: Zhuxin
C70: Baxia | D70: Shiba. | E70: Uranus | J70: Karrie | K70: DiZzer | L70: Zhuxin | AM70: Valentina | AN70: Fangor | AO70: Marcel | AT70: Yu Zhong | AU70: gxn1us | AV70: Yve | AY70: Yve | AZ70: Reaper | BA70: Valentina | BF70: Hylos | BG70: Super Yoshi | BH70: Baxia | BK70: Fanny | BL70: SAWO | BM70: Marcel | BR70: Atlas | BS70: ShowMe | BT70: Harley
C71: Valentina | D71: Wojak | E71: Carmilla | J71: Atlas | K71: Quko_QQ | L71: Chip | AM71: Leomord | AN71: superegorka | AO71: Karrie | AT71: Yi Sun-Shin | AU71: Mashiro | AV71: Valir | AY71: Sora | AZ71: Avilio. | BA71: Moskov | BF71: Bruno | BG71: Ptenchik | BH71: Akai | BK71: Leomord | BL71: Hiko | BM71: Harith | BR71: Claude | BS71: Avilio. | BT71: Sora
C72: Zetian | D72: Bеrt | E72: Leomord | J72: Gord | K72: 戏Riddle | L72: Hilda | AM72: Harith | AN72: Bober | AO72: Kimmy | AT72: Granger | AU72: Dont | AV72: Gord | AY72: Arlott | AZ72: Repa | BA72: Suyou | BF72: Terizla | BG72: Marbon | BH72: Guinevere | BK72: Guinevere | BL72: Kidbomba | BM72: Benedetta | BR72: Suyou | BS72: Repa | BT72: Lapu-Lapu
G73: =COUNTIF(G58:G72, "W") -> 2 | H73: =COUNTIF(H58:H72, "W") -> 1 | S73: =COUNTIF(S58:S72, "W") -> 2 | T73: =COUNTIF(T58:T72, "W") -> 0 | AE73: =COUNTIF(AE58:AE72, "W") -> 0 | AF73: =COUNTIF(AF58:AF72, "W") -> 2 | AL73: 4 | AM73: Baxia | AN73: Marl | AO73: Leomord | AP73: Red | AQ73: L | AR73: W | AS73: Blue | AT73: Zhuxin | AU73: Troublemaker | AV73: Phoveus | AX73: 4 | AY73: Yve | AZ73: Reaper | BA73: Zhuxin | BB73: Blue | BC73: L | BD73: W | BE73: Red | BF73: Harith | BG73: Ptenchik | BH73: Freya | BJ73: 4 | BK73: Fanny | BL73: Kidbomba | BM73: Phoveus | BN73: Blue | BO73: L | BP73: W | BQ73: Red | BR73: Atlas | BS73: ShowMe | BT73: Zhuxin | CA73: =COUNTIF(CA58:CA72, "W") -> 0 | CB73: =COUNTIF(CB58:CB72, "W") -> 0
AM74: Harley | AN74: BadKot | AO74: Freya | AT74: Fredrinn | AU74: Mashiro | AV74: Akai | AY74: Harley | AZ74: ShowMe | BA74: Atlas | BF74: Baxia | BG74: Hadess | BH74: Marcel | BK74: Paquito | BL74: SunsetLover | BM74: Valentina | BR74: Yve | BS74: Reaper | BT74: Freya
B75: ='Schedule | CQ + Playoffs'!E5 -> HARD GRIND | G75: ='Schedule | CQ + Playoffs'!K5 -> Match 2 | I75: ='Schedule | CQ + Playoffs'!I5 -> Dark Phoenix | N75: ='Schedule | CQ + Playoffs'!E11 -> CYBERHERO | S75: ='Schedule | CQ + Playoffs'!K11 -> Match 6 | U75: ='Schedule | CQ + Playoffs'!I11 -> HARD GRIND | Z75: ='Schedule | CQ + Playoffs'!E17 -> Omnix | AE75: ='Schedule | CQ + Playoffs'!AJ5 | AG75: ='Schedule | CQ + Playoffs'!I17 -> Aura Farmers | AM75: Guinevere | AN75: Bober | AO75: Yve | AT75: Paquito | AU75: gxn1us | AV75: Marcel | AY75: Paquito | AZ75: Repa | BA75: Balmond | BF75: Yu Zhong | BG75: Marbon | BH75: Fanny | BK75: Marcel | BL75: SAWO | BM75: Belerick | BR75: Balmond | BS75: Repa | BT75: Baxia
AM76: Harith | AN76: Fangor | AO76: Hylos | AT76: Chou | AU76: Loveeeely | AV76: Atlas | AY76: Chou | AZ76: Maniak | BA76: Lapu-Lapu | BF76: Gord | BG76: Solitude | BH76: Karrie | BK76: Karrie | BL76: Hiko | BM76: Claude | BR76: Harith | BS76: Avilio. | BT76: Harley
B77: Map | C77: Ban Team 1 | D77: Players Team 1 | E77: Pick Team 1 | F77: Side | G77: Score | I77: Side | J77: Pick Team 2 | K77: Players Team 2 | L77: Ban Team 2 | N77: Map | O77: Ban Team 1 | P77: Players Team 1 | Q77: Pick Team 1 | R77: Side | S77: Score | U77: Side | V77: Pick Team 2 | W77: Players Team 2 | X77: Ban Team 2 | Z77: Map | AA77: Ban Team 1 | AB77: Players Team 1 | AC77: Pick Team 1 | AD77: Side | AE77: Score | AG77: Side | AH77: Pick Team 2 | AI77: Players Team 2 | AJ77: Ban Team 2 | AM77: Kalea | AN77: superegorka | AO77: Clint | AT77: Claude | AU77: Dont | AV77: Karrie | AY77: Khaleed | AZ77: Avilio. | BA77: Granger | BF77: Mathilda | BG77: Super Yoshi | BH77: Claude | BK77: Yu Zhong | BL77: zaur egoist | BM77: Saber | BR77: Terizla | BS77: Maniak | BT77: Hanzo
B78: 1 | C78: Kalea | D78: BUBLIKKK X ROAM | E78: Gatotkaca | F78: Blue | G78: W | H78: L | I78: Red | J78: Suyou | K78: alimm no9 | L78: Marcel | N78: 1 | O78: Phoveus | P78: Hadess | Q78: Harley | R78: Blue | S78: W | T78: L | U78: Red | V78: Zhuxin | W78: Vermishelius | X78: Marcel | Z78: 1 | AA78: Phoveus | AB78: Reverend Dead | AC78: Harith | AD78: Blue | AE78: W | AF78: L | AG78: Red | AH78: Zhuxin | AI78: Twizy | AJ78: Marcel | AL78: 5 | AM78: Phoveus | AN78: BadKot | AO78: Freya | AP78: Blue | AQ78: W | AR78: L | AS78: Red | AT78: Valentina | AU78: Troublemaker | AV78: Baxia | AX78: 5 | AZ78: Repa | BA78: Baxia | BB78: Blue | BC78: W | BD78: L | BE78: Red | BF78: Atlas | BG78: Super Yoshi | BH78: Freya | BJ78: 5 | BK78: Paquito | BL78: SAWO | BM78: Marcel | BN78: Blue | BO78: W | BP78: L | BQ78: Red | BR78: Baxia | BS78: Repa | BT78: Zhuxin
C79: Yve | D79: cпокойствие | E79: Harith | J79: Gord | K79: Entropic | L79: Phoveus | O79: Baxia | P79: Marbon | Q79: Hilda | V79: Harith | W79: cпокойствие | X79: Freya | AA79: Fanny | AB79: Kidd吸われた | AC79: Paquito | AH79: Freya | AI79: Summer | AJ79: Benedetta | AM79: Guinevere | AN79: Marl | AO79: Leomord | AT79: Paquito | AU79: gxn1us | AV79: Harley | AY79: Yve | AZ79: Avilio. | BA79: Claude | BF79: Harith | BG79: Ptenchik | BH79: Marcel | BK79: Fanny | BL79: Hiko | BM79: Harith | BR79: Gord | BS79: Reaper | BT79: Freya
C80: Freya | D80: Kang Lim | E80: Sora | J80: Moskov | K80: NeoNook | L80: Zhuxin | O80: Paquito | P80: Solitude | Q80: Yve | V80: Suyou | W80: bloha poleteli. | X80: Fanny | AA80: Arlott | AB80: prime'antonchigurh | AC80: Atlas | AH80: Bruno | AI80: Baratrum | AJ80: Selena | AM80: Zhuxin | AN80: superegorka | AO80: Harith | AT80: Fredrinn | AU80: Mashiro | AV80: Akai | AY80: Phoveus | AZ80: Maniak | BA80: Benedetta | BF80: Yu Zhong | BG80: Marbon | BH80: Fanny | BK80: Phoveus | BL80: zaur egoist | BM80: Akai | BR80: Claude | BS80: Avilio. | BT80: Yve
C81: Lancelot | D81: bloha poleteli. | E81: Harley | J81: Paquito | K81: Judas. | L81: Belerick | O81: Gloo | P81: Ptenchik | Q81: Moskov | V81: Terizla | W81: Kang Lim | X81: Claude | AA81: Khufra | AB81: Juno. | AC81: Aurora | AH81: Belerick | AI81: NEIL | AJ81: Gord | AM81: Claude | AN81: Bober | AO81: Luo Yi | AT81: Kaja | AU81: Loveeeely | AV81: Atlas | AY81: Zhuxin | AZ81: Reaper | BA81: Kagura | BF81: Lylia | BG81: Hadess | BH81: Gord | BK81: Badang | BL81: Kidbomba | BM81: Yu Zhong | BR81: Benedetta | BS81: Maniak | BT81: Terizla
C82: Claude | D82: Vermishelius | E82: Zetian | J82: Khufra | K82: Viper | L82: Atlas | O82: Atlas | P82: Super Yoshi | Q82: Yu Zhong | V82: Kaja | W82: BUBLIKKK X ROAM | X82: Lapu-Lapu | AA82: Suyou | AB82: Neks. | AC82: Balmond | AH82: Harley | AI82: Inneskite | AJ82: Zetian | AM82: Karrie | AN82: Fangor | AO82: Belerick | AT82: Granger | AU82: Dont | AV82: Valir | AY82: Valentina | AZ82: ShowMe | BA82: Chou | BF82: Yi Sun-Shin | BG82: Solitude | BH82: Mathilda | BK82: Atlas | BL82: SunsetLover | BM82: Zetian | BR82: Mathilda | BS82: ShowMe | BT82: Arlott
B83: 2 | C83: Marcel | D83: BUBLIKKK X ROAM | E83: Khufra | F83: Red | G83: W | H83: L | I83: Blue | J83: Harley | K83: alimm no9 | L83: Yve | N83: 2 | O83: Paquito | P83: Solitude | Q83: Valentina | R83: Red | S83: W | T83: L | U83: Blue | V83: Harley | W83: bloha poleteli. | X83: Freya | Z83: 2 | AA83: Fanny | AB83: Kidd吸われた | AC83: Paquito | AD83: Red | AE83: W | AF83: L | AG83: Blue | AH83: Zhuxin | AI83: Twizy | AJ83: Selena | AQ83: =COUNTIF(AQ58:AQ82, "W") -> 3 | AR83: =COUNTIF(AR58:AR82, "W") -> 2 | BC83: =COUNTIF(BC58:BC82, "W") -> 3 | BD83: =COUNTIF(BD58:BD82, "W") -> 2 | BO83: =COUNTIF(BO58:BO82, "W") -> 3 | BP83: =COUNTIF(BP58:BP82, "W") -> 2
C84: Zhuxin | D84: cпокойствие | E84: Harith | J84: Claude | K84: NeoNook | L84: Freya | O84: Marcel | P84: Hadess | Q84: Guinevere | V84: Claude | W84: cпокойствие | X84: Yve | AA84: Harith | AB84: prime'antonchigurh | AC84: Atlas | AH84: Arlott | AI84: Summer | AJ84: Benedetta
D85: Kang Lim | E85: Paquito | J85: Zetian | K85: Entropic | L85: Guinevere | O85: Zhuxin | P85: Ptenchik | Q85: Karrie | V85: Phoveus | W85: Kang Lim | X85: Fanny | AA85: Phoveus | AB85: Juno. | AC85: Vexana | AH85: Gloo | AI85: NEIL | AJ85: Harley | AL85: FORZE | AQ85: ='Schedule | CQ + Playoffs'!AV45 | AS85: Omnix | AX85: Team Yandex | BC85: ='Schedule | CQ + Playoffs'!BH45 | BE85: FORZE | BJ85: ='Schedule | CQ + Playoffs'!M5 -> Verso Time | BO85: ='Schedule | CQ + Playoffs'!T5 -> Match 2 | BQ85: ='Schedule | CQ + Playoffs'!Q5 -> Virtus.pro
C86: Sora | D86: bloha poleteli. | E86: Suyou | J86: Yu Zhong | K86: Judas. | L86: Kimmy | O86: Atlas | P86: Super Yoshi | Q86: Hilda | V86: Gatotkaca | W86: BUBLIKKK X ROAM | X86: Kalea | AA86: Guinevere | AB86: Reverend Dead | AC86: Karrie | AH86: Suyou | AI86: Inneskite | AJ86: Baxia
C87: Hilda | D87: Vermishelius | E87: Valentina | J87: Atlas | K87: Viper | L87: Lunox | O87: Khufra | P87: Marbon | Q87: Yu Zhong | V87: Gord | W87: Vermishelius | X87: Chou | AA87: Martis | AB87: Neks. | AC87: Aulus | AH87: Irithel | AI87: Baratrum | AJ87: Fredrinn | AL87: Map | AM87: Ban Team 1 | AN87: Players Team 1 | AO87: Pick Team 1 | AP87: Side | AQ87: Score | AS87: Side | AT87: Pick Team 2 | AU87: Players Team 2 | AV87: Ban Team 2 | AX87: Map | AY87: Ban Team 1 | AZ87: Players Team 1 | BA87: Pick Team 1 | BB87: Side | BC87: Score | BE87: Side | BF87: Pick Team 2 | BG87: Players Team 2 | BH87: Ban Team 2 | BJ87: Map | BK87: Ban Team 1 | BL87: Players Team 1 | BM87: Pick Team 1 | BN87: Side | BO87: Score | BQ87: Side | BR87: Pick Team 2 | BS87: Players Team 2 | BT87: Ban Team 2
B88: 3 | N88: 3 | Z88: 3 | AL88: 1 | AM88: Phoveus | AN88: Maniak | AO88: Paquito | AP88: Blue | AQ88: W | AR88: L | AS88: Red | AT88: Harley | AU88: Neks. | AV88: Freya | AX88: 1 | AY88: Phoveus | AZ88: gxn1us | BA88: Paquito | BB88: Blue | BC88: L | BD88: W | BE88: Red | BF88: Harith | BG88: Avilio. | BH88: Freya | BJ88: 1 | BK88: Phoveus | BL88: versoCastle | BM88: Paquito | BN88: Blue | BO88: W | BP88: L | BQ88: Red | BR88: Valentina | BS88: Bober | BT88: Freya
AM89: Yve | AN89: ShowMe | AO89: Chou | AT89: Atlas | AU89: prime'antonchigurh | AV89: Baxia | AY89: Baxia | AZ89: Mashiro | BA89: Akai | BF89: Atlas | BG89: ShowMe | BH89: Zhuxin | BK89: Harith | BL89: versoAFK | BM89: Mathilda | BR89: Akai | BS89: Marl | BT89: Zhuxin
AM90: Harith | AN90: Repa | AO90: Fanny | AT90: Yu Zhong | AU90: Kidd吸われた | AV90: Zhuxin | AY90: Harley | AZ90: Troublemaker | BA90: Yve | BF90: Fanny | BG90: Repa | BH90: Guinevere | BK90: Yve | BL90: versoYustinian | BM90: Fredrinn | BR90: Karrie | BS90: superegorka | BT90: Baxia
AM91: Moskov | AN91: Reaper | AO91: Kadita | AT91: Claude | AU91: Reverend Dead | AV91: Valentina | AY91: Valentina | AZ91: Dont | BA91: Moskov | BF91: Gord | BG91: Reaper | BH91: Claude | BK91: Marcel | BL91: versoMarch | BM91: Bruno | BR91: Sora | BS91: BadKot | BT91: Clint
AM92: Selena | AN92: Avilio. | AO92: Bruno | AT92: Eudora | AU92: Juno. | AV92: Zetian | AY92: Selena | AZ92: Loveeeely | BA92: Chou | BF92: Yu Zhong | BG92: Maniak | BH92: Khufra | BK92: Yu Zhong | BL92: versoKodjikk | BM92: Valir | BR92: Kaja | BS92: Fangor | BT92: Gord
G93: =COUNTIF(G78:G92, "W") -> 2 | H93: =COUNTIF(H78:H92, "W") -> 0 | S93: =COUNTIF(S78:S92, "W") -> 2 | T93: =COUNTIF(T78:T92, "W") -> 0 | AE93: =COUNTIF(AE78:AE92, "W") -> 2 | AF93: =COUNTIF(AF78:AF92, "W") -> 0 | AL93: 2 | AM93: Freya | AN93: ShowMe | AO93: Kalea | AP93: Red | AQ93: W | AR93: L | AS93: Blue | AT93: Harith | AU93: Reverend Dead | AV93: Phoveus | AX93: 2 | AY93: Phoveus | AZ93: Troublemaker | BA93: Yve | BB93: Blue | BC93: W | BD93: L | BE93: Red | BF93: Harith | BG93: Avilio. | BH93: Freya | BJ93: 2 | BK93: Freya | BL93: versoCastle | BM93: Arlott | BN93: Red | BO93: W | BP93: L | BQ93: Blue | BR93: Karrie | BS93: superegorka | BT93: Phoveus
AM94: Paquito | AN94: Repa | AO94: Suyou | AT94: Belerick | AU94: prime'antonchigurh | AV94: Fanny | AY94: Baxia | AZ94: Mashiro | BA94: Guinevere | BF94: Fanny | BG94: Repa | BH94: Zhuxin | BK94: Paquito | BL94: versoYustinian | BM94: Baxia | BR94: Valentina | BS94: Bober | BT94: Yve
B95: ='Schedule | CQ + Playoffs'!E6 -> TSA White | G95: ='Schedule | CQ + Playoffs'!K6 -> Match 3 | I95: ='Schedule | CQ + Playoffs'!I6 -> Omnix | N95: ='Schedule | CQ + Playoffs'!E12 -> Magic | S95: ='Schedule | CQ + Playoffs'!K12 -> Match 7 | U95: ='Schedule | CQ + Playoffs'!I12 -> Omnix | Z95: ='Schedule | CQ + Playoffs'!E18 -> Virtus.pro | AE95: ='Schedule | CQ + Playoffs'!AJ6 | AG95: ='Schedule | CQ + Playoffs'!I18 -> CYBERHERO | AM95: Harley | AN95: Maniak | AO95: Arlott | AT95: Benedetta | AU95: Kidd吸われた | AV95: Baxia | AY95: Harley | AZ95: gxn1us | BA95: Yu Zhong | BF95: Atlas | BG95: ShowMe | BH95: Paquito | BK95: Zhuxin | BL95: versoAFK | BM95: Mathilda | BR95: Akai | BS95: Marl | BT95: Harith
AM96: Akai | AN96: Reaper | AO96: Karrie | AT96: Guinevere | AU96: Neks. | AV96: Bruno | AY96: Uranus | AZ96: Dont | BA96: Moskov | BF96: Selena | BG96: Reaper | BH96: Claude | BK96: Kaja | BL96: versoMarch | BM96: Clint | BR96: Terizla | BS96: BadKot | BT96: Bruno
B97: Map | C97: Ban Team 1 | D97: Players Team 1 | E97: Pick Team 1 | F97: Side | G97: Score | I97: Side | J97: Pick Team 2 | K97: Players Team 2 | L97: Ban Team 2 | N97: Map | O97: Ban Team 1 | P97: Players Team 1 | Q97: Pick Team 1 | R97: Side | S97: Score | U97: Side | V97: Pick Team 2 | W97: Players Team 2 | X97: Ban Team 2 | Z97: Map | AA97: Ban Team 1 | AB97: Players Team 1 | AC97: Pick Team 1 | AD97: Side | AE97: Score | AG97: Side | AH97: Pick Team 2 | AI97: Players Team 2 | AJ97: Ban Team 2 | AM97: Leomord | AN97: Avilio. | AO97: Gord | AT97: Faramis | AU97: Juno. | AV97: Claude | AY97: Gord | AZ97: Loveeeely | BA97: Kalea | BF97: Lapu-Lapu | BG97: Maniak | BH97: Khufra | BK97: Yu Zhong | BL97: versoKodjikk | BM97: Valir | BR97: Atlas | BS97: Fangor | BT97: Moskov
B98: 1 | C98: Phoveus | D98: Ligyshka | E98: Kalea | F98: Blue | G98: L | H98: W | I98: Red | J98: Benedetta | K98: Kidd吸われた | L98: Freya | N98: 1 | O98: Harley | P98: Solist | Q98: Paquito | R98: Blue | S98: L | T98: W | U98: Red | V98: Zhuxin | W98: Juno. | X98: Freya | Z98: 1 | AA98: Phoveus | AB98: Bober | AC98: Zhuxin | AD98: Blue | AE98: W | AF98: L | AG98: Red | AH98: Ruby | AI98: Marbon | AJ98: Freya | AL98: 3 | AM98: Freya | AN98: ShowMe | AO98: Kalea | AP98: Red | AQ98: L | AR98: W | AS98: Blue | AT98: Harith | AU98: Reverend Dead | AV98: Phoveus | AX98: 3 | AY98: Phoveus | AZ98: Troublemaker | BA98: Yve | BB98: Blue | BC98: L | BD98: W | BE98: Red | BF98: Yu Zhong | BG98: Maniak | BH98: Freya | BJ98: 3 | BK98: Freya | BL98: versoYustinian | BM98: Baxia | BN98: Red | BO98: W | BP98: L | BQ98: Blue | BR98: Valentina | BS98: Bober | BT98: Phoveus
C99: Guinevere | D99: MatadQr | E99: Hilda | J99: Claude | K99: Reverend Dead | L99: Marcel | O99: Baxia | P99: VillainTzy | Q99: Leomord | V99: Harith | W99: Reverend Dead | X99: Marcel | AA99: Guinevere | AB99: Marl | AC99: Leomord | AH99: Valentina | AI99: Solitude | AJ99: Marcel | AM99: Paquito | AN99: Repa | AO99: Suyou | AT99: Fredrinn | AU99: Neks. | AV99: Fanny | AY99: Baxia | AZ99: Mashiro | BA99: Guinevere | BF99: Harith | BG99: Avilio. | BH99: Zhuxin | BK99: Paquito | BL99: versoKodjikk | BM99: Valir | BR99: Mathilda | BS99: Fangor | BT99: Yve
C100: Zhuxin | D100: FIRSTAAAB | E100: Harley | J100: Belerick | K100: prime'antonchigurh | L100: Paquito | O100: Phoveus | P100: ilovee | Q100: Claude | V100: Benedetta | W100: Kidd吸われた | X100: Fanny | AA100: Baxia | AB100: superegorka | AC100: Harith | AH100: Atlas | AI100: Super Yoshi | AJ100: Harley | AM100: Harley | AN100: Maniak | AO100: Lapu-Lapu | AT100: Selena | AU100: Juno. | AV100: Baxia | AY100: Harley | AZ100: Loveeeely | BA100: Kalea | BF100: Fanny | BG100: Repa | BH100: Paquito | BK100: Zhuxin | BL100: versoCastle | BM100: Yu Zhong | BR100: Akai | BS100: Marl | BT100: Harith
C101: Leomord | D101: Neyronoff | E101: Granger | J101: Selena | K101: Juno. | L101: Karrie | O101: Fredrinn | P101: KOKUSHIBO | Q101: Atlas | V101: Belerick | W101: prime'antonchigurh | X101: Yve | AA101: Moskov | AB101: Fangor | AC101: Hylos | AH101: Bruno | AI101: Ptenchik | AJ101: Belerick | AM101: Estes | AN101: Avilio. | AO101: Granger | AT101: Rafaela | AU101: prime'antonchigurh | AV101: Karrie | AY101: Atlas | AZ101: gxn1us | BA101: Arlott | BF101: Marcel | BG101: ShowMe | BH101: Claude | BK101: Karrie | BL101: versoMarch | BM101: Clint | BR101: Terizla | BS101: BadKot | BT101: Hilda
C102: Baxia | D102: keks | E102: Valentina | J102: Fredrinn | K102: Neks. | L102: Yu Zhong | O102: Guinevere | P102: shvedskii | Q102: Valentina | V102: Akai | W102: Neks. | X102: Zetian | AA102: Fanny | AB102: Bober | AC102: Terizla | AH102: Suyou | AI102: Hadess | AJ102: Yu Zhong | AM102: Benedetta | AN102: Reaper | AO102: Yve | AT102: Yu Zhong | AU102: Kidd吸われた | AV102: Bruno | AY102: Gord | AZ102: Dont | BA102: Karrie | BF102: Selena | BG102: Reaper | BH102: Moskov | BK102: Arlott | BL102: versoAFK | BM102: Floryn | BR102: Moskov | BS102: superegorka | BT102: Kaja
B103: 2 | C103: Fredrinn | D103: Ligyshka | E103: Hilda | F103: Blue | G103: L | H103: W | I103: Red | J103: Zhuxin | K103: Juno. | L103: Freya | N103: 2 | O103: Marcel | P103: ilovee | Q103: Claude | R103: Red | S103: L | T103: W | U103: Blue | V103: Freya | W103: Kidd吸われた | X103: Phoveus | Z103: 2 | AA103: Baxia | AB103: Bober | AC103: Valentina | AD103: Red | AE103: W | AF103: L | AG103: Blue | AH103: Harith | AI103: Ptenchik | AJ103: Phoveus | AL103: 4 | AM103: Phoveus | AN103: Repa | AO103: Baxia | AP103: Blue | AQ103: L | AR103: W | AS103: Red | AT103: Karrie | AU103: Reverend Dead | AV103: Freya | AX103: 4 | AY103: Baxia | AZ103: gxn1us | BA103: Freya | BB103: Red | BC103: W | BD103: L | BE103: Blue | BF103: Harith | BG103: Avilio. | BH103: Zhuxin | BJ103: 4
C104: Benedetta | D104: MatadQr | E104: Paquito | J104: Chou | K104: prime'antonchigurh | L104: Marcel | O104: Zhuxin | P104: Solist | Q104: Paquito | V104: Benedetta | W104: Reverend Dead | X104: Harley | AA104: Freya | AB104: BadKot | AC104: Ruby | AH104: Leomord | AI104: Hadess | AJ104: Guinevere | AM104: Yve | AN104: Reaper | AO104: Valentina | AT104: Atlas | AU104: prime'antonchigurh | AV104: Fanny | AY104: Marcel | AZ104: Troublemaker | BA104: Yve | BF104: Phoveus | BG104: Maniak | BH104: Harley
C105: Claude | D105: FIRSTAAAB | E105: Suyou | J105: Harley | K105: Neks. | L105: Phoveus | O105: Baxia | P105: shvedskii | Q105: Yve | V105: Fredrinn | W105: Neks. | X105: Harith | AA105: Harley | AB105: Marl | AC105: Akai | AH105: Zhuxin | AI105: Solitude | AJ105: Marcel | AM105: Harith | AN105: Maniak | AO105: Benedetta | AT105: Balmond | AU105: Neks. | AV105: Paquito | AY105: Fanny | AZ105: Mashiro | BA105: Akai | BF105: Leomord | BG105: Repa | BH105: Guinevere
C106: Grock | D106: Neyronoff | E106: Harith | J106: Clint | K106: Reverend Dead | L106: Belerick | O106: Kimmy | P106: KOKUSHIBO | Q106: Hylos | V106: Kaja | W106: prime'antonchigurh | X106: Belerick | AA106: Hylos | AB106: Fangor | AC106: Kaja | AH106: Terizla | AI106: Marbon | AJ106: Moskov | AM106: Gord | AN106: ShowMe | AO106: Gloo | AT106: Vexana | AU106: Juno. | AV106: Bruno | AY106: Gord | AZ106: Loveeeely | BA106: Gloo | BF106: Valentina | BG106: Reaper | BH106: Claude
C107: Kalea | D107: keks | E107: Valentina | J107: Uranus | K107: Kidd吸われた | L107: Atlas | O107: Selena | P107: VillainTzy | Q107: Suyou | V107: Gord | W107: Juno. | X107: Atlas | AA107: Kalea | AB107: superegorka | AC107: Karrie | AH107: Atlas | AI107: Super Yoshi | AJ107: Belerick | AM107: Zhuxin | AN107: Avilio. | AO107: Moskov | AT107: Cici | AU107: Kidd吸われた | AV107: Claude | AY107: Atlas | AZ107: Dont | BA107: Karrie | BF107: Angela | BG107: ShowMe | BH107: Mathilda
B108: 3 | N108: 3 | Z108: 3 | AL108: 5 | AM108: Harith | AN108: ShowMe | AO108: Atlas | AP108: Blue | AQ108: W | AR108: L | AS108: Red | AT108: Phoveus | AU108: Kidd吸われた | AV108: Freya | AX108: 5 | AY108: Phoveus | AZ108: Dont | BA108: Harith | BB108: Blue | BC108: L | BD108: W | BE108: Red | BF108: Yu Zhong | BG108: Maniak | BH108: Freya | BJ108: 5
AM109: Harley | AN109: Repa | AO109: Balmond | AT109: Belerick | AU109: prime'antonchigurh | AV109: Fanny | AY109: Baxia | AZ109: Mashiro | BA109: Akai | BF109: Marcel | BG109: ShowMe | BH109: Zhuxin
AM110: Zhuxin | AN110: Maniak | AO110: Lapu-Lapu | AT110: Karrie | AU110: Reverend Dead | AV110: Paquito | AY110: Harley | AZ110: Troublemaker | BA110: Valentina | BF110: Gord | BG110: Reaper | BH110: Paquito
AM111: X.Borg | AN111: Avilio. | AO111: Claude | AT111: Zetian | AU111: Juno. | AV111: Bruno | AY111: Selena | AZ111: gxn1us | BA111: Cici | BF111: Claude | BG111: Avilio. | BH111: Arlott
AM112: Yi Sun-Shin | AN112: Reaper | AO112: Yve | AT112: Nolan | AU112: Neks. | AV112: Gord | AY112: Granger | AZ112: Loveeeely | BA112: Mathilda | BF112: Fanny | BG112: Repa | BH112: Khufra
G113: =COUNTIF(G98:G112, "W") -> 0 | H113: =COUNTIF(H98:H112, "W") -> 2 | S113: =COUNTIF(S98:S112, "W") -> 0 | T113: =COUNTIF(T98:T112, "W") -> 2 | AE113: =COUNTIF(AE98:AE112, "W") -> 2 | AF113: =COUNTIF(AF98:AF112, "W") -> 0 | AQ113: =COUNTIF(AQ88:AQ112, "W") -> 3 | AR113: =COUNTIF(AR88:AR112, "W") -> 2 | AX113: 6 | AY113: Fanny | AZ113: Loveeeely | BA113: Marcel | BB113: Blue | BC113: L | BD113: W | BE113: Red | BF113: Paquito | BG113: Maniak | BH113: Zhuxin | BO113: =COUNTIF(BO88:BO112, "W") -> 3 | BP113: =COUNTIF(BP88:BP112, "W") -> 0
AY114: Harley | AZ114: gxn1us | BA114: Yu Zhong | BF114: Gord | BG114: Reaper | BH114: Freya
B115: ='Schedule | CQ + Playoffs'!E7 -> INVISION | G115: ='Schedule | CQ + Playoffs'!K7 -> Match 4 | I115: ='Schedule | CQ + Playoffs'!I7 -> Aterion Esports | N115: ='Schedule | CQ + Playoffs'!E13 -> Aura Farmers | S115: ='Schedule | CQ + Playoffs'!K13 -> Match 8 | U115: ='Schedule | CQ + Playoffs'!I13 -> Aterion Esports | Z115: ='Schedule | CQ + Playoffs'!E19 -> Team Yandex | AE115: ='Schedule | CQ + Playoffs'!AJ7 | AG115: ='Schedule | CQ + Playoffs'!I19 -> Omnix | AL115: Aura Farmers | AQ115: ='Schedule | CQ + Playoffs'!AV75 | AS115: CYBERHERO | AY115: Phoveus | AZ115: Dont | BA115: Harith | BF115: Claude | BG115: Avilio. | BH115: Baxia | BJ115: ='Schedule | CQ + Playoffs'!M6 -> Team Spirit | BO115: ='Schedule | CQ + Playoffs'!T6 -> Match 3 | BQ115: ='Schedule | CQ + Playoffs'!Q6 -> Verso Time
AY116: Hilda | AZ116: Mashiro | BA116: Fredrinn | BF116: Leomord | BG116: Repa | BH116: Guinevere
B117: Map | C117: Ban Team 1 | D117: Players Team 1 | E117: Pick Team 1 | F117: Side | G117: Score | I117: Side | J117: Pick Team 2 | K117: Players Team 2 | L117: Ban Team 2 | N117: Map | O117: Ban Team 1 | P117: Players Team 1 | Q117: Pick Team 1 | R117: Side | S117: Score | U117: Side | V117: Pick Team 2 | W117: Players Team 2 | X117: Ban Team 2 | Z117: Map | AA117: Ban Team 1 | AB117: Players Team 1 | AC117: Pick Team 1 | AD117: Side | AE117: Score | AG117: Side | AH117: Pick Team 2 | AI117: Players Team 2 | AJ117: Ban Team 2 | AL117: Map | AM117: Ban Team 1 | AN117: Players Team 1 | AO117: Pick Team 1 | AP117: Side | AQ117: Score | AS117: Side | AT117: Pick Team 2 | AU117: Players Team 2 | AV117: Ban Team 2 | AY117: Atlas | AZ117: Troublemaker | BA117: Yve | BF117: Badang | BG117: ShowMe | BH117: Akai | BJ117: Map | BK117: Ban Team 1 | BL117: Players Team 1 | BM117: Pick Team 1 | BN117: Side | BO117: Score | BQ117: Side | BR117: Pick Team 2 | BS117: Players Team 2 | BT117: Ban Team 2
B118: 1 | C118: Yve | D118: INSAAANE | E118: Belerick | F118: Blue | G118: W | H118: L | I118: Red | J118: Phoveus | K118: Pikachu | L118: Marcel | N118: 1 | O118: Baxia | P118: Baratrum | Q118: Harith | R118: Blue | S118: L | T118: W | U118: Red | V118: Arlott | W118: Pikachu | X118: Marcel | Z118: 1 | AA118: Baxia | AB118: Mashiro | AC118: Guinevere | AD118: Blue | AE118: L | AF118: W | AG118: Red | AH118: Atlas | AI118: prime'antonchigurh | AJ118: Freya | AL118: 1 | AM118: Paquito | AO118: Harith | AP118: Blue | AQ118: W | AR118: L | AS118: Red | AT118: Zhuxin | AU118: Solitude | AV118: Fanny | AX118: 7 | BJ118: 1 | BK118: Yu Zhong | BL118: Hiko | BM118: Harith | BN118: Blue | BO118: L | BP118: W | BQ118: Red | BR118: Valentina | BS118: versoKodjikk | BT118: Valir
C119: Paquito | D119: Kulik | E119: Suyou | J119: Baxia | K119: Effect. | L119: Leomord | O119: Phoveus | P119: Twizy | Q119: Valentina | V119: Fredrinn | W119: Effect. | X119: Fanny | AA119: Phoveus | AB119: Troublemaker | AC119: Valentina | AH119: Harith | AI119: Reverend Dead | AJ119: Zhuxin | AM119: Harley | AN119: NEIL | AO119: Atlas | AT119: Guinevere | AU119: Hadess | AV119: Freya | BK119: Paquito | BL119: Kidbomba | BM119: Phoveus | BR119: Akai | BS119: versoYustinian | BT119: Gord
...

Sheet Teams | CQ + Playoffs
A1: Teams | CQ + Playoffs
A2: Captain | B2: Role | C2: Nickname | D2: Pronounce | E2: Captain | F2: Role | G2: Nickname | H2: Pronounce | I2: Captain | J2: Role | K2: Nickname | L2: Pronounce
A3: ='Tournament format'!D59 -> Team Spirit | E3: ='Tournament format'!D60 -> Verso Time | I3: ='Tournament format'!D29 -> Virtus.pro
A4: Captain | B4: Mid | C4: SunsetLover | D4: сАнсет лАвер | E4: Captain | F4: Gold | G4: versoMarch | H4: мАрч | I4: Captain | J4: Gold | K4: superegorka | L4: сУперегОрка
A5: Player | B5: Roam | C5: SAWO | D5: сАво | E5: Player | F5: Roam | G5: versoAFK | H5: АфЭкА | I5: Player | J5: Roam | K5: Nagib | L5: нагИб
A6: Player | B6: Exp | C6: Kidbomba | D6: кИд бОмба | E6: Player | F6: Exp | G6: versoCastle | H6: кАсл | I6: Player | J6: Exp | K6: BadKot | L6: бЭдкот
A7: Player | B7: Jungler | C7: zaur egoist | D7: заУр эгоИст | E7: Player | F7: Jungler | G7: versoYustinian | H7: Юстиниан | I7: Player | J7: Jungler | K7: Marl | L7: мАрл
A8: Player | B8: Gold | C8: Hiko | D8: хИко | E8: Player | F8: Mid | G8: versoKodjikk | H8: кОджик | I8: Player | J8: Mid | K8: Bober | L8: бобЁр
A9: Substitute | B9: Multirole | C9: HarmonySoul | D9: хАрмони сОул | E9: Substitute | F9: Jungler | G9: versoNovel | H9: новЕл | I9: Substitute | J9: Roam | K9: Fangor | L9: фангОр
A10: Substitute | C10: Coldstar | D10: колдстАр | E10: Substitute | I10: Substitute | J10: Multirole | K10: Kerrigan | L10: кЕрриган
A11: Coach | C11: Ooops | D11: Упс | E11: Coach | G11: Ospreay | H11: оспрЕй | I11: Coach | K11: flysolo | L11: флАйсОло
A12: Manager | C12: euphoria | D12: эйфорИя | E12: Manager | G12: Parma | H12: пАрма | I12: Manager
A13: ='Tournament format'!D30 -> Team Yandex | E13: ='Tournament format'!D31 -> FORZE | I13: ='Tournament format'!D32 -> CYBERHERO
A14: Captain | B14: Gold | C14: Dont | D14: дОнт | E14: Captain | F14: Exp | G14: Maniak | H14: Маньяк | I14: Captain | J14: Roam | K14: Super Yoshi | L14: сУпер ЙОши
A15: Player | B15: Roam | C15: Loveeeely | D15: лАвли | E15: Player | F15: Jungler | G15: Repa | H15: рЕпа | I15: Player | J15: Jungler | K15: Hadess | L15: хЕйдэс/хЕйдис
A16: Player | B16: Jungler | C16: Mashiro | D16: мАширо | E16: Player | F16: Roam | G16: ShowMe | H16: шОуми | I16: Player | J16: Gold | K16: Ptenchik | L16: птЕнчик
A17: Player | B17: Mid | C17: Troublemaker | D17: трАблмЕйкер | E17: Player | F17: Gold | G17: Avilio. | H17: Авилио | I17: Player | J17: Mid | K17: Solitude | L17: солитьЮд
A18: Player | B18: Exp | C18: gxn1us | D18: гЕниус | E18: Player | F18: Mid | G18: Reaper | H18: рИпер | I18: Player | J18: Exp | K18: Marbon | L18: марбОн
A19: Substitute | B19: Multirole | C19: EvilKing | D19: Эвил-кИнг | E19: Substitute | I19: Substitute | J19: Multirole | K19: Yui' | L19: Юи
A20: Substitute | E20: Substitute | I20: Substitute | J20: Roam | K20: Q1let | L20: килЕт
A21: Coach | C21: Badgalseph | E21: Coach | I21: Coach | K21: Coach Cody | L21: кОди
A22: Manager | C22: Filip_Filipsov | D22: Филип Филипсов | E22: Manager | F22: Roam | G22: KinDer | H22: кИндер | I22: Manager | K22: Zefirka | L22: зефИрка
A23: ='Tournament format'!D33 -> Magic | E23: ='Tournament format'!D34 -> Aura Farmers | I23: ='Tournament format'!D35 -> The Soulless Team
A24: Captain | B24: Gold | C24: ilovee | D24: айлАв | E24: Captain | F24: Roam | G24: NEIL | H24: нЭйл | I24: Captain | J24: Gold | K24: Hamster | L24: хАмстер
A25: Player | B25: Exp | C25: Solist | D25: солИст | E25: Player | F25: Exp | G25: Summer | H25: сАмэр | I25: Player | J25: Mid | K25: Darl | L25: дАрл
A26: Player | B26: Roam | C26: KOKUSHIBO | D26: кокушИбо | E26: Player | F26: Jungler | G26: Inneskite | H26: инэскАйт | I26: Player | J26: Exp | K26: Shiba. | L26: Шиба
A27: Player | B27: Jungler | C27: shelianer | D27: шелианЕр | E27: Player | F27: Gold | G27: Baratrum | H27: баратрУм | I27: Player | J27: Roam | K27: Wojak | L27: вожАк
A28: Player | B28: Mid | C28: shvedskii | D28: швЕдский | E28: Player | F28: Mid | G28: Twizy | H28: твИзи | I28: Player | J28: Jungler | K28: Bеrt | L28: бЕрт
A29: Substitute | B29: Multirole | C29: Zwihsk | D29: звИск | E29: Substitute | I29: Substitute
A30: Substitute | B30: Jungler | C30: VillainTzy | D30: вилАйн | E30: Substitute | I30: Substitute
A31: Coach | C31: denaliens | D31: денАлиенс | E31: Coach | G31: Deus | H31: дЭус | I31: Coach | J31: Multirole | K31: Rikki Tikki Tavi | L31: Рики
A32: Manager | C32: Yago | D32: ягО | E32: Manager | G32: Gulliver | H32: гуливЕр | I32: Manager
A33: ='Tournament format'!D36 -> HARD GRIND | E33: ='Tournament format'!D37 -> TSA White | I33: ='Tournament format'!D38 -> INVISION
A34: Captain | B34: Roam | C34: BUBLIKKK X ROAM | D34: бУблик х роУм | E34: Captain | F34: Roam | G34: Ligyshka | H34: лягУшка | I34: Captain | J34: Roam | K34: INSAAANE | L34: инсЕйн
A35: Player | B35: Gold | C35: cпокойствие | D35: спокойствие | E35: Player | F35: Exp | G35: MatadQr | H35: матадОр | I35: Player | J35: Jungler | K35: Kulik | L35: кулик
A36: Player | B36: Exp | C36: Kang Lim | D36: Канг Лим | E36: Player | F36: Jungler | G36: FIRSTAAAB | H36: фёрстАб | I36: Player | J36: Exp | K36: Dzhuki | L36: джУки
A37: Player | B37: Jungler | C37: izma•Eliminated. | D37: Измайлов | E37: Player | F37: Gold | G37: Neyronoff | H37: нейрОнов | I37: Player | J37: Gold | K37: MKIRI! | L37: мкИри
A38: Player | B38: Mid | C38: Vermishelius | D38: вермишЕлиус | E38: Player | F38: Mid | G38: keks | H38: кЕкс | I38: Player | J38: Mid | K38: Bimoo | L38: бИмо
A39: Substitute | B39: Jungler | C39: bloha poleteli. | D39: блоха полетели | E39: Substitute | I39: Substitute | J39: Roam | K39: Flash | L39: флеш
A40: Substitute | E40: Substitute | I40: Substitute
A41: Coach | E41: Coach | G41: Lil | H41: лИл | I41: Coach | J41: Roam
A42: Manager | E42: Manager | I42: Manager | J42: Multirole | K42: поварежка. | L42: поварёжка
A43: ='Tournament format'!D39 -> Aterion Esports | E43: ='Tournament format'!D40 -> Omnix | I43: ='Tournament format'!D41 -> Dark Phoenix
A44: Captain | B44: Roam | C44: Yoza | D44: Йоза | E44: Captain | F44: Mid | G44: Juno. | H44: джУно | I44: Captain | J44: Mid | K44: Entropic | L44: Энтропик
A45: Player | B45: Jungler | C45: Effect. | D45: Эффект | E45: Player | F45: Roam | G45: prime'antonchigurh | H45: Прайм антон чигурчик | I45: Player | J45: Jungler | K45: alimm no9 | L45: Алим
A46: Player | B46: Gold | C46: yuurikoshik. | D46: юрикошик | E46: Player | F46: Jungler | G46: Neks. | H46: Некс | I46: Player | J46: Exp | K46: Shisu1) | L46: Шисуи, Шисуйский
A47: Player | B47: Mid | C47: Begemotik | D47: Бегемотик | E47: Player | F47: Gold | G47: Reverend Dead | H47: дэд | I47: Player | J47: Gold | K47: NeoNook | L47: Неонук
A48: Player | B48: Exp | C48: Pikachu | D48: Пикачу | E48: Player | F48: Exp | G48: Kidd吸われた | H48: кид | I48: Player | J48: Roam | K48: Viper | L48: Вайпер
A49: Substitute | B49: Multirole | C49: Well | D49: Велл | E49: Substitute | F49: Multirole | G49: Exodus. | H49: эксОдус | I49: Substitute
A50: Substitute | E50: Substitute | F50: Multirole | G50: Nikels. | H50: нИкельс | I50: Substitute | J50: Multirole | K50: Judas. | L50: ДжУдас
A51: Coach | C51: Dior | D51: Диор | E51: Coach | F51: Multirole | G51: PhilyHaduken | H51: филИхадУкен | I51: Coach | J51: Multirole | K51: Parsi. | L51: ПАрси
A52: Manager | C52: Laksmi | D52: Лаксми | E52: Manager | I52: Manager | J52: Multirole | K52: ʀᴀᴋsʜᴀsɪ | L52: Ракшаси | Ракша
A53: ='Tournament format'!D42 -> Suplex team
A54: Captain | B54: Roam | C54: Quko_QQ | D54: Кьюко (Куко)
A55: Player | B55: Exp | C55: honored one | D55: Хоноред уан
A56: Player | B56: Jungler | C56: Klansy | D56: Клэнси
A57: Player | B57: Gold | C57: DiZzer | D57: Дизер
A58: Player | B58: Mid | C58: 戏Riddle | D58: Риддл
A59: Substitute
A60: Substitute
A61: Coach | B61: Multirole | C61: S∆M | D61: Сем
A62: Manager | B62: Multirole | C62: LANENXS | D62: Ланэнкс

Sheet Schedule | 1 Division
E1: Schedule | 1 Division
A2: Team № | B2: Team | E2: Round 1 | K2: Round 2
A3: 1 | B3: Aura Farmers | E3: 46133 | K3: 46154
A4: 2 | B4: Magic | E4: Team 1 | F4: Score | G4: Time | H4: Score | I4: Team 2 | J4: Match | K4: Team 1 | L4: Score | M4: Time | N4: Score | O4: Team 2 | P4: Match
A5: 3 | B5: Virtus.pro | E5: =$B$3 -> Aura Farmers | F5: ='Matches | 1 Division'!D15 -> 0 | G5: 0.75 | H5: ='Matches | 1 Division'!E15 -> 2 | I5: =$B$6 -> Team Spirit | J5: Match 1 | K5: =$B$6 -> Team Spirit | L5: ='Matches | 1 Division'!D43 -> 2 | M5: 0.75 | N5: ='Matches | 1 Division'!E43 -> 0 | O5: =$B$4 -> Magic | P5: Match 29
A6: 4 | B6: Team Spirit | E6: =$B$10 -> Verso Time | F6: ='Matches | 1 Division'!D16 -> 2 | G6: 0.8125 | H6: ='Matches | 1 Division'!E16 -> 0 | I6: =$B$7 -> FORZE | J6: Match 2 | K6: =$B$9 -> Team Yandex | L6: ='Matches | 1 Division'!D44 -> 2 | M6: 0.8125 | N6: ='Matches | 1 Division'!E44 -> 1 | O6: =$B$7 -> FORZE | P6: Match 30
A7: 5 | B7: FORZE | E7: =$B$8 -> CYBERHERO | F7: ='Matches | 1 Division'!D17 -> 2 | G7: 0.875 | H7: ='Matches | 1 Division'!E17 -> 0 | I7: =$B$9 -> Team Yandex | J7: Match 3 | K7: =$B$10 -> Verso Time | L7: ='Matches | 1 Division'!D45 -> 2 | M7: 0.875 | N7: ='Matches | 1 Division'!E45 -> 0 | O7: =$B$8 -> CYBERHERO | P7: Match 31
A8: 6 | B8: CYBERHERO | E8: =$B$4 -> Magic | F8: ='Matches | 1 Division'!D18 -> 1 | G8: 0.9375 | H8: ='Matches | 1 Division'!E18 -> 2 | I8: =$B$5 -> Virtus.pro | J8: Match 4 | K8: =$B$5 -> Virtus.pro | L8: ='Matches | 1 Division'!D46 -> 2 | M8: 0.9375 | N8: ='Matches | 1 Division'!E46 -> 0 | O8: =$B$3 -> Aura Farmers | P8: Match 32
A9: 7 | B9: Team Yandex | E9: 46134 | K9: 46155
A10: 8 | B10: Verso Time | E10: Team 1 | F10: Score | G10: Time | H10: Score | I10: Team 2 | J10: Match | K10: Team 1 | L10: Score | M10: Time | N10: Score | O10: Team 2 | P10: Match
E11: =$B$6 -> Team Spirit | F11: ='Matches | 1 Division'!D19 -> 2 | G11: 0.75 | H11: ='Matches | 1 Division'!E19 -> 0 | I11: =$B$8 -> CYBERHERO | J11: Match 5 | K11: =$B$9 -> Team Yandex | L11: ='Matches | 1 Division'!D47 -> 1 | M11: 0.75 | N11: ='Matches | 1 Division'!E47 -> 2 | O11: =$B$5 -> Virtus.pro | P11: Match 33
E12: =$B$5 -> Virtus.pro | F12: ='Matches | 1 Division'!D20 -> 2 | G12: 0.8125 | H12: ='Matches | 1 Division'!E20 -> 1 | I12: =$B$7 -> FORZE | J12: Match 6 | K12: =$B$4 -> Magic | L12: ='Matches | 1 Division'!D48 -> 0 | M12: 0.8125 | N12: ='Matches | 1 Division'!E48 -> 2 | O12: =$B$7 -> FORZE | P12: Match 34
E13: =$B$4 -> Magic | F13: ='Matches | 1 Division'!D21 -> 0 | G13: 0.875 | H13: ='Matches | 1 Division'!E21 -> 2 | I13: =$B$10 -> Verso Time | J13: Match 7 | K13: =$B$10 -> Verso Time | L13: ='Matches | 1 Division'!D49 -> 1 | M13: 0.875 | N13: ='Matches | 1 Division'!E49 -> 2 | O13: =$B$6 -> Team Spirit | P13: Match 35
A14: Place | B14: Team | C14: Progression | E14: =$B$9 -> Team Yandex | F14: ='Matches | 1 Division'!D22 -> 2 | G14: 0.9375 | H14: ='Matches | 1 Division'!E22 -> 0 | I14: =$B$3 -> Aura Farmers | J14: Match 8 | K14: =$B$3 -> Aura Farmers | L14: ='Matches | 1 Division'!D50 -> 0 | M14: 0.9375 | N14: ='Matches | 1 Division'!E50 -> 2 | O14: =$B$8 -> CYBERHERO | P14: Match 36
A15: 1 | B15: =B6 -> Team Spirit | C15: To final stage | E15: 46140 | K15: 46168
A16: 2 | B16: =B10 -> Verso Time | C16: To final stage | E16: Team 1 | F16: Score | G16: Time | H16: Score | I16: Team 2 | J16: Match | K16: Team 1 | L16: Score | M16: Time | N16: Score | O16: Team 2 | P16: Match
A17: 3 | B17: =B5 -> Virtus.pro | C17: Match 11 of CQ | E17: =$B$5 -> Virtus.pro | F17: ='Matches | 1 Division'!D23 -> 2 | G17: 0.75 | H17: ='Matches | 1 Division'!E23 -> 1 | I17: =$B$9 -> Team Yandex | J17: Match 9 | K17: =$B$8 -> CYBERHERO | L17: ='Matches | 1 Division'!D51 -> 0 | M17: 0.75 | N17: ='Matches | 1 Division'!E51 -> 2 | O17: =$B$6 -> Team Spirit | P17: Match 37
A18: 4 | B18: =B9 -> Team Yandex | C18: Match 12 of CQ | E18: =$B$6 -> Team Spirit | F18: ='Matches | 1 Division'!D24 -> 2 | G18: 0.8125 | H18: ='Matches | 1 Division'!E24 -> 1 | I18: =$B$10 -> Verso Time | J18: Match 10 | K18: =$B$3 -> Aura Farmers | L18: ='Matches | 1 Division'!D52 -> 0 | M18: 0.8125 | N18: ='Matches | 1 Division'!E52 -> 2 | O18: =$B$9 -> Team Yandex | P18: Match 38
A19: 5 | B19: =B7 -> FORZE | C19: Match 5 of CQ | E19: =$B$8 -> CYBERHERO | F19: ='Matches | 1 Division'!D25 -> 2 | G19: 0.875 | H19: ='Matches | 1 Division'!E25 -> 1 | I19: =$B$3 -> Aura Farmers | J19: Match 11 | K19: =$B$7 -> FORZE | L19: ='Matches | 1 Division'!D53 -> 1 | M19: 0.875 | N19: ='Matches | 1 Division'!E53 -> 2 | O19: =$B$5 -> Virtus.pro | P19: Match 39
A20: 6 | B20: =B8 -> CYBERHERO | C20: Match 6 of CQ | E20: =$B$7 -> FORZE | F20: ='Matches | 1 Division'!D26 -> 2 | G20: 0.9375 | H20: ='Matches | 1 Division'!E26 -> 1 | I20: =$B$4 -> Magic | J20: Match 12 | K20: =$B$10 -> Verso Time | L20: ='Matches | 1 Division'!D54 -> 2 | M20: 0.9375 | N20: ='Matches | 1 Division'!E54 -> 0 | O20: =$B$4 -> Magic | P20: Match 40
A21: 7 | B21: =B4 -> Magic | C21: Match 7 of CQ | E21: 46141 | K21: 46169
A22: 8 | B22: =B3 -> Aura Farmers | C22: Match 8 of CQ | E22: Team 1 | F22: Score | G22: Time | H22: Score | I22: Team 2 | J22: Match | K22: Team 1 | L22: Score | M22: Time | N22: Score | O22: Team 2 | P22: Match
E23: =$B$7 -> FORZE | F23: ='Matches | 1 Division'!D27 -> 2 | G23: 0.75 | H23: ='Matches | 1 Division'!E27 -> 1 | I23: =$B$3 -> Aura Farmers | J23: Match 13 | K23: =$B$5 -> Virtus.pro | L23: ='Matches | 1 Division'!D55 -> 1 | M23: 0.75 | N23: ='Matches | 1 Division'!E55 -> 2 | O23: =$B$10 -> Verso Time | P23: Match 41
E24: =$B$6 -> Team Spirit | F24: ='Matches | 1 Division'!D28 -> 2 | G24: 0.8125 | H24: ='Matches | 1 Division'!E28 -> 0 | I24: =$B$9 -> Team Yandex | J24: Match 14 | K24: =$B$3 -> Aura Farmers | L24: ='Matches | 1 Division'!D56 -> 1 | M24: 0.8125 | N24: ='Matches | 1 Division'!E56 -> 2 | O24: =$B$7 -> FORZE | P24: Match 42
E25: =$B$8 -> CYBERHERO | F25: ='Matches | 1 Division'!D29 -> 2 | G25: 0.875 | H25: ='Matches | 1 Division'!E29 -> 0 | I25: =$B$4 -> Magic | J25: Match 15 | K25: =$B$4 -> Magic | L25: ='Matches | 1 Division'!D57 -> 2 | M25: 0.875 | N25: ='Matches | 1 Division'!E57 -> 0 | O25: =$B$8 -> CYBERHERO | P25: Match 43
E26: =$B$10 -> Verso Time | F26: ='Matches | 1 Division'!D30 -> 2 | G26: 0.9375 | H26: ='Matches | 1 Division'!E30 -> 0 | I26: =$B$5 -> Virtus.pro | J26: Match 16 | K26: =$B$9 -> Team Yandex | L26: ='Matches | 1 Division'!D58 -> 2 | M26: 0.9375 | N26: ='Matches | 1 Division'!E58 -> 1 | O26: =$B$6 -> Team Spirit | P26: Match 44
E27: 46147 | K27: 46170
E28: Team 1 | F28: Score | G28: Time | H28: Score | I28: Team 2 | J28: Match | K28: Team 1 | L28: Score | M28: Time | N28: Score | O28: Team 2 | P28: Match
E29: =$B$7 -> FORZE | F29: ='Matches | 1 Division'!D31 -> 2 | G29: 0.75 | H29: ='Matches | 1 Division'!E31 -> 0 | I29: =$B$9 -> Team Yandex | J29: Match 17 | K29: =$B$10 -> Verso Time | L29: ='Matches | 1 Division'!D59 -> 2 | M29: 0.75 | N29: ='Matches | 1 Division'!E59 -> 0 | O29: =$B$3 -> Aura Farmers | P29: Match 45
E30: =$B$8 -> CYBERHERO | F30: ='Matches | 1 Division'!D32 -> 0 | G30: 0.8125 | H30: ='Matches | 1 Division'!E32 -> 2 | I30: =$B$10 -> Verso Time | J30: Match 18 | K30: =$B$9 -> Team Yandex | L30: ='Matches | 1 Division'!D60 -> 2 | M30: 0.8125 | N30: ='Matches | 1 Division'!E60 -> 0 | O30: =$B$4 -> Magic | P30: Match 46
E31: =$B$3 -> Aura Farmers | F31: ='Matches | 1 Division'!D33 -> 2 | G31: 0.875 | H31: ='Matches | 1 Division'!E33 -> 1 | I31: =$B$5 -> Virtus.pro | J31: Match 19 | K31: =$B$8 -> CYBERHERO | L31: ='Matches | 1 Division'!D61 -> 0 | M31: 0.875 | N31: ='Matches | 1 Division'!E61 -> 2 | O31: =$B$5 -> Virtus.pro | P31: Match 47
E32: =$B$4 -> Magic | F32: ='Matches | 1 Division'!D34 -> 0 | G32: 0.9375 | H32: ='Matches | 1 Division'!E34 -> 2 | I32: =$B$6 -> Team Spirit | J32: Match 20 | K32: =$B$7 -> FORZE | L32: ='Matches | 1 Division'!D62 -> 0 | M32: 0.9375 | N32: ='Matches | 1 Division'!E62 -> 2 | O32: =$B$6 -> Team Spirit | P32: Match 48
E33: 46148 | K33: 46175
E34: Team 1 | F34: Score | G34: Time | H34: Score | I34: Team 2 | J34: Match | K34: Team 1 | L34: Score | M34: Time | N34: Score | O34: Team 2 | P34: Match
E35: =$B$3 -> Aura Farmers | F35: ='Matches | 1 Division'!D35 -> 0 | G35: 0.75 | H35: ='Matches | 1 Division'!E35 -> 2 | I35: =$B$10 -> Verso Time | J35: Match 21 | K35: =$B$7 -> FORZE | L35: ='Matches | 1 Division'!D63 -> 0 | M35: 0.75 | N35: ='Matches | 1 Division'!E63 -> 2 | O35: =$B$10 -> Verso Time | P35: Match 49
E36: =$B$4 -> Magic | F36: ='Matches | 1 Division'!D36 -> 0 | G36: 0.8125 | H36: ='Matches | 1 Division'!E36 -> 2 | I36: =$B$9 -> Team Yandex | J36: Match 22 | K36: =$B$5 -> Virtus.pro | L36: ='Matches | 1 Division'!D64 -> 2 | M36: 0.8125 | N36: ='Matches | 1 Division'!E64 -> 0 | O36: =$B$4 -> Magic | P36: Match 50
E37: =$B$5 -> Virtus.pro | F37: ='Matches | 1 Division'!D37 -> 2 | G37: 0.875 | H37: ='Matches | 1 Division'!E37 -> 0 | I37: =$B$8 -> CYBERHERO | J37: Match 23 | K37: =$B$6 -> Team Spirit | L37: ='Matches | 1 Division'!D65 -> 2 | M37: 0.875 | N37: ='Matches | 1 Division'!E65 -> 0 | O37: =$B$3 -> Aura Farmers | P37: Match 51
E38: =$B$6 -> Team Spirit | F38: ='Matches | 1 Division'!D38 -> 2 | G38: 0.9375 | H38: ='Matches | 1 Division'!E38 -> 0 | I38: =$B$7 -> FORZE | J38: Match 24 | K38: =$B$9 -> Team Yandex | L38: ='Matches | 1 Division'!D66 -> 2 | M38: 0.9375 | N38: ='Matches | 1 Division'!E66 -> 0 | O38: =$B$8 -> CYBERHERO | P38: Match 52
E39: 46149 | K39: 46176
E40: Team 1 | F40: Score | G40: Time | H40: Score | I40: Team 2 | J40: Match | K40: Team 1 | L40: Score | M40: Time | N40: Score | O40: Team 2 | P40: Match
E41: =$B$9 -> Team Yandex | F41: ='Matches | 1 Division'!D39 -> 0 | G41: 0.75 | H41: ='Matches | 1 Division'!E39 -> 2 | I41: =$B$10 -> Verso Time | J41: Match 25 | K41: =$B$8 -> CYBERHERO | L41: ='Matches | 1 Division'!D67 -> 0 | M41: 0.75 | N41: ='Matches | 1 Division'!E67 -> 2 | O41: =$B$7 -> FORZE | P41: Match 53
E42: =$B$3 -> Aura Farmers | F42: ='Matches | 1 Division'!D40 -> 0 | G42: 0.8125 | H42: ='Matches | 1 Division'!E40 -> 2 | I42: =$B$4 -> Magic | J42: Match 26 | K42: =$B$10 -> Verso Time | L42: ='Matches | 1 Division'!D68 -> 0 | M42: 0.8125 | N42: ='Matches | 1 Division'!E68 -> 2 | O42: =$B$9 -> Team Yandex | P42: Match 54
E43: =$B$5 -> Virtus.pro | F43: ='Matches | 1 Division'!D41 -> 0 | G43: 0.875 | H43: ='Matches | 1 Division'!E41 -> 2 | I43: =$B$6 -> Team Spirit | J43: Match 27 | K43: =$B$4 -> Magic | L43: ='Matches | 1 Division'!D69 -> 1 | M43: 0.875 | N43: ='Matches | 1 Division'!E69 -> 2 | O43: =$B$3 -> Aura Farmers | P43: Match 55
E44: =$B$7 -> FORZE | F44: ='Matches | 1 Division'!D42 -> 2 | G44: 0.9375 | H44: ='Matches | 1 Division'!E42 -> 0 | I44: =$B$8 -> CYBERHERO | J44: Match 28 | K44: =$B$6 -> Team Spirit | L44: ='Matches | 1 Division'!D70 -> 2 | M44: 0.9375 | N44: ='Matches | 1 Division'!E70 -> 1 | O44: =$B$5 -> Virtus.pro | P44: Match 56

Sheet Matches | 1 Division
A1: Matches | 1 Division | R1: ='Schedule | 1 Division'!E2 -> Round 1 | AD1: ='Schedule | 1 Division'!E2 -> Round 1 | AP1: ='Schedule | 1 Division'!E2 -> Round 1 | BB1: ='Schedule | 1 Division'!E2 -> Round 1 | BN1: ='Schedule | 1 Division'!E2 -> Round 1 | BZ1: ='Schedule | 1 Division'!E2 -> Round 1 | CL1: ='Schedule | 1 Division'!E2 -> Round 1 | CX1: ='Schedule | 1 Division'!K2 -> Round 2 | DJ1: ='Schedule | 1 Division'!K2 -> Round 2 | DV1: ='Schedule | 1 Division'!K2 -> Round 2 | EH1: ='Schedule | 1 Division'!K2 -> Round 2 | ET1: ='Schedule | 1 Division'!K2 -> Round 2 | FF1: ='Schedule | 1 Division'!K2 -> Round 2 | FR1: ='Schedule | 1 Division'!K2 -> Round 2
R2: ='Schedule | 1 Division'!E3 -> 46133 | AD2: ='Schedule | 1 Division'!E9 -> 46134 | AP2: ='Schedule | 1 Division'!E15 -> 46140 | BB2: ='Schedule | 1 Division'!E21 -> 46141 | BN2: ='Schedule | 1 Division'!E27 -> 46147 | BZ2: ='Schedule | 1 Division'!E33 -> 46148 | CL2: ='Schedule | 1 Division'!E39 -> 46149 | CX2: ='Schedule | 1 Division'!K3 -> 46154 | DJ2: ='Schedule | 1 Division'!K9 -> 46155 | DV2: ='Schedule | 1 Division'!K15 -> 46168 | EH2: ='Schedule | 1 Division'!K21 -> 46169 | ET2: ='Schedule | 1 Division'!K27 -> 46170 | FF2: ='Schedule | 1 Division'!K33 -> 46175 | FR2: ='Schedule | 1 Division'!K39 -> 46176
A3: Current Place | B3: Team | C3: Total score | D3: Totat Matches | E3: Match winner 2:0 | F3: Match winner 2:1 | G3: Match loser 1:2 | H3: Match loser 0:2 | I3: Maps won | J3: Maps lose | K3: Maps Diff | M3: ='Schedule | 1 Division'!E5 -> Aura Farmers | R3: ='Schedule | 1 Division'!J5 -> Match 1 | T3: ='Schedule | 1 Division'!I5 -> Team Spirit | Y3: ='Schedule | 1 Division'!E11 -> Team Spirit | AD3: ='Schedule | 1 Division'!J11 -> Match 5 | AF3: ='Schedule | 1 Division'!I11 -> CYBERHERO | AK3: ='Schedule | 1 Division'!E17 -> Virtus.pro | AP3: ='Schedule | 1 Division'!J17 -> Match 9 | AR3: ='Schedule | 1 Division'!I17 -> Team Yandex | AW3: ='Schedule | 1 Division'!E23 -> FORZE | BB3: ='Schedule | 1 Division'!J23 -> Match 13 | BD3: ='Schedule | 1 Division'!I23 -> Aura Farmers | BI3: ='Schedule | 1 Division'!E29 -> FORZE | BN3: ='Schedule | 1 Division'!J29 -> Match 17 | BP3: ='Schedule | 1 Division'!I29 -> Team Yandex | BU3: ='Schedule | 1 Division'!E35 -> Aura Farmers | BZ3: ='Schedule | 1 Division'!J35 -> Match 21 | CB3: ='Schedule | 1 Division'!I35 -> Verso Time | CG3: ='Schedule | 1 Division'!E41 -> Team Yandex | CL3: ='Schedule | 1 Division'!J41 -> Match 25 | CN3: ='Schedule | 1 Division'!I41 -> Verso Time | CS3: ='Schedule | 1 Division'!K5 -> Team Spirit | CX3: ='Schedule | 1 Division'!P5 -> Match 29 | CZ3: ='Schedule | 1 Division'!O5 -> Magic | DE3: ='Schedule | 1 Division'!K11 -> Team Yandex | DJ3: ='Schedule | 1 Division'!P11 -> Match 33 | DL3: ='Schedule | 1 Division'!O11 -> Virtus.pro | DQ3: ='Schedule | 1 Division'!K17 -> CYBERHERO | DV3: ='Schedule | 1 Division'!P17 -> Match 37 | DX3: ='Schedule | 1 Division'!O17 -> Team Spirit | EC3: ='Schedule | 1 Division'!K23 -> Virtus.pro | EH3: ='Schedule | 1 Division'!P23 -> Match 41 | EJ3: ='Schedule | 1 Division'!O23 -> Verso Time | EO3: ='Schedule | 1 Division'!K29 -> Verso Time | ET3: ='Schedule | 1 Division'!P29 -> Match 45 | EV3: ='Schedule | 1 Division'!O29 -> Aura Farmers | FA3: ='Schedule | 1 Division'!K35 -> FORZE | FF3: ='Schedule | 1 Division'!P35 -> Match 49 | FH3: ='Schedule | 1 Division'!O35 -> Verso Time | FM3: ='Schedule | 1 Division'!K41 -> CYBERHERO | FR3: ='Schedule | 1 Division'!P41 -> Match 53 | FT3: ='Schedule | 1 Division'!O41 -> FORZE
A4: 1 | B4: ='Schedule | 1 Division'!B6 -> Team Spirit | C4: =E4*3+F4*2+G4 -> 37 | D4: =SUM(E4:H4) -> 14 | E4: =COUNTIF($G$15:$G$70, B4) -> 10 | F4: =COUNTIF($H$15:$H$70, B4) -> 3 | G4: =COUNTIF($I$15:$I$70, B4) -> 1 | H4: =COUNTIF($J$15:$J$70, B4) -> 0 | I4: =SUMIFS($D$15:$D$70,$C$15:$C$70,B4)+SUMIFS($E$15:$E$70,$F$15:$F$70,B4) -> 27 | J4: =SUMIFS($D$15:$D$70,$F$15:$F$70,B4)+SUMIFS($E$15:$E$70,$C$15:$C$70,B4) -> 5 | K4: =I4-J4 -> 22
A5: 2 | B5: ='Schedule | 1 Division'!B10 -> Verso Time | C5: =E5*3+F5*2+G5 -> 34 | D5: =SUM(E5:H5) -> 14 | E5: =COUNTIF($G$15:$G$70, B5) -> 10 | F5: =COUNTIF($H$15:$H$70, B5) -> 1 | G5: =COUNTIF($I$15:$I$70, B5) -> 2 | H5: =COUNTIF($J$15:$J$70, B5) -> 1 | I5: =SUMIFS($D$15:$D$70,$C$15:$C$70,B5)+SUMIFS($E$15:$E$70,$F$15:$F$70,B5) -> 24 | J5: =SUMIFS($D$15:$D$70,$F$15:$F$70,B5)+SUMIFS($E$15:$E$70,$C$15:$C$70,B5) -> 7 | K5: =I5-J5 -> 17 | M5: Map | N5: Ban Team 1 | O5: Players Team 1 | P5: Pick Team 1 | Q5: Side | R5: Score | T5: Side | U5: Pick Team 2 | V5: Players Team 2 | W5: Ban Team 2 | Y5: Map | Z5: Ban Team 1 | AA5: Players Team 1 | AB5: Pick Team 1 | AC5: Side | AD5: Score | AF5: Side | AG5: Pick Team 2 | AH5: Players Team 2 | AI5: Ban Team 2 | AK5: Map | AL5: Ban Team 1 | AM5: Players Team 1 | AN5: Pick Team 1 | AO5: Side | AP5: Score | AR5: Side | AS5: Pick Team 2 | AT5: Players Team 2 | AU5: Ban Team 2 | AW5: Map | AX5: Ban Team 1 | AY5: Players Team 1 | AZ5: Pick Team 1 | BA5: Side | BB5: Score | BD5: Side | BE5: Pick Team 2 | BF5: Players Team 2 | BG5: Ban Team 2 | BI5: Map | BJ5: Ban Team 1 | BK5: Players Team 1 | BL5: Pick Team 1 | BM5: Side | BN5: Score | BP5: Side | BQ5: Pick Team 2 | BR5: Players Team 2 | BS5: Ban Team 2 | BU5: Map | BV5: Ban Team 1 | BW5: Players Team 1 | BX5: Pick Team 1 | BY5: Side | BZ5: Score | CB5: Side | CC5: Pick Team 2 | CD5: Players Team 2 | CE5: Ban Team 2 | CG5: Map | CH5: Ban Team 1 | CI5: Players Team 1 | CJ5: Pick Team 1 | CK5: Side | CL5: Score | CN5: Side | CO5: Pick Team 2 | CP5: Players Team 2 | CQ5: Ban Team 2 | CS5: Map | CT5: Ban Team 1 | CU5: Players Team 1 | CV5: Pick Team 1 | CW5: Side | CX5: Score | CZ5: Side | DA5: Pick Team 2 | DB5: Players Team 2 | DC5: Ban Team 2 | DE5: Map | DF5: Ban Team 1 | DG5: Players Team 1 | DH5: Pick Team 1 | DI5: Side | DJ5: Score | DL5: Side | DM5: Pick Team 2 | DN5: Players Team 2 | DO5: Ban Team 2 | DQ5: Map | DR5: Ban Team 1 | DS5: Players Team 1 | DT5: Pick Team 1 | DU5: Side | DV5: Score | DX5: Side | DY5: Pick Team 2 | DZ5: Players Team 2 | EA5: Ban Team 2 | EC5: Map | ED5: Ban Team 1 | EE5: Players Team 1 | EF5: Pick Team 1 | EG5: Side | EH5: Score | EJ5: Side | EK5: Pick Team 2 | EL5: Players Team 2 | EM5: Ban Team 2 | EO5: Map | EP5: Ban Team 1 | EQ5: Players Team 1 | ER5: Pick Team 1 | ES5: Side | ET5: Score | EV5: Side | EW5: Pick Team 2 | EX5: Players Team 2 | EY5: Ban Team 2 | FA5: Map | FB5: Ban Team 1 | FC5: Players Team 1 | FD5: Pick Team 1 | FE5: Side | FF5: Score | FH5: Side | FI5: Pick Team 2 | FJ5: Players Team 2 | FK5: Ban Team 2 | FM5: Map | FN5: Ban Team 1 | FO5: Players Team 1 | FP5: Pick Team 1 | FQ5: Side | FR5: Score | FT5: Side | FU5: Pick Team 2 | FV5: Players Team 2 | FW5: Ban Team 2
A6: 3 | B6: ='Schedule | 1 Division'!B5 -> Virtus.pro | C6: =E6*3+F6*2+G6 -> 25 | D6: =SUM(E6:H6) -> 14 | E6: =COUNTIF($G$15:$G$70, B6) -> 4 | F6: =COUNTIF($H$15:$H$70, B6) -> 5 | G6: =COUNTIF($I$15:$I$70, B6) -> 3 | H6: =COUNTIF($J$15:$J$70, B6) -> 2 | I6: =SUMIFS($D$15:$D$70,$C$15:$C$70,B6)+SUMIFS($E$15:$E$70,$F$15:$F$70,B6) -> 21 | J6: =SUMIFS($D$15:$D$70,$F$15:$F$70,B6)+SUMIFS($E$15:$E$70,$C$15:$C$70,B6) -> 15 | K6: =I6-J6 -> 6 | M6: 1 | N6: Baxia | O6: NEIL | P6: Gatotkaca | Q6: Blue | R6: L | S6: W | T6: Red | U6: Moskov | V6: Hiko | W6: Phoveus | Y6: 1 | Z6: Phoveus | AA6: zaur egoist | AB6: Guinevere | AC6: Blue | AD6: W | AE6: L | AF6: Red | AG6: Valentina | AH6: Solitude | AI6: Marcel | AK6: 1 | AL6: Harley | AM6: superegorka | AN6: Beatrix | AO6: Blue | AP6: W | AQ6: L | AR6: Red | AS6: Harith | AT6: Dont | AU6: Marcel | AW6: 1 | AX6: Fanny | AY6: Maniak | AZ6: Phoveus | BA6: Blue | BB6: W | BC6: L | BD6: Red | BE6: Kalea | BF6: NEIL | BG6: Chou | BI6: 1 | BJ6: Harith | BK6: ShowMe | BL6: Khufra | BM6: Blue | BN6: W | BO6: L | BP6: Red | BQ6: Fanny | BR6: Mashiro | BS6: Freya | BU6: 1 | BV6: Guinevere | BW6: NEIL | BX6: Baxia | BY6: Blue | BZ6: L | CA6: W | CB6: Red | CC6: Fredrinn | CD6: versoYustinian | CE6: Marcel | CG6: 1 | CH6: Baxia | CI6: Dont | CJ6: Harith | CK6: Blue | CL6: L | CM6: W | CN6: Red | CO6: Guinevere | CP6: versoYustinian | CQ6: Harley | CS6: 1 | CT6: Harith | CU6: SAWO | CV6: Baxia | CW6: Blue | CX6: W | CY6: L | CZ6: Red | DA6: Chou | DB6: KOKUSHIBO | DC6: Marcel | DE6: 1 | DF6: Phoveus | DG6: Loveeeely | DH6: Marcel | DI6: Blue | DJ6: L | DK6: W | DL6: Red | DM6: Harith | DN6: superegorka | DO6: Freya | DQ6: 1 | DR6: Phoveus | DS6: Marbon | DT6: Freya | DU6: Blue | DV6: L | DW6: W | DX6: Red | DY6: Zhuxin | DZ6: SunsetLover | EA6: Harith | EC6: 1 | ED6: Harley | EE6: superegorka | EF6: Moskov | EG6: Blue | EH6: L | EI6: W | EJ6: Red | EK6: Suyou | EL6: versoYustinian | EM6: Harith | EO6: 1 | EP6: Fanny | EQ6: versoKodjikk | ER6: Zhuxin | ES6: Blue | ET6: W | EU6: L | EV6: Red | EW6: Harith | EX6: Gorkiy | EY6: Marcel | FA6: 1 | FB6: Harley | FC6: Maniak | FD6: Paquito | FE6: Blue | FF6: L | FG6: W | FH6: Red | FI6: Kalea | FJ6: versoAFK | FK6: Baxia | FM6: 1 | FN6: Harley | FO6: Q1let | FP6: Marcel | FQ6: Blue | FR6: L | FS6: W | FT6: Red | FU6: Harith | FV6: Avilio. | FW6: Baxia
A7: 4 | B7: ='Schedule | 1 Division'!B9 -> Team Yandex | C7: =E7*3+F7*2+G7 -> 24 | D7: =SUM(E7:H7) -> 14 | E7: =COUNTIF($G$15:$G$70, B7) -> 6 | F7: =COUNTIF($H$15:$H$70, B7) -> 2 | G7: =COUNTIF($I$15:$I$70, B7) -> 2 | H7: =COUNTIF($J$15:$J$70, B7) -> 4 | I7: =SUMIFS($D$15:$D$70,$C$15:$C$70,B7)+SUMIFS($E$15:$E$70,$F$15:$F$70,B7) -> 18 | J7: =SUMIFS($D$15:$D$70,$F$15:$F$70,B7)+SUMIFS($E$15:$E$70,$C$15:$C$70,B7) -> 14 | K7: =I7-J7 -> 4 | N7: Guinevere | O7: Gorkiy | P7: Karrie | U7: Suyou | V7: zaur egoist | W7: Marcel | Z7: Zetian | AA7: Kidbomba | AB7: Benedetta | AG7: Gloo | AH7: Q1let | AI7: Harith | AL7: Freya | AM7: Fangor | AN7: Khufra | AS7: Kalea | AT7: Loveeeely | AU7: Phoveus | AX7: Harith | AY7: Repa | AZ7: Baxia | BE7: Alice | BF7: Summer | BG7: Marcel | BJ7: Yve | BK7: Maniak | BL7: Phoveus | BQ7: Kalea | BR7: Loveeeely | BS7: Marcel | BV7: Harley | BW7: Inneskite | BX7: Leomord | CC7: Kalea | CD7: versoAFK | CE7: Harith | CH7: Kalea | CI7: gxn1us | CJ7: Uranus | CO7: Khaleed | CP7: versoAFK | CQ7: Marcel | CT7: Yve | CU7: Kidbomba | CV7: Sora | DA7: Suyou | DB7: shelianer | DC7: Zhuxin | DF7: Baxia | DG7: Mashiro | DH7: Leomord | DM7: Zhuxin | DN7: Bober | DO7: Harley | DR7: Guinevere | DS7: Solitude | DT7: Yve | DY7: Baxia | DZ7: zaur egoist | EA7: Harley | ED7: Yve | EE7: Bober | EF7: Gord | EK7: Valentina | EL7: versoKodjikk | EM7: Marcel | EP7: Phoveus | EQ7: versoYustinian | ER7: Baxia | EW7: Yve | EX7: Twizy | EY7: Guinevere | FB7: Phoveus | FC7: Repa | FD7: Leomord | FI7: Guinevere | FJ7: versoYustinian | FK7: Marcel | FN7: Phoveus | FO7: Bert | FP7: Leomord | FU7: Zhuxin | FV7: Reaper | FW7: Freya
A8: 5 | B8: ='Schedule | 1 Division'!B7 -> FORZE | C8: =E8*3+F8*2+G8 -> 21 | D8: =SUM(E8:H8) -> 14 | E8: =COUNTIF($G$15:$G$70, B8) -> 4 | F8: =COUNTIF($H$15:$H$70, B8) -> 3 | G8: =COUNTIF($I$15:$I$70, B8) -> 3 | H8: =COUNTIF($J$15:$J$70, B8) -> 4 | I8: =SUMIFS($D$15:$D$70,$C$15:$C$70,B8)+SUMIFS($E$15:$E$70,$F$15:$F$70,B8) -> 17 | J8: =SUMIFS($D$15:$D$70,$F$15:$F$70,B8)+SUMIFS($E$15:$E$70,$C$15:$C$70,B8) -> 17 | K8: =I8-J8 -> 0 | N8: Valentina | O8: Inneskite | P8: Fanny | U8: Zhuxin | V8: SunsetLover | W8: Kalea | Z8: Harley | AA8: SAWO | AB8: Hylos | AG8: Fanny | AH8: Rienzy | AI8: Baxia | AL8: Yve | AM8: BadKot | AN8: Sora | AS8: Fanny | AT8: Mashiro | AU8: Zhuxin | AX8: Arlott | AY8: ShowMe | AZ8: Badang | BE8: Harley | BF8: Inneskite | BG8: Zhuxin | BJ8: Harley | BK8: Repa | BL8: Baxia | BQ8: Karrie | BR8: Dont | BS8: Zhuxin | BV8: Zhuxin | BW8: Summer | BX8: Terizla | CC8: Kimmy | CD8: versoKodjikk | CE8: Freya | CH8: Yve | CI8: Mashiro | CJ8: Suyou | CO8: Gord | CP8: versoKodjikk | CQ8: Zhuxin | CT8: Gloo | CU8: SunsetLover | CV8: Valentina | DA8: Zetian | DB8: shvedskii | DC8: Freya | DF8: Guinevere | DG8: Dont | DH8: Claude | DM8: Fredrinn | DN8: Marl | DO8: Suyou | DR8: Marcel | DS8: Q1let | DT8: Gloo | DY8: Claude | DZ8: Hiko | EA8: Hilda | ED8: Baxia | EE8: Marl | EF8: Guinevere | EK8: Claude | EL8: versoMarch | EM8: Zhuxin | EP8: Freya | EQ8: versoMarch | ER8: Claude | EW8: Leomord | EX8: Inneskite | EY8: Suyou | FB8: Yve | FC8: Avilio. | FD8: Harith | FI8: Sora | FJ8: versoCastle | FK8: Zhuxin | FN8: Yve | FO8: Ptenchik | FP8: Brody | FU8: Fanny | FV8: Repa | FW8: Claude
A9: 6 | B9: ='Schedule | 1 Division'!B8 -> CYBERHERO | C9: =E9*3+F9*2+G9 -> 11 | D9: =SUM(E9:H9) -> 14 | E9: =COUNTIF($G$15:$G$70, B9) -> 3 | F9: =COUNTIF($H$15:$H$70, B9) -> 1 | G9: =COUNTIF($I$15:$I$70, B9) -> 0 | H9: =COUNTIF($J$15:$J$70, B9) -> 10 | I9: =SUMIFS($D$15:$D$70,$C$15:$C$70,B9)+SUMIFS($E$15:$E$70,$F$15:$F$70,B9) -> 8 | J9: =SUMIFS($D$15:$D$70,$F$15:$F$70,B9)+SUMIFS($E$15:$E$70,$C$15:$C$70,B9) -> 21 | K9: =I9-J9 -> -13 | N9: Hilda | O9: Twizy | P9: Yve | U9: Badang | V9: SAWO | W9: Claude | Z9: Yve | AA9: Hiko | AB9: Beatrix | AG9: Clint | AH9: yuurikoshik | AI9: Moskov | AL9: Yu Zhong | AM9: Marl | AN9: Baxia | AS9: Valentina | AT9: Ptenchik | AU9: Moskov | AX9: Terizla | AY9: Avilio. | AZ9: Claude | BE9: Valentina | BF9: Twizy | BG9: Hilda | BJ9: Terizla | BK9: Reaper | BL9: Valir | BQ9: Valentina | BR9: Troublemaker | BS9: Selena | BV9: Suyou | BW9: Gorkiy | BX9: Claude | CC9: Moskov | CD9: versoMarch | CE9: Valentina | CH9: Kimmy | CI9: Troublemaker | CJ9: Zetian | CO9: Moskov | CP9: versoMarch | CQ9: Gloo | CT9: Claude | CU9: Hiko | CV9: Moskov | DA9: Terizla | DB9: Solist | DC9: Kalea | DF9: Hilda | DG9: gxn1us | DH9: Terizla | DM9: Hylos | DN9: Fangor | DO9: Zetian | DR9: Belerick | DS9: Rienzy | DT9: Suyou | DY9: Paquito | DZ9: Kidbomba | EA9: Bruno | ED9: Terizla | EE9: Fangor | EF9: Badang | EK9: Belerick | EL9: versoAFK | EM9: Chou | EP9: Gloo | EQ9: versoAFK | ER9: Grock | EW9: Gatotkaca | EX9: NEIL | EY9: Hylos | FB9: Clint | FC9: Reaper | FD9: Vexana | FI9: Claude | FJ9: versoMarch | FK9: Valentina | FN9: Belerick | FO9: Solitude | FP9: Gord | FU9: Khaleed | FV9: ShowMe | FW9: Clint
A10: 7 | B10: ='Schedule | 1 Division'!B4 -> Magic | C10: =E10*3+F10*2+G10 -> 9 | D10: =SUM(E10:H10) -> 14 | E10: =COUNTIF($G$15:$G$70, B10) -> 2 | F10: =COUNTIF($H$15:$H$70, B10) -> 0 | G10: =COUNTIF($I$15:$I$70, B10) -> 3 | H10: =COUNTIF($J$15:$J$70, B10) -> 9 | I10: =SUMIFS($D$15:$D$70,$C$15:$C$70,B10)+SUMIFS($E$15:$E$70,$F$15:$F$70,B10) -> 7 | J10: =SUMIFS($D$15:$D$70,$F$15:$F$70,B10)+SUMIFS($E$15:$E$70,$C$15:$C$70,B10) -> 24 | K10: =I10-J10 -> -17 | N10: Hylos | O10: MatadQr | P10: Sora | U10: Freya | V10: Kidbomba | W10: Grock | Z10: Kalea | AA10: SunsetLover | AB10: Zhuxin | AG10: Freya | AH10: Marbon | AI10: Valentina | AL10: Cici | AM10: Bober | AN10: Selena | AS10: Terizla | AT10: gxn1us | AU10: Kimmy | AX10: Beatrix | AY10: KinDer | AZ10: Selena | BE10: Karrie | BF10: Gorkiy | BG10: Freya | BJ10: Gloo | BK10: Avilio. | BL10: Moskov | BQ10: X.Borg | BR10: gxn1us | BS10: Badang | BV10: Nolan | BW10: Twizy | BX10: Pharsa | CC10: X.Borg | CD10: versoCastle | CE10: Zetian | CH10: Hilda | CI10: Loveeeely | CJ10: Hylos | CO10: Phoveus | CP10: versoCastle | CQ10: Valentina | CT10: Gatotkaca | CU10: SAWO | CV10: Minotaur | DA10: Granger | DB10: ilovee | DC10: Hylos | DF10: Gloo | DG10: Troublemaker | DH10: Kimmy | DM10: Arlott | DN10: BadKot | DO10: Yve | DR10: Benedetta | DS10: Ptenchik | DT10: Moskov | DY10: Chip | DZ10: SAWO | EA10: Fanny | ED10: Yu Zhong | EE10: BadKot | EF10: Phoveus | EK10: Uranus | EL10: versoCastle | EM10: Kaja | EP10: Terizla | EQ10: versoCastle | ER10: Paquito | EW10: Arlott | EX10: Summer | EY10: Atlas | FB10: Gord | FC10: ShowMe | FD10: Gloo | FI10: Kimmy | FJ10: versoKodjikk | FK10: Zetian | FN10: Atlas | FO10: Marbon | FP10: Arlott | FU10: Paquito | FV10: Maniak | FW10: Moskov
A11: 8 | B11: ='Schedule | 1 Division'!B3 -> Aura Farmers | C11: =E11*3+F11*2+G11 -> 7 | D11: =SUM(E11:H11) -> 14 | E11: =COUNTIF($G$15:$G$70, B11) -> 0 | F11: =COUNTIF($H$15:$H$70, B11) -> 2 | G11: =COUNTIF($I$15:$I$70, B11) -> 3 | H11: =COUNTIF($J$15:$J$70, B11) -> 9 | I11: =SUMIFS($D$15:$D$70,$C$15:$C$70,B11)+SUMIFS($E$15:$E$70,$F$15:$F$70,B11) -> 7 | J11: =SUMIFS($D$15:$D$70,$F$15:$F$70,B11)+SUMIFS($E$15:$E$70,$C$15:$C$70,B11) -> 26 | K11: =I11-J11 -> -19 | M11: 2 | N11: Baxia | O11: NEIL | P11: Gatotkaca | Q11: Blue | R11: L | S11: W | T11: Red | U11: Freya | V11: Kidbomba | W11: Phoveus | Y11: 2 | Z11: Marcel | AA11: zaur egoist | AB11: Granger | AC11: Red | AD11: W | AE11: L | AF11: Blue | AG11: Cecilion | AH11: Solitude | AI11: Hilda | AK11: 2 | AL11: Marcel | AM11: superegorka | AN11: Karrie | AO11: Red | AP11: L | AQ11: W | AR11: Blue | AS11: Freya | AT11: gxn1us | AU11: Guinevere | AW11: 2 | AX11: Freya | AY11: Maniak | AZ11: Benedetta | BA11: Red | BB11: L | BC11: W | BD11: Blue | BE11: Marcel | BF11: NEIL | BG11: Phoveus | BI11: 2 | BJ11: Yve | BK11: ShowMe | BL11: Badang | BM11: Red | BN11: W | BO11: L | BP11: Blue | BQ11: Freya | BR11: gxn1us | BS11: Fanny | BU11: 2 | BV11: Guinevere | BW11: Twizy | BX11: Zhuxin | BY11: Blue | BZ11: L | CA11: W | CB11: Red | CC11: Yve | CD11: versoKodjikk | CE11: Marcel | CG11: 2 | CH11: Harith | CI11: Troublemaker | CJ11: Zhuxin | CK11: Blue | CL11: L | CM11: W | CN11: Red | CO11: Kimmy | CP11: versoKodjikk | CQ11: Harley | CS11: 2 | CT11: Zhuxin | CU11: zaur egoist | CV11: Harley | CW11: Red | CX11: W | CY11: L | CZ11: Blue | DA11: Marcel | DB11: KOKUSHIBO | DC11: Harith | DE11: 2 | DF11: Phoveus | DG11: Troublemaker | DH11: Zhuxin | DI11: Blue | DJ11: W | DK11: L | DL11: Red | DM11: Marcel | DN11: Fangor | DO11: Freya | DQ11: 2 | DR11: Phoveus | DS11: Marbon | DT11: Freya | DU11: Blue | DV11: L | DW11: W | DX11: Red | DY11: Zhuxin | DZ11: SunsetLover | EA11: Harith | EC11: 2 | ED11: Harley | EE11: BadKot | EF11: Yu Zhong | EG11: Blue | EH11: W | EI11: L | EJ11: Red | EK11: Freya | EL11: versoCastle | EM11: Harith | EO11: 2 | EP11: Harley | EQ11: versoKodjikk | ER11: Zhuxin | ES11: Blue | ET11: W | EU11: L | EV11: Red | EW11: Freya | EX11: Gorkiy | EY11: Marcel | FA11: 2 | FB11: Harley | FC11: ShowMe | FD11: Kalea | FE11: Blue | FF11: L | FG11: W | FH11: Red | FI11: Paquito | FJ11: versoCastle | FK11: Baxia | FM11: 2 | FN11: Phoveus | FO11: Q1let | FP11: Hylos | FQ11: Blue | FR11: L | FS11: W | FT11: Red | FU11: Kalea | FV11: ShowMe | FW11: Marcel
N12: Guinevere | O12: Inneskite | P12: Leomord | U12: Harley | V12: zaur egoist | W12: Marcel | Z12: Baxia | AA12: Kidbomba | AB12: Freya | AG12: Khaleed | AH12: Q1let | AI12: Guinevere | AL12: Zhuxin | AM12: Fangor | AN12: Kalea | AS12: Valentina | AT12: Ptenchik | AU12: Phoveus | AX12: Harley | AY12: Repa | AZ12: Baxia | BE12: Suyou | BF12: Inneskite | BG12: Kalea | BJ12: Harley | BK12: Maniak | BL12: Aulus | BQ12: Grock | BR12: Loveeeely | BS12: Harith | BV12: Harley | BW12: Inneskite | BX12: Leomord | CC12: Aulus | CD12: versoYustinian | CE12: Harith | CH12: Baxia | CI12: Loveeeely | CJ12: Hilda | CO12: Guinevere | CP12: versoYustinian | CQ12: Marcel | CT12: Baxia | CU12: Kidbomba | CV12: Freya | DA12: Leomord | DB12: shelianer | DC12: Yve | DF12: Baxia | DG12: Mashiro | DH12: Fanny | DM12: Harith | DN12: superegorka | DO12: Harley | DR12: Guinevere | DS12: Solitude | DT12: Yve | DY12: Baxia | DZ12: zaur egoist | EA12: Harley | ED12: Yve | EE12: Fangor | EF12: Hylos | EK12: Baxia | EL12: versoYustinian | EM12: Marcel | EP12: Phoveus | EQ12: versoYustinian | ER12: Baxia | EW12: Suyou | EX12: Inneskite | EY12: Guinevere | FB12: Phoveus | FC12: Maniak | FD12: Arlott | FI12: Guinevere | FJ12: versoYustinian | FK12: Marcel | FN12: Harley | FO12: Bert | FP12: Fredrinn | FU12: Guinevere | FV12: Repa | FW12: Zhuxin
A13: All matches are BO3 | N13: Sora | O13: Twizy | P13: Zhuxin | U13: Valentina | V13: SAWO | W13: Kalea | Z13: Phoveus | AA13: SAWO | AB13: Fredrinn | AG13: Harith | AH13: yuurikoshik | AI13: Fanny | AL13: Harley | AM13: BadKot | AN13: Paquito | AS13: Hylos | AT13: Loveeeely | AU13: Harith | AX13: Guinevere | AY13: ShowMe | AZ13: Kaja | BE13: Yve | BF13: Twizy | BG13: Zhuxin | BJ13: Phoveus | BK13: Repa | BL13: Baxia | BQ13: Suyou | BR13: Mashiro | BS13: Marcel | BV13: Kalea | BW13: Summer | BX13: Arlott | CC13: Khufra | CD13: versoAFK | CE13: Freya | CH13: Phoveus | CI13: Mashiro | CJ13: Suyou | CO13: Kalea | CP13: versoAFK | CQ13: Freya | CT13: Guinevere | CU13: SunsetLover | CV13: Valentina | DA13: Uranus | DB13: Solist | DC13: Phoveus | DF13: Guinevere | DG13: Dont | DH13: Claude | DM13: Valentina | DN13: Bober | DO13: Suyou | DR13: Marcel | DS13: Q1let | DT13: Gloo | DY13: Suyou | DZ13: Kidbomba | EA13: Hilda | ED13: Guinevere | EE13: Bober | EF13: Zhuxin | EK13: Atlas | EL13: versoAFK | EM13: Phoveus | EP13: Fanny | EQ13: versoMarch | ER13: Harith | EW13: Lapu-Lapu | EX13: Summer | EY13: Claude | FB13: Yve | FC13: Repa | FD13: Fredrinn | FI13: Gord | FJ13: versoKodjikk | FK13: Zhuxin | FN13: Freya | FO13: Ptenchik | FP13: Paquito | FU13: Lapu-Lapu | FV13: Maniak | FW13: Baxia
A14: Round | B14: Match | C14: Team 1 | D14: Score Team 1 | E14: Score Team 2 | F14: Team 2 | G14: Match winner 2:0 | H14: Match winner 2:1 | I14: Match loser 1:2 | J14: Match loser 0:2 | N14: Gloo | O14: MatadQr | P14: Alice | U14: Claude | V14: Hiko | W14: Hilda | Z14: Cici | AA14: Hiko | AB14: Belerick | AG14: Dyrroth | AH14: Marbon | AI14: Kalea | AL14: Fanny | AM14: Marl | AN14: Baxia | AS14: Suyou | AT14: Mashiro | AU14: Yu Zhong | AX14: Terizla | AY14: Avilio. | AZ14: Clint | BE14: Moskov | BF14: Gorkiy | BG14: Hilda | BJ14: Lylia | BK14: Reaper | BL14: Zhuxin | BQ14: Karrie | BR14: Dont | BS14: Hilda | BV14: Suyou | BW14: NEIL | BX14: Belerick | CC14: Phoveus | CD14: versoCastle | CE14: Hylos | CH14: Arlott | CI14: Dont | CJ14: Claude | CO14: Moskov | CP14: versoMarch | CQ14: Uranus | CT14: Karrie | CU14: Hiko | CV14: Clint | DA14: Kimmy | DB14: shvedskii | DC14: Gatotkaca | DF14: Fredrinn | DG14: Loveeeely | DH14: Gatotkaca | DM14: Kaja | DN14: Marl | DO14: Hylos | DR14: Benedetta | DS14: Rienzy | DT14: Fredrinn | DY14: Claude | DZ14: Hiko | EA14: Fanny | ED14: Gord | EE14: superegorka | EF14: Hanabi | EK14: Claude | EL14: versoMarch | EM14: Suyou | EP14: Yve | EQ14: versoAFK | ER14: Kalea | EW14: Hylos | EX14: NEIL | EY14: Paquito | FB14: Belerick | FC14: Reaper | FD14: Kadita | FI14: Gatotkaca | FJ14: versoAFK | FK14: Luo Yi | FN14: Gord | FO14: Solitude | FP14: Zetian | FU14: Yve | FV14: Reaper | FW14: Gloo
A15: 1 | B15: 1 | C15: ='Schedule | 1 Division'!E5 -> Aura Farmers | D15: =R21 -> 0 | E15: =S21 -> 2 | F15: ='Schedule | 1 Division'!I5 -> Team Spirit | G15: =IF(AND(D15=2, E15=0), C15, IF(AND(D15=0, E15=2), F15, "")) -> Team Spirit | H15: =IF(AND(D15=2, E15=1), C15, IF(AND(D15=1, E15=2), F15, "")) | I15: =IF(AND(D15=1, E15=2), C15, IF(AND(D15=2, E15=1), F15, "")) | J15: =IF(AND(D15=0, E15=2), C15, IF(AND(D15=2, E15=0), F15, "")) -> Aura Farmers | N15: Uranus | O15: Gorkiy | P15: Moskov | U15: Grock | V15: SunsetLover | W15: Karrie | Z15: Yu Zhong | AA15: SunsetLover | AB15: Zhuxin | AG15: Harley | AH15: Rienzy | AI15: Hylos | AL15: Nolan | AM15: Bober | AN15: Yve | AS15: Granger | AT15: Dont | AU15: Sora | AX15: Beatrix | AY15: Reaper | AZ15: Valentina | BE15: Arlott | BF15: Summer | BG15: Harith | BJ15: Cici | BK15: Avilio. | BL15: Claude | BQ15: Aurora | BR15: Troublemaker | BS15: Chou | BV15: Baxia | BW15: Gorkiy | BX15: Karrie | CC15: Moskov | CD15: versoMarch | CE15: Gloo | CH15: Beatrix | CI15: gxn1us | CJ15: Yu Zhong | CO15: Terizla | CP15: versoNovel | CQ15: Alice | CT15: Claude | CU15: SAWO | CV15: Atlas | DA15: Arlott | DB15: ilovee | DC15: Hilda | DF15: Arlott | DG15: gxn1us | DH15: Chang'e | DM15: Sora | DN15: BadKot | DO15: Hilda | DR15: Paquito | DS15: Ptenchik | DT15: Brody | DY15: Atlas | DZ15: SAWO | EA15: Bruno | ED15: Moskov | EE15: Marl | EF15: Leomord | EK15: Zetian | EL15: versoKodjikk | EM15: Fanny | EP15: Zetian | EQ15: versoCastle | ER15: Yu Zhong | EW15: Pharsa | EX15: Twizy | EY15: Arlott | FB15: Clint | FC15: Avilio. | FD15: Moskov | FI15: Hanabi | FJ15: versoMarch | FK15: Harith | FN15: Karrie | FO15: Marbon | FP15: Claude | FU15: Bruno | FV15: Avilio. | FW15: Belerick
A16: 1 | B16: 2 | C16: ='Schedule | 1 Division'!E6 -> Verso Time | D16: =R41 -> 2 | E16: =S41 -> 0 | F16: ='Schedule | 1 Division'!I6 -> FORZE | G16: =IF(AND(D16=2, E16=0), C16, IF(AND(D16=0, E16=2), F16, "")) -> Verso Time | H16: =IF(AND(D16=2, E16=1), C16, IF(AND(D16=1, E16=2), F16, "")) | I16: =IF(AND(D16=1, E16=2), C16, IF(AND(D16=2, E16=1), F16, "")) | J16: =IF(AND(D16=0, E16=2), C16, IF(AND(D16=2, E16=0), F16, "")) -> FORZE | M16: 3 | Y16: 3 | AK16: 3 | AL16: Marcel | AM16: superegorka | AN16: Moskov | AO16: Red | AP16: W | AQ16: L | AR16: Blue | AS16: Baxia | AT16: Mashiro | AU16: Guinevere | AW16: 3 | AX16: Harith | AY16: Maniak | AZ16: Yu Zhong | BA16: Blue | BB16: W | BC16: L | BD16: Red | BE16: Phoveus | BF16: Summer | BG16: Freya | BI16: 3 | BU16: 3 | CG16: 3 | CS16: 3 | DE16: 3 | DF16: Phoveus | DG16: Troublemaker | DH16: Zhuxin | DI16: Blue | DJ16: L | DK16: W | DL16: Red | DM16: Harith | DN16: superegorka | DO16: Freya | DQ16: 3 | EC16: 3 | ED16: Zhuxin | EE16: superegorka | EF16: Moskov | EG16: Red | EH16: L | EI16: W | EJ16: Blue | EK16: Baxia | EL16: versoYustinian | EM16: Guinevere | EO16: 3 | FA16: 3 | FM16: 3
A17: 1 | B17: 3 | C17: ='Schedule | 1 Division'!E7 -> CYBERHERO | D17: =R61 -> 2 | E17: =S61 -> 0 | F17: ='Schedule | 1 Division'!I7 -> Team Yandex | G17: =IF(AND(D17=2, E17=0), C17, IF(AND(D17=0, E17=2), F17, "")) -> CYBERHERO | H17: =IF(AND(D17=2, E17=1), C17, IF(AND(D17=1, E17=2), F17, "")) | I17: =IF(AND(D17=1, E17=2), C17, IF(AND(D17=2, E17=1), F17, "")) | J17: =IF(AND(D17=0, E17=2), C17, IF(AND(D17=2, E17=0), F17, "")) -> Team Yandex | AL17: Zhuxin | AM17: Fangor | AN17: Hylos | AS17: Granger | AT17: Dont | AU17: Phoveus | AX17: Fanny | AY17: Repa | AZ17: Baxia | BE17: Kalea | BF17: NEIL | BG17: Zhuxin | DF17: Baxia | DG17: Mashiro | DH17: Fanny | DM17: Marcel | DN17: Fangor | DO17: Harley | ED17: Freya | EE17: Fangor | EF17: Gatotkaca | EK17: Yve | EL17: versoKodjikk | EM17: Marcel
A18: 1 | B18: 4 | C18: ='Schedule | 1 Division'!E8 -> Magic | D18: =R81 -> 1 | E18: =S81 -> 2 | F18: ='Schedule | 1 Division'!I8 -> Virtus.pro | G18: =IF(AND(D18=2, E18=0), C18, IF(AND(D18=0, E18=2), F18, "")) | H18: =IF(AND(D18=2, E18=1), C18, IF(AND(D18=1, E18=2), F18, "")) -> Virtus.pro | I18: =IF(AND(D18=1, E18=2), C18, IF(AND(D18=2, E18=1), F18, "")) -> Magic | J18: =IF(AND(D18=0, E18=2), C18, IF(AND(D18=2, E18=0), F18, "")) | AL18: Freya | AM18: BadKot | AN18: Yu Zhong | AS18: Valentina | AT18: Ptenchik | AU18: Harith | AX18: Arlott | AY18: ShowMe | AZ18: Hylos | BE18: Suyou | BF18: Inneskite | BG18: Marcel | DF18: Guinevere | DG18: Dont | DH18: Claude | DM18: Valentina | DN18: BadKot | DO18: Suyou | ED18: Harith | EE18: BadKot | EF18: Terizla | EK18: Sora | EL18: versoCastle | EM18: Harley
A19: 1 | B19: 5 | C19: ='Schedule | 1 Division'!E11 -> Team Spirit | D19: =AD21 -> 2 | E19: =AE21 -> 0 | F19: ='Schedule | 1 Division'!I11 -> CYBERHERO | G19: =IF(AND(D19=2, E19=0), C19, IF(AND(D19=0, E19=2), F19, "")) -> Team Spirit | H19: =IF(AND(D19=2, E19=1), C19, IF(AND(D19=1, E19=2), F19, "")) | I19: =IF(AND(D19=1, E19=2), C19, IF(AND(D19=2, E19=1), F19, "")) | J19: =IF(AND(D19=0, E19=2), C19, IF(AND(D19=2, E19=0), F19, "")) -> CYBERHERO | AL19: Kalea | AM19: Marl | AN19: Suyou | AS19: Chou | AT19: Loveeeely | AU19: Harley | AX19: Valentina | AY19: Avilio. | AZ19: Claude | BE19: Moskov | BF19: Gorkiy | BG19: Lapu-Lapu | DF19: Fredrinn | DG19: Loveeeely | DH19: Hilda | DM19: Kaja | DN19: Marl | DO19: Hylos | ED19: Hylos | EE19: Marl | EF19: Leomord | EK19: Clint | EL19: versoMarch | EM19: Kaja
A20: 1 | B20: 6 | C20: ='Schedule | 1 Division'!E12 -> Virtus.pro | D20: =AD41 -> 2 | E20: =AE41 -> 1 | F20: ='Schedule | 1 Division'!I12 -> FORZE | G20: =IF(AND(D20=2, E20=0), C20, IF(AND(D20=0, E20=2), F20, "")) | H20: =IF(AND(D20=2, E20=1), C20, IF(AND(D20=1, E20=2), F20, "")) -> Virtus.pro | I20: =IF(AND(D20=1, E20=2), C20, IF(AND(D20=2, E20=1), F20, "")) -> FORZE | J20: =IF(AND(D20=0, E20=2), C20, IF(AND(D20=2, E20=0), F20, "")) | AL20: Uranus | AM20: Bober | AN20: Yve | AS20: Sora | AT20: gxn1us | AU20: Fanny | AX20: Yve | AY20: Reaper | AZ20: Zetian | BE20: Kimmy | BF20: Twizy | BG20: Terizla | DF20: Arlott | DG20: gxn1us | DH20: Terizla | DM20: Sora | DN20: Bober | DO20: Yu Zhong | ED20: Hilda | EE20: Bober | EF20: Gord | EK20: Belerick | EL20: versoAFK | EM20: Chou
A21: 1 | B21: 7 | C21: ='Schedule | 1 Division'!E13 -> Magic | D21: =AD61 -> 0 | E21: =AE61 -> 2 | F21: ='Schedule | 1 Division'!I13 -> Verso Time | G21: =IF(AND(D21=2, E21=0), C21, IF(AND(D21=0, E21=2), F21, "")) -> Verso Time | H21: =IF(AND(D21=2, E21=1), C21, IF(AND(D21=1, E21=2), F21, "")) | I21: =IF(AND(D21=1, E21=2), C21, IF(AND(D21=2, E21=1), F21, "")) | J21: =IF(AND(D21=0, E21=2), C21, IF(AND(D21=2, E21=0), F21, "")) -> Magic | R21: =COUNTIF(R6:R20, "W") -> 0 | S21: =COUNTIF(S6:S20, "W") -> 2 | AD21: =COUNTIF(AD6:AD20, "W") -> 2 | AE21: =COUNTIF(AE6:AE20, "W") -> 0 | AP21: =COUNTIF(AP6:AP20, "W") -> 2 | AQ21: =COUNTIF(AQ6:AQ20, "W") -> 1 | BB21: =COUNTIF(BB6:BB20, "W") -> 2 | BC21: =COUNTIF(BC6:BC20, "W") -> 1 | BN21: =COUNTIF(BN6:BN20, "W") -> 2 | BO21: =COUNTIF(BO6:BO20, "W") -> 0 | BZ21: =COUNTIF(BZ6:BZ20, "W") -> 0 | CA21: =COUNTIF(CA6:CA20, "W") -> 2 | CL21: =COUNTIF(CL6:CL20, "W") -> 0 | CM21: =COUNTIF(CM6:CM20, "W") -> 2 | CX21: =COUNTIF(CX6:CX20, "W") -> 2 | CY21: =COUNTIF(CY6:CY20, "W") -> 0 | DJ21: =COUNTIF(DJ6:DJ20, "W") -> 1 | DK21: =COUNTIF(DK6:DK20, "W") -> 2 | DV21: =COUNTIF(DV6:DV20, "W") -> 0 | DW21: =COUNTIF(DW6:DW20, "W") -> 2 | EH21: =COUNTIF(EH6:EH20, "W") -> 1 | EI21: =COUNTIF(EI6:EI20, "W") -> 2 | ET21: =COUNTIF(ET6:ET20, "W") -> 2 | EU21: =COUNTIF(EU6:EU20, "W") -> 0 | FF21: =COUNTIF(FF6:FF20, "W") -> 0 | FG21: =COUNTIF(FG6:FG20, "W") -> 2 | FR21: =COUNTIF(FR6:FR20, "W") -> 0 | FS21: =COUNTIF(FS6:FS20, "W") -> 2
A22: 1 | B22: 8 | C22: ='Schedule | 1 Division'!E14 -> Team Yandex | D22: =AD81 -> 2 | E22: =AE81 -> 0 | F22: ='Schedule | 1 Division'!I14 -> Aura Farmers | G22: =IF(AND(D22=2, E22=0), C22, IF(AND(D22=0, E22=2), F22, "")) -> Team Yandex | H22: =IF(AND(D22=2, E22=1), C22, IF(AND(D22=1, E22=2), F22, "")) | I22: =IF(AND(D22=1, E22=2), C22, IF(AND(D22=2, E22=1), F22, "")) | J22: =IF(AND(D22=0, E22=2), C22, IF(AND(D22=2, E22=0), F22, "")) -> Aura Farmers
A23: 1 | B23: 9 | C23: ='Schedule | 1 Division'!E17 -> Virtus.pro | D23: =AP21 -> 2 | E23: =AQ21 -> 1 | F23: ='Schedule | 1 Division'!I17 -> Team Yandex | G23: =IF(AND(D23=2, E23=0), C23, IF(AND(D23=0, E23=2), F23, "")) | H23: =IF(AND(D23=2, E23=1), C23, IF(AND(D23=1, E23=2), F23, "")) -> Virtus.pro | I23: =IF(AND(D23=1, E23=2), C23, IF(AND(D23=2, E23=1), F23, "")) -> Team Yandex | J23: =IF(AND(D23=0, E23=2), C23, IF(AND(D23=2, E23=0), F23, "")) | M23: ='Schedule | 1 Division'!E6 -> Verso Time | R23: ='Schedule | 1 Division'!J6 -> Match 2 | T23: ='Schedule | 1 Division'!I6 -> FORZE | Y23: ='Schedule | 1 Division'!E12 -> Virtus.pro | AF23: ='Schedule | 1 Division'!I12 -> FORZE | AK23: ='Schedule | 1 Division'!E18 -> Team Spirit | AP23: ='Schedule | 1 Division'!J18 -> Match 10 | AR23: ='Schedule | 1 Division'!I18 -> Verso Time | AW23: ='Schedule | 1 Division'!E24 -> Team Spirit | BB23: ='Schedule | 1 Division'!J24 -> Match 14 | BD23: ='Schedule | 1 Division'!I24 -> Team Yandex | BI23: ='Schedule | 1 Division'!E30 -> CYBERHERO | BN23: ='Schedule | 1 Division'!J30 -> Match 18 | BP23: ='Schedule | 1 Division'!I30 -> Verso Time | BU23: ='Schedule | 1 Division'!E36 -> Magic | BZ23: ='Schedule | 1 Division'!J36 -> Match 22 | CB23: ='Schedule | 1 Division'!I36 -> Team Yandex | CG23: ='Schedule | 1 Division'!E42 -> Aura Farmers | CL23: ='Schedule | 1 Division'!J42 -> Match 26 | CN23: ='Schedule | 1 Division'!I42 -> Magic | CS23: ='Schedule | 1 Division'!K6 -> Team Yandex | CX23: ='Schedule | 1 Division'!P6 -> Match 30 | CZ23: ='Schedule | 1 Division'!O6 -> FORZE | DE23: ='Schedule | 1 Division'!K12 -> Magic | DJ23: ='Schedule | 1 Division'!P12 -> Match 34 | DL23: ='Schedule | 1 Division'!O12 -> FORZE | DQ23: ='Schedule | 1 Division'!K18 -> Aura Farmers | DV23: ='Schedule | 1 Division'!P18 -> Match 38 | DX23: ='Schedule | 1 Division'!O18 -> Team Yandex | EC23: ='Schedule | 1 Division'!K24 -> Aura Farmers | EH23: ='Schedule | 1 Division'!P24 -> Match 42 | EJ23: ='Schedule | 1 Division'!O24 -> FORZE | EO23: ='Schedule | 1 Division'!K30 -> Team Yandex | ET23: ='Schedule | 1 Division'!P30 -> Match 46 | EV23: ='Schedule | 1 Division'!O30 -> Magic | FA23: ='Schedule | 1 Division'!K36 -> Virtus.pro | FF23: ='Schedule | 1 Division'!P36 -> Match 50 | FH23: ='Schedule | 1 Division'!O36 -> Magic | FM23: ='Schedule | 1 Division'!K42 -> Verso Time | FR23: ='Schedule | 1 Division'!P42 -> Match 54 | FT23: ='Schedule | 1 Division'!O42 -> Team Yandex
A24: 1 | B24: 10 | C24: ='Schedule | 1 Division'!E18 -> Team Spirit | D24: =AP41 -> 2 | E24: =AQ41 -> 1 | F24: ='Schedule | 1 Division'!I18 -> Verso Time | G24: =IF(AND(D24=2, E24=0), C24, IF(AND(D24=0, E24=2), F24, "")) | H24: =IF(AND(D24=2, E24=1), C24, IF(AND(D24=1, E24=2), F24, "")) -> Team Spirit | I24: =IF(AND(D24=1, E24=2), C24, IF(AND(D24=2, E24=1), F24, "")) -> Verso Time | J24: =IF(AND(D24=0, E24=2), C24, IF(AND(D24=2, E24=0), F24, ""))
A25: 1 | B25: 11 | C25: ='Schedule | 1 Division'!E19 -> CYBERHERO | D25: =AP61 -> 2 | E25: =AQ61 -> 1 | F25: ='Schedule | 1 Division'!I19 -> Aura Farmers | G25: =IF(AND(D25=2, E25=0), C25, IF(AND(D25=0, E25=2), F25, "")) | H25: =IF(AND(D25=2, E25=1), C25, IF(AND(D25=1, E25=2), F25, "")) -> CYBERHERO | I25: =IF(AND(D25=1, E25=2), C25, IF(AND(D25=2, E25=1), F25, "")) -> Aura Farmers | J25: =IF(AND(D25=0, E25=2), C25, IF(AND(D25=2, E25=0), F25, "")) | M25: Map | N25: Ban Team 1 | O25: Players Team 1 | P25: Pick Team 1 | Q25: Side | R25: Score | T25: Side | U25: Pick Team 2 | V25: Players Team 2 | W25: Ban Team 2 | Y25: Map | Z25: Ban Team 1 | AA25: Players Team 1 | AB25: Pick Team 1 | AC25: Side | AD25: Score | AF25: Side | AG25: Pick Team 2 | AH25: Players Team 2 | AI25: Ban Team 2 | AK25: Map | AL25: Ban Team 1 | AM25: Players Team 1 | AN25: Pick Team 1 | AO25: Side | AP25: Score | AR25: Side | AS25: Pick Team 2 | AT25: Players Team 2 | AU25: Ban Team 2 | AW25: Map | AX25: Ban Team 1 | AY25: Players Team 1 | AZ25: Pick Team 1 | BA25: Side | BB25: Score | BD25: Side | BE25: Pick Team 2 | BF25: Players Team 2 | BG25: Ban Team 2 | BI25: Map | BJ25: Ban Team 1 | BK25: Players Team 1 | BL25: Pick Team 1 | BM25: Side | BN25: Score | BP25: Side | BQ25: Pick Team 2 | BR25: Players Team 2 | BS25: Ban Team 2 | BU25: Map | BV25: Ban Team 1 | BW25: Players Team 1 | BX25: Pick Team 1 | BY25: Side | BZ25: Score | CB25: Side | CC25: Pick Team 2 | CD25: Players Team 2 | CE25: Ban Team 2 | CG25: Map | CH25: Ban Team 1 | CI25: Players Team 1 | CJ25: Pick Team 1 | CK25: Side | CL25: Score | CN25: Side | CO25: Pick Team 2 | CP25: Players Team 2 | CQ25: Ban Team 2 | CS25: Map | CT25: Ban Team 1 | CU25: Players Team 1 | CV25: Pick Team 1 | CW25: Side | CX25: Score | CZ25: Side | DA25: Pick Team 2 | DB25: Players Team 2 | DC25: Ban Team 2 | DE25: Map | DF25: Ban Team 1 | DG25: Players Team 1 | DH25: Pick Team 1 | DI25: Side | DJ25: Score | DL25: Side | DM25: Pick Team 2 | DN25: Players Team 2 | DO25: Ban Team 2 | DQ25: Map | DR25: Ban Team 1 | DS25: Players Team 1 | DT25: Pick Team 1 | DU25: Side | DV25: Score | DX25: Side | DY25: Pick Team 2 | DZ25: Players Team 2 | EA25: Ban Team 2 | EC25: Map | ED25: Ban Team 1 | EE25: Players Team 1 | EF25: Pick Team 1 | EG25: Side | EH25: Score | EJ25: Side | EK25: Pick Team 2 | EL25: Players Team 2 | EM25: Ban Team 2 | EO25: Map | EP25: Ban Team 1 | EQ25: Players Team 1 | ER25: Pick Team 1 | ES25: Side | ET25: Score | EV25: Side | EW25: Pick Team 2 | EX25: Players Team 2 | EY25: Ban Team 2 | FA25: Map | FB25: Ban Team 1 | FC25: Players Team 1 | FD25: Pick Team 1 | FE25: Side | FF25: Score | FH25: Side | FI25: Pick Team 2 | FJ25: Players Team 2 | FK25: Ban Team 2 | FM25: Map | FN25: Ban Team 1 | FO25: Players Team 1 | FP25: Pick Team 1 | FQ25: Side | FR25: Score | FT25: Side | FU25: Pick Team 2 | FV25: Players Team 2 | FW25: Ban Team 2
A26: 1 | B26: 12 | C26: ='Schedule | 1 Division'!E20 -> FORZE | D26: =AP81 -> 2 | E26: =AQ81 -> 1 | F26: ='Schedule | 1 Division'!I20 -> Magic | G26: =IF(AND(D26=2, E26=0), C26, IF(AND(D26=0, E26=2), F26, "")) | H26: =IF(AND(D26=2, E26=1), C26, IF(AND(D26=1, E26=2), F26, "")) -> FORZE | I26: =IF(AND(D26=1, E26=2), C26, IF(AND(D26=2, E26=1), F26, "")) -> Magic | J26: =IF(AND(D26=0, E26=2), C26, IF(AND(D26=2, E26=0), F26, "")) | M26: 1 | N26: Gloo | O26: versoYustinian | P26: Harley | Q26: Blue | R26: W | S26: L | T26: Red | U26: Lancelot | V26: Repa | W26: Marcel | Y26: 1 | Z26: Phoveus | AA26: Marl | AB26: Baxia | AC26: Blue | AD26: L | AE26: W | AF26: Red | AG26: Clint | AH26: Avilio. | AI26: Freya | AK26: 1 | AL26: Yve | AM26: SunsetLover | AN26: Zetian | AO26: Blue | AP26: W | AQ26: L | AR26: Red | AS26: Harith | AT26: versoMarch | AU26: Zhuxin | AW26: 1 | AX26: Phoveus | AY26: SunsetLover | AZ26: Zetian | BA26: Blue | BB26: W | BC26: L | BD26: Red | BE26: Valentina | BF26: Troublemaker | BG26: Freya | BI26: 1 | BJ26: Harley | BK26: Q1let | BL26: Hylos | BM26: Blue | BN26: L | BO26: W | BP26: Red | BQ26: Guinevere | BR26: versoYustinian | BS26: Marcel | BU26: 1 | BV26: Harith | BW26: KOKUSHIBO | BX26: Kalea | BY26: Blue | BZ26: L | CA26: W | CB26: Red | CC26: Harley | CD26: Mashiro | CE26: Marcel | CG26: 1 | CH26: Harith | CI26: NEIL | CJ26: Baxia | CK26: Blue | CL26: L | CM26: W | CN26: Red | CO26: Gloo | CP26: KOKUSHIBO | CQ26: Zhuxin | CS26: 1 | CT26: Phoveus | CU26: Troublemaker | CV26: Zhuxin | CW26: Blue | CX26: W | CY26: L | CZ26: Red | DA26: Kalea | DB26: ShowMe | DC26: Freya | DE26: 1 | DF26: Harith | DG26: VillainTzy | DH26: Baxia | DI26: Blue | DJ26: L | DK26: W | DL26: Red | DM26: Claude | DN26: Avilio. | DO26: Marcel | DQ26: 1 | DR26: Phoveus | DS26: NEIL | DT26: Marcel | DU26: Blue | DV26: L | DW26: W | DX26: Red | DY26: Claude | DZ26: Dont | EA26: Freya | EC26: 1 | ED26: Fanny | EE26: NEIL | EF26: Chip | EG26: Blue | EH26: L | EI26: W | EJ26: Red | EK26: Paquito | EL26: Maniak | EM26: Zhuxin | EO26: 1 | EP26: Phoveus | EQ26: Dont | ER26: Harith | ES26: Blue | ET26: W | EU26: L | EV26: Red | EW26: Claude | EX26: ilovee | EY26: Marcel | FA26: 1 | FB26: Harley | FC26: BadKot | FD26: Paquito | FE26: Blue | FF26: W | FG26: L | FH26: Red | FI26: Harith | FJ26: ilovee | FK26: Marcel | FM26: 1 | FN26: Freya | FO26: versoAFK | FP26: Belerick | FQ26: Blue | FR26: L | FS26: W | FT26: Red | FU26: Guinevere | FV26: Mashiro | FW26: Baxia
A27: 1 | B27: 13 | C27: ='Schedule | 1 Division'!E23 -> FORZE | D27: =BB21 -> 2 | E27: =BC21 -> 1 | F27: ='Schedule | 1 Division'!I23 -> Aura Farmers | G27: =IF(AND(D27=2, E27=0), C27, IF(AND(D27=0, E27=2), F27, "")) | H27: =IF(AND(D27=2, E27=1), C27, IF(AND(D27=1, E27=2), F27, "")) -> FORZE | I27: =IF(AND(D27=1, E27=2), C27, IF(AND(D27=2, E27=1), F27, "")) -> Aura Farmers | J27: =IF(AND(D27=0, E27=2), C27, IF(AND(D27=2, E27=0), F27, "")) | N27: Baxia | O27: versoMarch | P27: Claude | U27: Uranus | V27: Maniak | W27: Guinevere | Z27: Harley | AA27: Bober | AB27: Harith | AG27: Kalea | AH27: ShowMe | AI27: Zhuxin | AL27: Phoveus | AM27: SAWO | AN27: Hylos | AS27: Guinevere | AT27: versoYustinian | AU27: Harley | AX27: Harith | AY27: SAWO | AZ27: Belerick | BE27: Kalea | BF27: Loveeeely | BG27: Marcel | BJ27: Harith | BK27: Rienzy | BL27: Leomord | BQ27: Kalea | BR27: versoAFK | BS27: Baxia | BV27: Yve | BW27: shelianer | BX27: Guinevere | CC27: Hilda | CD27: Loveeeely | CE27: Zhuxin | CH27: Guinevere | CI27: Gorkiy | CJ27: Claude | CO27: Suyou | CP27: shelianer | CQ27: Marcel | CT27: Baxia | CU27: Mashiro | CV27: Leomord | DA27: Gord | DB27: Reaper | DC27: Marcel | DF27: Yve | DG27: Solist | DH27: Benedetta | DM27: Terizla | DN27: Maniak | DO27: Zhuxin | DR27: Harith | DS27: Inneskite | DT27: Suyou | DY27: Guinevere | DZ27: Mashiro | EA27: Baxia | ED27: Phoveus | EE27: Inneskite | EF27: Leomord | EK27: Guinevere | EL27: Repa | EM27: Marcel | EP27: Baxia | EQ27: Troublemaker | ER27: Valentina | EW27: Guinevere | EX27: VillainTzy | EY27: Zhuxin | FB27: Yve | FC27: Marl | FD27: Fredrinn | FI27: Leomord | FJ27: VillainTzy | FK27: Zhuxin | FN27: Harley | FO27: versoYustinian | FP27: Leomord | FU27: Paquito | FV27: gxn1us | FW27: Marcel
A28: 1 | B28: 14 | C28: ='Schedule | 1 Division'!E24 -> Team Spirit | D28: =BB41 -> 2 | E28: =BC41 -> 0 | F28: ='Schedule | 1 Division'!I24 -> Team Yandex | G28: =IF(AND(D28=2, E28=0), C28, IF(AND(D28=0, E28=2), F28, "")) -> Team Spirit | H28: =IF(AND(D28=2, E28=1), C28, IF(AND(D28=1, E28=2), F28, "")) | I28: =IF(AND(D28=1, E28=2), C28, IF(AND(D28=2, E28=1), F28, "")) | J28: =IF(AND(D28=0, E28=2), C28, IF(AND(D28=2, E28=0), F28, "")) -> Team Yandex | N28: Freya | O28: versoAFK | P28: Khaleed | U28: Kalea | V28: ShowMe | W28: Sora | Z28: Marcel | AA28: BadKot | AB28: Sora | AG28: Benedetta | AH28: Maniak | AI28: Hilda | AL28: Baxia | AM28: Kidbomba | AN28: Freya | AS28: Kalea | AT28: versoAFK | AU28: Marcel | AX28: Yve | AY28: Kidbomba | AZ28: Benedetta | BE28: Fanny | BF28: Mashiro | BG28: Zhuxin | BJ28: Yve | BK28: yuurikoshik | BL28: Karrie | BQ28: Kimmy | BR28: versoKodjikk | BS28: Zhuxin | BV28: Freya | BW28: shvedskii | BX28: Kimmy | CC28: Bruno | CD28: Dont | CE28: Baxia | CH28: Harith | CI28: Twizy | CJ28: Valentina | CO28: Yve | CP28: shvedskii | CQ28: Freya | CT28: Guinevere | CU28: Dont | CV28: Claude | DA28: Yu Zhong | DB28: Maniak | DC28: Harley | DF28: Phoveus | DG28: shvedskii | DH28: Zetian | DM28: Fanny | DN28: Repa | DO28: Freya | DR28: Harley | DS28: Summer | DT28: Sora | DY28: Valentina | DZ28: gxn1us | EA28: Zhuxin | ED28: Harley | EE28: Summer | EF28: Harith | EK28: Gord | EL28: Reaper | EM28: Baxia | EP28: Harley | EQ28: Mashiro | ER28: Suyou | EW28: Gord | EX28: shvedskii | EY28: Freya | FB28: Freya | FC28: superegorka | FD28: Clint | FI28: Gord | FJ28: shvedskii | FK28: Baxia | FN28: Kalea | FO28: versoCastle | FP28: Sora | FU28: Yve | FV28: Troublemaker | FW28: Harith
A29: 1 | B29: 15 | C29: ='Schedule | 1 Division'!E25 -> CYBERHERO | D29: =BB61 -> 2 | E29: =BC61 -> 0 | F29: ='Schedule | 1 Division'!I25 -> Magic | G29: =IF(AND(D29=2, E29=0), C29, IF(AND(D29=0, E29=2), F29, "")) -> CYBERHERO | H29: =IF(AND(D29=2, E29=1), C29, IF(AND(D29=1, E29=2), F29, "")) | I29: =IF(AND(D29=1, E29=2), C29, IF(AND(D29=2, E29=1), F29, "")) | J29: =IF(AND(D29=0, E29=2), C29, IF(AND(D29=2, E29=0), F29, "")) -> Magic | N29: Suyou | O29: versoKodjikk | P29: Zhuxin | U29: Lylia | V29: Reaper | W29: Hilda | Z29: Yu Zhong | AA29: superegorka | AB29: Valentina | AG29: Guinevere | AH29: Repa | AI29: Zetian | AL29: Yu Zhong | AM29: zaur egoist | AN29: Suyou | AS29: Kimmy | AT29: versoKodjikk | AU29: Gatotkaca | AX29: Terizla | AY29: zaur egoist | AZ29: Baxia | BE29: Karrie | BF29: Dont | BG29: Moskov | BJ29: Terizla | BK29: Solitude | BL29: Lylia | BQ29: Beatrix | BR29: versoMarch | BS29: Zetian | BV29: Gatotkaca | BW29: Solist | BX29: Arlott | CC29: Zetian | CD29: Troublemaker | CE29: Sora | CH29: Lesley | CI29: Inneskite | CJ29: Yi Sun-Shin | CO29: Phoveus | CP29: Solist | CQ29: Fanny | CT29: Yve | CU29: Loveeeely | CV29: Kaja | DA29: Suyou | DB29: Repa | DC29: Hylos | DF29: Valentina | DG29: KOKUSHIBO | DH29: Badang | DM29: Selena | DN29: Reaper | DO29: Moskov | DR29: Kalea | DS29: Gorkiy | DT29: Karrie | DY29: Belerick | DZ29: Loveeeely | EA29: Granger | ED29: Gloo | EE29: Gorkiy | EF29: Freya | EK29: Chou | EL29: ShowMe | EM29: Alice | EP29: Sora | EQ29: Loveeeely | ER29: Belerick | EW29: Gloo | EX29: KOKUSHIBO | EY29: Hilda | FB29: Yu Zhong | FC29: Bober | FD29: Luo Yi | FI29: Belerick | FJ29: KOKUSHIBO | FK29: Claude | FN29: Bruno | FO29: versoMarch | FP29: Claude | FU29: Granger | FV29: Dont | FW29: Phoveus
A30: 1 | B30: 16 | C30: ='Schedule | 1 Division'!E26 -> Verso Time | D30: =BB81 -> 2 | E30: =BC81 -> 0 | F30: ='Schedule | 1 Division'!I26 -> Virtus.pro | G30: =IF(AND(D30=2, E30=0), C30, IF(AND(D30=0, E30=2), F30, "")) -> Verso Time | H30: =IF(AND(D30=2, E30=1), C30, IF(AND(D30=1, E30=2), F30, "")) | I30: =IF(AND(D30=1, E30=2), C30, IF(AND(D30=2, E30=1), F30, "")) | J30: =IF(AND(D30=0, E30=2), C30, IF(AND(D30=2, E30=0), F30, "")) -> Virtus.pro | N30: Fanny | O30: versoCastle | P30: Phoveus | U30: Clint | V30: Avilio. | W30: Grock | Z30: Karrie | AA30: Fangor | AB30: Belerick | AG30: Yve | AH30: Reaper | AI30: Valir | AL30: Gord | AM30: Hiko | AN30: Claude | AS30: Terizla | AT30: versoCastle | AU30: Belerick | AX30: Alice | AY30: Hiko | AZ30: Bruno | BE30: Uranus | BF30: gxn1us | BG30: Claude | BJ30: Arlott | BK30: Marbon | BL30: Phoveus | BQ30: Lapu-Lapu | BR30: versoCastle | BS30: Valentina | BV30: Grock | BW30: ilovee | BX30: Karrie | CC30: Uranus | CD30: gxn1us | CE30: Terizla | CH30: Moskov | CI30: Summer | CJ30: Terizla | CO30: Clint | CP30: ilovee | CQ30: Leomord | CT30: Valentina | CU30: gxn1us | CV30: Uranus | DA30: Harith | DB30: Avilio. | DC30: Hilda | DF30: Kalea | DG30: ilovee | DH30: Clint | DM30: Chou | DN30: ShowMe | DO30: Lesley | DR30: Hilda | DS30: Twizy | DT30: Kimmy | DY30: Yve | DZ30: Troublemaker | EA30: Bruno | ED30: Hylos | EE30: Twizy | EF30: Valentina | EK30: Claude | EL30: Avilio. | EM30: Arlott | EP30: Yu Zhong | EQ30: gxn1us | ER30: Lapu-Lapu | EW30: Paquito | EX30: Solist | EY30: Uranus | FB30: Atlas | FC30: Fangor | FD30: Chou | FI30: Phoveus | FJ30: Solist | FK30: Hilda | FN30: Clint | FO30: versoKodjikk | FP30: Zhuxin | FU30: Atlas | FV30: Loveeeely | FW30: Yu Zhong
A31: 1 | B31: 17 | C31: ='Schedule | 1 Division'!E29 -> FORZE | D31: =BN21 -> 2 | E31: =BO21 -> 0 | F31: ='Schedule | 1 Division'!I29 -> Team Yandex | G31: =IF(AND(D31=2, E31=0), C31, IF(AND(D31=0, E31=2), F31, "")) -> FORZE | H31: =IF(AND(D31=2, E31=1), C31, IF(AND(D31=1, E31=2), F31, "")) | I31: =IF(AND(D31=1, E31=2), C31, IF(AND(D31=2, E31=1), F31, "")) | J31: =IF(AND(D31=0, E31=2), C31, IF(AND(D31=2, E31=0), F31, "")) -> Team Yandex | M31: 2 | N31: Freya | O31: versoYustinian | P31: Guinevere | Q31: Red | R31: W | S31: L | T31: Blue | U31: Baxia | V31: Repa | W31: Harley | Y31: 2 | Z31: Freya | AA31: Marl | AB31: Harley | AC31: Red | AD31: W | AE31: L | AF31: Blue | AG31: Harith | AH31: Avilio. | AI31: Phoveus | AK31: 2 | AL31: Guinevere | AM31: SunsetLover | AN31: Valentina | AO31: Red | AP31: L | AQ31: W | AR31: Blue | AS31: Zhuxin | AT31: versoKodjikk | AU31: Harley | AW31: 2 | AX31: Yve | AY31: SunsetLover | AZ31: Zetian | BA31: Red | BB31: W | BC31: L | BD31: Blue | BE31: Baxia | BF31: Mashiro | BG31: Fanny | BI31: 2 | BJ31: Phoveus | BK31: Rienzy | BL31: Cici | BM31: Blue | BN31: L | BO31: W | BP31: Red | BQ31: Zhuxin | BR31: versoKodjikk | BS31: Freya | BU31: 2 | BV31: Zhuxin | BW31: KOKUSHIBO | BX31: Kalea | BY31: Red | BZ31: L | CA31: W | CB31: Blue | CC31: Uranus | CD31: gxn1us | CE31: Harith | CG31: 2 | CH31: Guinevere | CI31: NEIL | CJ31: Baxia | CK31: Blue | CL31: L | CM31: W | CN31: Red | CO31: Grock | CP31: KOKUSHIBO | CQ31: Marcel | CS31: 2 | CT31: Freya | CU31: gxn1us | CV31: Uranus | CW31: Red | CX31: L | CY31: W | CZ31: Blue | DA31: Guinevere | DB31: Repa | DC31: Harith | DE31: 2 | DF31: Phoveus | DG31: VillainTzy | DH31: Baxia | DI31: Blue | DJ31: L | DK31: W | DL31: Red | DM31: Kalea | DN31: ShowMe | DO31: Freya | DQ31: 2 | DR31: Freya | DS31: NEIL | DT31: Hilda | DU31: Red | DV31: L | DW31: W | DX31: Blue | DY31: Harley | DZ31: Mashiro | EA31: Phoveus | EC31: 2 | ED31: Marcel | EE31: NEIL | EF31: Kalea | EG31: Red | EH31: W | EI31: L | EJ31: Blue | EK31: Zhuxin | EL31: Reaper | EM31: Baxia | EO31: 2 | EP31: Baxia | EQ31: Dont | ER31: Claude | ES31: Red | ET31: W | EU31: L | EV31: Blue | EW31: Harith | EX31: ilovee | EY31: Phoveus | FA31: 2 | FB31: Marcel | FC31: superegorka | FD31: Harith | FE31: Red | FF31: W | FG31: L | FH31: Blue | FI31: Barats | FJ31: VillainTzy | FK31: Harley | FM31: 2 | FN31: Harley | FO31: versoCastle | FP31: Sora | FQ31: Blue | FR31: L | FS31: W | FT31: Red | FU31: Zhuxin | FV31: Troublemaker | FW31: Baxia
A32: 1 | B32: 18 | C32: ='Schedule | 1 Division'!E30 -> CYBERHERO | D32: =BN41 -> 0 | E32: =BO41 -> 2 | F32: ='Schedule | 1 Division'!I30 -> Verso Time | G32: =IF(AND(D32=2, E32=0), C32, IF(AND(D32=0, E32=2), F32, "")) -> Verso Time | H32: =IF(AND(D32=2, E32=1), C32, IF(AND(D32=1, E32=2), F32, "")) | I32: =IF(AND(D32=1, E32=2), C32, IF(AND(D32=2, E32=1), F32, "")) | J32: =IF(AND(D32=0, E32=2), C32, IF(AND(D32=2, E32=0), F32, "")) -> CYBERHERO | N32: Zhuxin | O32: versoMarch | P32: Moskov | U32: Phoveus | V32: Maniak | W32: Sora | Z32: Marcel | AA32: Bober | AB32: Clint | AG32: Hilda | AH32: ShowMe | AI32: Yve | AL32: Yi Sun-Shin | AM32: SAWO | AN32: Kalea | AS32: Harith | AT32: versoMarch | AU32: Marcel | AX32: Harley | AY32: SAWO | AZ32: Hylos | BE32: Freya | BF32: gxn1us | BG32: Guinevere | BJ32: Kalea | BK32: Q1let | BL32: Hilda | BQ32: Harley | BR32: versoYustinian | BS32: Marcel | BV32: Freya | BW32: shelianer | BX32: Guinevere | CC32: Hilda | CD32: Loveeeely | CE32: Phoveus | CH32: Harley | CI32: Gorkiy | CJ32: Moskov | CO32: Suyou | CP32: shelianer | CQ32: Zhuxin | CT32: Baxia | CU32: Mashiro | CV32: Harley | DA32: Paquito | DB32: Maniak | DC32: Yve | DF32: Yve | DG32: ilovee | DH32: Moskov | DM32: Karrie | DN32: Avilio. | DO32: Zhuxin | DR32: Marcel | DS32: Gorkiy | DT32: Claude | DY32: Terizla | DZ32: gxn1us | EA32: Baxia | ED32: Freya | EE32: Gorkiy | EF32: Harith | EK32: Harley | EL32: Repa | EM32: Phoveus | EP32: Freya | EQ32: Mashiro | ER32: Guinevere | EW32: Paquito | EX32: Solist | EY32: Harley | FB32: Zhuxin | FC32: BadKot | FD32: Paquito | FI32: Claude | FJ32: ilovee | FK32: Yve | FN32: Freya | FO32: versoYustinian | FP32: Leomord | FU32: Paquito | FV32: gxn1us | FW32: Marcel
A33: 1 | B33: 19 | C33: ='Schedule | 1 Division'!E31 -> Aura Farmers | D33: =BN61 -> 2 | E33: =BO61 -> 1 | F33: ='Schedule | 1 Division'!I31 -> Virtus.pro | G33: =IF(AND(D33=2, E33=0), C33, IF(AND(D33=0, E33=2), F33, "")) | H33: =IF(AND(D33=2, E33=1), C33, IF(AND(D33=1, E33=2), F33, "")) -> Aura Farmers | I33: =IF(AND(D33=1, E33=2), C33, IF(AND(D33=2, E33=1), F33, "")) -> Virtus.pro | J33: =IF(AND(D33=0, E33=2), C33, IF(AND(D33=2, E33=0), F33, "")) | N33: Marcel | O33: versoAFK | P33: Kalea | U33: Hilda | V33: ShowMe | W33: Gloo | Z33: Baxia | AA33: BadKot | AB33: Sora | AG33: Uranus | AH33: Maniak | AI33: Guinevere | AL33: Suyou | AM33: Kidbomba | AN33: Lapu-Lapu | AS33: Terizla | AT33: versoCastle | AU33: Freya | AX33: Zhuxin | AY33: Kidbomba | AZ33: Phoveus | BE33: Valentina | BF33: Troublemaker | BG33: Marcel | BJ33: Harith | BK33: yuurikoshik | BL33: Bruno | BQ33: Badang | BR33: versoAFK | BS33: Valentina | BV33: Marcel | BW33: Solist | BX33: Sora | CC33: Harley | CD33: Mashiro | CE33: Baxia | CH33: Gloo | CI33: Twizy | CJ33: Yve | CO33: Leomord | CP33: Solist | CQ33: Freya | CT33: Zhuxin | CU33: Dont | CV33: Claude | DA33: Selena | DB33: Reaper | DC33: Hilda | DF33: Harith | DG33: shvedskii | DH33: Zetian | DM33: Gord | DN33: Reaper | DO33: Marcel | DR33: Harith | DS33: Inneskite | DT33: Leomord | DY33: Valentina | DZ33: Troublemaker | EA33: Zhuxin | ED33: Claude | EE33: Inneskite | EF33: Fanny | EK33: Hylos | EL33: ShowMe | EM33: Hilda | EP33: Zhuxin | EQ33: Troublemaker | ER33: Gord | EW33: Valentina | EX33: shvedskii | EY33: Marcel | FB33: Phoveus | FC33: Marl | FD33: Suyou | FI33: Benedetta | FJ33: Solist | FK33: Freya | FN33: Guinevere | FO33: versoKodjikk | FP33: Yve | FU33: Harith | FV33: Dont | FW33: Phoveus
A34: 1 | B34: 20 | C34: ='Schedule | 1 Division'!E32 -> Magic | D34: =BN81 -> 0 | E34: =BO81 -> 2 | F34: ='Schedule | 1 Division'!I32 -> Team Spirit | G34: =IF(AND(D34=2, E34=0), C34, IF(AND(D34=0, E34=2), F34, "")) -> Team Spirit | H34: =IF(AND(D34=2, E34=1), C34, IF(AND(D34=1, E34=2), F34, "")) | I34: =IF(AND(D34=1, E34=2), C34, IF(AND(D34=2, E34=1), F34, "")) | J34: =IF(AND(D34=0, E34=2), C34, IF(AND(D34=2, E34=0), F34, "")) -> Magic | N34: Zetian | O34: versoKodjikk | P34: Yve | U34: Novaria | V34: Reaper | W34: X.Borg | Z34: Fanny | AA34: superegorka | AB34: Kimmy | AG34: Suyou | AH34: Repa | AI34: Valir | AL34: Yve | AM34: zaur egoist | AN34: Baxia | AS34: Chip | AT34: versoAFK | AU34: Sora | AX34: Yu Zhong | AY34: zaur egoist | AZ34: Yi Sun-Shin | BE34: Grock | BF34: Loveeeely | BG34: Belerick | BJ34: Gloo | BK34: Solitude | BL34: Yve | BQ34: Terizla | BR34: versoCastle | BS34: Sora | BV34: Yve | BW34: shvedskii | BX34: Zetian | CC34: Claude | CD34: Dont | CE34: Valir | CH34: Phoveus | CI34: Inneskite | CJ34: Joy | CO34: Zetian | CP34: shvedskii | CQ34: Fanny | CT34: Granger | CU34: Troublemaker | CV34: Kagura | DA34: Marcel | DB34: ShowMe | DC34: Valentina | DF34: Guinevere | DG34: KOKUSHIBO | DH34: Grock | DM34: Yu Zhong | DN34: Maniak | DO34: Atlas | DR34: Hylos | DS34: Summer | DT34: Kalea | DY34: Moskov | DZ34: Dont | EA34: Uranus | ED34: Moskov | EE34: Summer | EF34: Arlott | EK34: Clint | EL34: Avilio. | EM34: Uranus | EP34: Uranus | EQ34: Loveeeely | ER34: Belerick | EW34: Atlas | EX34: KOKUSHIBO | EY34: Khufra | FB34: Belerick | FC34: Bober | FD34: Valentina | FI34: Gord | FJ34: shvedskii | FK34: Chou | FN34: Atlas | FO34: versoAFK | FP34: Kalea | FU34: Hilda | FV34: Loveeeely | FW34: Moskov
A35: 1 | B35: 21 | C35: ='Schedule | 1 Division'!E35 -> Aura Farmers | D35: =BZ21 -> 0 | E35: =CA21 -> 2 | F35: ='Schedule | 1 Division'!I35 -> Verso Time | G35: =IF(AND(D35=2, E35=0), C35, IF(AND(D35=0, E35=2), F35, "")) -> Verso Time | H35: =IF(AND(D35=2, E35=1), C35, IF(AND(D35=1, E35=2), F35, "")) | I35: =IF(AND(D35=1, E35=2), C35, IF(AND(D35=2, E35=1), F35, "")) | J35: =IF(AND(D35=0, E35=2), C35, IF(AND(D35=2, E35=0), F35, "")) -> Aura Farmers | N35: Valentina | O35: versoCastle | P35: Cici | U35: Claude | V35: Avilio. | W35: Terizla | Z35: Lancelot | AA35: Fangor | AB35: Khaleed | AG35: Zhuxin | AH35: Reaper | AI35: Lylia | AL35: Nolan | AM35: Hiko | AN35: Granger | AS35: Leomord | AT35: versoYustinian | AU35: Beatrix | AX35: Cici | AY35: Hiko | AZ35: Harith | BE35: Freya | BF35: Dont | BG35: Leomord | BJ35: Khaleed | BK35: Marbon | BL35: Baxia | BQ35: Moskov | BR35: versoMarch | BS35: Arlott | BV35: Valentina | BW35: ilovee | BX35: Moskov | CC35: Kagura | CD35: Troublemaker | CE35: Karrie | CH35: Valir | CI35: Summer | CJ35: Terizla | CO35: Harith | CP35: ilovee | CQ35: Arlott | CT35: Benedetta | CU35: Loveeeely | CV35: Hylos | DA35: Moskov | DB35: Avilio. | DC35: Gloo | DF35: Harley | DG35: Solist | DH35: Leomord | DM35: Suyou | DN35: Repa | DO35: Badang | DR35: Atlas | DS35: Twizy | DT35: Pharsa | DY35: Belerick | DZ35: Loveeeely | EA35: Alice | ED35: Obsidia | EE35: Twizy | EF35: Yve | EK35: Paquito | EL35: Maniak | EM35: Alice | EP35: Alice | EQ35: gxn1us | ER35: Yu Zhong | EW35: Suyou | EX35: VillainTzy | EY35: Kalea | FB35: Kalea | FC35: Fangor | FD35: Kaja | FI35: Hylos | FJ35: KOKUSHIBO | FK35: Gloo | FN35: Grock | FO35: versoMarch | FP35: Claude | FU35: Akai | FV35: Mashiro | FW35: Clint
A36: 1 | B36: 22 | C36: ='Schedule | 1 Division'!E36 -> Magic | D36: =BZ41 -> 0 | E36: =CA41 -> 2 | F36: ='Schedule | 1 Division'!I36 -> Team Yandex | G36: =IF(AND(D36=2, E36=0), C36, IF(AND(D36=0, E36=2), F36, "")) -> Team Yandex | H36: =IF(AND(D36=2, E36=1), C36, IF(AND(D36=1, E36=2), F36, "")) | I36: =IF(AND(D36=1, E36=2), C36, IF(AND(D36=2, E36=1), F36, "")) | J36: =IF(AND(D36=0, E36=2), C36, IF(AND(D36=2, E36=0), F36, "")) -> Magic | M36: 3 | Y36: 3 | Z36: Phoveus | AA36: Marl | AB36: Baxia | AC36: Blue | AD36: W | AE36: L | AF36: Red | AG36: Granger | AH36: Avilio. | AI36: Freya | AK36: 3 | AL36: Yve | AM36: SunsetLover | AN36: Valentina | AO36: Blue | AP36: W | AQ36: L | AR36: Red | AS36: Zetian | AT36: versoKodjikk | AU36: Zhuxin | AW36: 3 | BI36: 3 | BU36: 3 | CG36: 3 | CS36: 3 | CT36: Phoveus | CU36: Troublemaker | CV36: Zhuxin | CW36: Blue | CX36: W | CY36: L | CZ36: Red | DA36: Fanny | DB36: Repa | DC36: Freya | DE36: 3 | DQ36: 3 | EC36: 3 | ED36: Phoveus | EE36: NEIL | EF36: Kalea | EG36: Blue | EH36: L | EI36: W | EJ36: Red | EK36: Paquito | EL36: Maniak | EM36: Zhuxin | EO36: 3 | FA36: 3 | FM36: 3
A37: 1 | B37: 23 | C37: ='Schedule | 1 Division'!E37 -> Virtus.pro | D37: =BZ61 -> 2 | E37: =CA61 -> 0 | F37: ='Schedule | 1 Division'!I37 -> CYBERHERO | G37: =IF(AND(D37=2, E37=0), C37, IF(AND(D37=0, E37=2), F37, "")) -> Virtus.pro | H37: =IF(AND(D37=2, E37=1), C37, IF(AND(D37=1, E37=2), F37, "")) | I37: =IF(AND(D37=1, E37=2), C37, IF(AND(D37=2, E37=1), F37, "")) | J37: =IF(AND(D37=0, E37=2), C37, IF(AND(D37=2, E37=0), F37, "")) -> CYBERHERO | Z37: Harley | AA37: Bober | AB37: Valentina | AG37: Chou | AH37: ShowMe | AI37: Zhuxin | AL37: Harith | AM37: SAWO | AN37: Chip | AS37: Terizla | AT37: versoCastle | AU37: Marcel | CT37: Baxia | CU37: Mashiro | CV37: Leomord | DA37: Lapu-Lapu | DB37: Maniak | DC37: Harley | ED37: Guinevere | EE37: Gorkiy | EF37: Terizla | EK37: Baxia | EL37: Repa | EM37: Marcel
A38: 1 | B38: 24 | C38: ='Schedule | 1 Division'!E38 -> Team Spirit | D38: =BZ81 -> 2 | E38: =CA81 -> 0 | F38: ='Schedule | 1 Division'!I38 -> FORZE | G38: =IF(AND(D38=2, E38=0), C38, IF(AND(D38=0, E38=2), F38, "")) -> Team Spirit | H38: =IF(AND(D38=2, E38=1), C38, IF(AND(D38=1, E38=2), F38, "")) | I38: =IF(AND(D38=1, E38=2), C38, IF(AND(D38=2, E38=1), F38, "")) | J38: =IF(AND(D38=0, E38=2), C38, IF(AND(D38=2, E38=0), F38, "")) -> FORZE | Z38: Kalea | AA38: BadKot | AB38: Yu Zhong | AG38: Terizla | AH38: Maniak | AI38: Marcel | AL38: Phoveus | AM38: Kidbomba | AN38: Sora | AS38: Harley | AT38: versoYustinian | AU38: Freya | CT38: Guinevere | CU38: Dont | CV38: Claude | DA38: Valentina | DB38: Reaper | DC38: Marcel | ED38: Fanny | EE38: Inneskite | EF38: Leomord | EK38: Harith | EL38: Avilio. | EM38: Harley
A39: 1 | B39: 25 | C39: ='Schedule | 1 Division'!E41 -> Team Yandex | D39: =CL21 -> 0 | E39: =CM21 -> 2 | F39: ='Schedule | 1 Division'!I41 -> Verso Time | G39: =IF(AND(D39=2, E39=0), C39, IF(AND(D39=0, E39=2), F39, "")) -> Verso Time | H39: =IF(AND(D39=2, E39=1), C39, IF(AND(D39=1, E39=2), F39, "")) | I39: =IF(AND(D39=1, E39=2), C39, IF(AND(D39=2, E39=1), F39, "")) | J39: =IF(AND(D39=0, E39=2), C39, IF(AND(D39=2, E39=0), F39, "")) -> Team Yandex | Z39: Benedetta | AA39: superegorka | AB39: Moskov | AG39: Guinevere | AH39: Repa | AI39: Harith | AL39: Clint | AM39: zaur egoist | AN39: Baxia | AS39: Hylos | AT39: versoAFK | AU39: Claude | CT39: Terizla | CU39: Loveeeely | CV39: Khufra | DA39: Hylos | DB39: ShowMe | DC39: Kaja | ED39: Hylos | EE39: Summer | EF39: Freya | EK39: Gloo | EL39: ShowMe | EM39: Claude
A40: 1 | B40: 26 | C40: ='Schedule | 1 Division'!E42 -> Aura Farmers | D40: =CL41 -> 0 | E40: =CM41 -> 2 | F40: ='Schedule | 1 Division'!I42 -> Magic | G40: =IF(AND(D40=2, E40=0), C40, IF(AND(D40=0, E40=2), F40, "")) -> Magic | H40: =IF(AND(D40=2, E40=1), C40, IF(AND(D40=1, E40=2), F40, "")) | I40: =IF(AND(D40=1, E40=2), C40, IF(AND(D40=2, E40=1), F40, "")) | J40: =IF(AND(D40=0, E40=2), C40, IF(AND(D40=2, E40=0), F40, "")) -> Aura Farmers | Z40: Karrie | AA40: Fangor | AB40: Hilda | AG40: Yve | AH40: Reaper | AI40: Arlott | AL40: Moskov | AM40: Hiko | AN40: Yi Sun-Shin | AS40: Bruno | AT40: versoMarch | AU40: Kalea | CT40: Hilda | CU40: gxn1us | CV40: Yu Zhong | DA40: Harith | DB40: Avilio. | DC40: Badang | ED40: Belerick | EE40: Twizy | EF40: Yve | EK40: Valentina | EL40: Reaper | EM40: Beatrix
A41: 1 | B41: 27 | C41: ='Schedule | 1 Division'!E43 -> Virtus.pro | D41: =CL61 -> 0 | E41: =CM61 -> 2 | F41: ='Schedule | 1 Division'!I43 -> Team Spirit | G41: =IF(AND(D41=2, E41=0), C41, IF(AND(D41=0, E41=2), F41, "")) -> Team Spirit | H41: =IF(AND(D41=2, E41=1), C41, IF(AND(D41=1, E41=2), F41, "")) | I41: =IF(AND(D41=1, E41=2), C41, IF(AND(D41=2, E41=1), F41, "")) | J41: =IF(AND(D41=0, E41=2), C41, IF(AND(D41=2, E41=0), F41, "")) -> Virtus.pro | R41: =COUNTIF(R26:R40, "W") -> 2 | S41: =COUNTIF(S26:S40, "W") -> 0 | AD41: =COUNTIF(AD26:AD40, "W") -> 2 | AE41: =COUNTIF(AE26:AE40, "W") -> 1 | AP41: =COUNTIF(AP26:AP40, "W") -> 2 | AQ41: =COUNTIF(AQ26:AQ40, "W") -> 1 | BB41: =COUNTIF(BB26:BB40, "W") -> 2 | BC41: =COUNTIF(BC26:BC40, "W") -> 0 | BN41: =COUNTIF(BN26:BN40, "W") -> 0 | BO41: =COUNTIF(BO26:BO40, "W") -> 2 | BZ41: =COUNTIF(BZ26:BZ40, "W") -> 0 | CA41: =COUNTIF(CA26:CA40, "W") -> 2 | CL41: =COUNTIF(CL26:CL40, "W") -> 0 | CM41: =COUNTIF(CM26:CM40, "W") -> 2 | CX41: =COUNTIF(CX26:CX40, "W") -> 2 | CY41: =COUNTIF(CY26:CY40, "W") -> 1 | DJ41: =COUNTIF(DJ26:DJ40, "W") -> 0 | DK41: =COUNTIF(DK26:DK40, "W") -> 2 | DV41: =COUNTIF(DV26:DV40, "W") -> 0 | DW41: =COUNTIF(DW26:DW40, "W") -> 2 | EH41: =COUNTIF(EH26:EH40, "W") -> 1 | EI41: =COUNTIF(EI26:EI40, "W") -> 2 | ET41: =COUNTIF(ET26:ET40, "W") -> 2 | EU41: =COUNTIF(EU26:EU40, "W") -> 0 | FF41: =COUNTIF(FF26:FF40, "W") -> 2 | FG41: =COUNTIF(FG26:FG40, "W") -> 0 | FR41: =COUNTIF(FR26:FR40, "W") -> 0 | FS41: =COUNTIF(FS26:FS40, "W") -> 2
A42: 1 | B42: 28 | C42: ='Schedule | 1 Division'!E44 -> FORZE | D42: =CL81 -> 2 | E42: =CM81 -> 0 | F42: ='Schedule | 1 Division'!I44 -> CYBERHERO | G42: =IF(AND(D42=2, E42=0), C42, IF(AND(D42=0, E42=2), F42, "")) -> FORZE | H42: =IF(AND(D42=2, E42=1), C42, IF(AND(D42=1, E42=2), F42, "")) | I42: =IF(AND(D42=1, E42=2), C42, IF(AND(D42=2, E42=1), F42, "")) | J42: =IF(AND(D42=0, E42=2), C42, IF(AND(D42=2, E42=0), F42, "")) -> CYBERHERO
A43: 2 | B43: 29 | C43: ='Schedule | 1 Division'!K5 -> Team Spirit | D43: =CX21 -> 2 | E43: =CY21 -> 0 | F43: ='Schedule | 1 Division'!O5 -> Magic | G43: =IF(AND(D43=2, E43=0), C43, IF(AND(D43=0, E43=2), F43, "")) -> Team Spirit | H43: =IF(AND(D43=2, E43=1), C43, IF(AND(D43=1, E43=2), F43, "")) | I43: =IF(AND(D43=1, E43=2), C43, IF(AND(D43=2, E43=1), F43, "")) | J43: =IF(AND(D43=0, E43=2), C43, IF(AND(D43=2, E43=0), F43, "")) -> Magic | M43: ='Schedule | 1 Division'!E7 -> CYBERHERO | R43: ='Schedule | 1 Division'!J7 -> Match 3 | T43: ='Schedule | 1 Division'!I7 -> Team Yandex | Y43: ='Schedule | 1 Division'!E13 -> Magic | AD43: ='Schedule | 1 Division'!J13 -> Match 7 | AF43: ='Schedule | 1 Division'!I13 -> Verso Time | AK43: ='Schedule | 1 Division'!E19 -> CYBERHERO | AP43: ='Schedule | 1 Division'!J19 -> Match 11 | AR43: ='Schedule | 1 Division'!I19 -> Aura Farmers | AW43: ='Schedule | 1 Division'!E25 -> CYBERHERO | BB43: ='Schedule | 1 Division'!J25 -> Match 15 | BD43: ='Schedule | 1 Division'!I25 -> Magic | BI43: ='Schedule | 1 Division'!E31 -> Aura Farmers | BN43: ='Schedule | 1 Division'!J31 -> Match 19 | BP43: ='Schedule | 1 Division'!I31 -> Virtus.pro | BU43: ='Schedule | 1 Division'!E37 -> Virtus.pro | BZ43: ='Schedule | 1 Division'!J37 -> Match 23 | CB43: ='Schedule | 1 Division'!I37 -> CYBERHERO | CG43: ='Schedule | 1 Division'!E43 -> Virtus.pro | CL43: ='Schedule | 1 Division'!J43 -> Match 27 | CN43: ='Schedule | 1 Division'!I43 -> Team Spirit | CS43: ='Schedule | 1 Division'!K7 -> Verso Time | CX43: ='Schedule | 1 Division'!P7 -> Match 31 | CZ43: ='Schedule | 1 Division'!O7 -> CYBERHERO | DE43: ='Schedule | 1 Division'!K13 -> Verso Time | DJ43: ='Schedule | 1 Division'!P13 -> Match 35 | DL43: ='Schedule | 1 Division'!O13 -> Team Spirit | DQ43: ='Schedule | 1 Division'!K19 -> FORZE | DV43: ='Schedule | 1 Division'!P19 -> Match 39 | DX43: ='Schedule | 1 Division'!O19 -> Virtus.pro | EC43: ='Schedule | 1 Division'!K25 -> Magic | EH43: ='Schedule | 1 Division'!P25 -> Match 43 | EJ43: ='Schedule | 1 Division'!O25 -> CYBERHERO | EO43: ='Schedule | 1 Division'!K31 -> CYBERHERO | ET43: ='Schedule | 1 Division'!P31 -> Match 47 | EV43: ='Schedule | 1 Division'!O31 -> Virtus.pro | FA43: ='Schedule | 1 Division'!K37 -> Team Spirit | FF43: ='Schedule | 1 Division'!P37 -> Match 51 | FH43: ='Schedule | 1 Division'!O37 -> Aura Farmers | FM43: ='Schedule | 1 Division'!K43 -> Magic | FR43: ='Schedule | 1 Division'!P43 -> Match 55 | FT43: ='Schedule | 1 Division'!O43 -> Aura Farmers
A44: 2 | B44: 30 | C44: ='Schedule | 1 Division'!K6 -> Team Yandex | D44: =CX41 -> 2 | E44: =CY41 -> 1 | F44: ='Schedule | 1 Division'!O6 -> FORZE | G44: =IF(AND(D44=2, E44=0), C44, IF(AND(D44=0, E44=2), F44, "")) | H44: =IF(AND(D44=2, E44=1), C44, IF(AND(D44=1, E44=2), F44, "")) -> Team Yandex | I44: =IF(AND(D44=1, E44=2), C44, IF(AND(D44=2, E44=1), F44, "")) -> FORZE | J44: =IF(AND(D44=0, E44=2), C44, IF(AND(D44=2, E44=0), F44, ""))
A45: 2 | B45: 31 | C45: ='Schedule | 1 Division'!K7 -> Verso Time | D45: =CX61 -> 2 | E45: =CY61 -> 0 | F45: ='Schedule | 1 Division'!O7 -> CYBERHERO | G45: =IF(AND(D45=2, E45=0), C45, IF(AND(D45=0, E45=2), F45, "")) -> Verso Time | H45: =IF(AND(D45=2, E45=1), C45, IF(AND(D45=1, E45=2), F45, "")) | I45: =IF(AND(D45=1, E45=2), C45, IF(AND(D45=2, E45=1), F45, "")) | J45: =IF(AND(D45=0, E45=2), C45, IF(AND(D45=2, E45=0), F45, "")) -> CYBERHERO | M45: Map | N45: Ban Team 1 | O45: Players Team 1 | P45: Pick Team 1 | Q45: Side | R45: Score | T45: Side | U45: Pick Team 2 | V45: Players Team 2 | W45: Ban Team 2 | Y45: Map | Z45: Ban Team 1 | AA45: Players Team 1 | AB45: Pick Team 1 | AC45: Side | AD45: Score | AF45: Side | AG45: Pick Team 2 | AH45: Players Team 2 | AI45: Ban Team 2 | AK45: Map | AL45: Ban Team 1 | AM45: Players Team 1 | AN45: Pick Team 1 | AO45: Side | AP45: Score | AR45: Side | AS45: Pick Team 2 | AT45: Players Team 2 | AU45: Ban Team 2 | AW45: Map | AX45: Ban Team 1 | AY45: Players Team 1 | AZ45: Pick Team 1 | BA45: Side | BB45: Score | BD45: Side | BE45: Pick Team 2 | BF45: Players Team 2 | BG45: Ban Team 2 | BI45: Map | BJ45: Ban Team 1 | BK45: Players Team 1 | BL45: Pick Team 1 | BM45: Side | BN45: Score | BP45: Side | BQ45: Pick Team 2 | BR45: Players Team 2 | BS45: Ban Team 2 | BU45: Map | BV45: Ban Team 1 | BW45: Players Team 1 | BX45: Pick Team 1 | BY45: Side | BZ45: Score | CB45: Side | CC45: Pick Team 2 | CD45: Players Team 2 | CE45: Ban Team 2 | CG45: Map | CH45: Ban Team 1 | CI45: Players Team 1 | CJ45: Pick Team 1 | CK45: Side | CL45: Score | CN45: Side | CO45: Pick Team 2 | CP45: Players Team 2 | CQ45: Ban Team 2 | CS45: Map | CT45: Ban Team 1 | CU45: Players Team 1 | CV45: Pick Team 1 | CW45: Side | CX45: Score | CZ45: Side | DA45: Pick Team 2 | DB45: Players Team 2 | DC45: Ban Team 2 | DE45: Map | DF45: Ban Team 1 | DG45: Players Team 1 | DH45: Pick Team 1 | DI45: Side | DJ45: Score | DL45: Side | DM45: Pick Team 2 | DN45: Players Team 2 | DO45: Ban Team 2 | DQ45: Map | DR45: Ban Team 1 | DS45: Players Team 1 | DT45: Pick Team 1 | DU45: Side | DV45: Score | DX45: Side | DY45: Pick Team 2 | DZ45: Players Team 2 | EA45: Ban Team 2 | EC45: Map | ED45: Ban Team 1 | EE45: Players Team 1 | EF45: Pick Team 1 | EG45: Side | EH45: Score | EJ45: Side | EK45: Pick Team 2 | EL45: Players Team 2 | EM45: Ban Team 2 | EO45: Map | EP45: Ban Team 1 | EQ45: Players Team 1 | ER45: Pick Team 1 | ES45: Side | ET45: Score | EV45: Side | EW45: Pick Team 2 | EX45: Players Team 2 | EY45: Ban Team 2 | FA45: Map | FB45: Ban Team 1 | FC45: Players Team 1 | FD45: Pick Team 1 | FE45: Side | FF45: Score | FH45: Side | FI45: Pick Team 2 | FJ45: Players Team 2 | FK45: Ban Team 2 | FM45: Map | FN45: Ban Team 1 | FO45: Players Team 1 | FP45: Pick Team 1 | FQ45: Side | FR45: Score | FT45: Side | FU45: Pick Team 2 | FV45: Players Team 2 | FW45: Ban Team 2
A46: 2 | B46: 32 | C46: ='Schedule | 1 Division'!K8 -> Virtus.pro | D46: =CX81 -> 2 | E46: =CY81 -> 0 | F46: ='Schedule | 1 Division'!O8 -> Aura Farmers | G46: =IF(AND(D46=2, E46=0), C46, IF(AND(D46=0, E46=2), F46, "")) -> Virtus.pro | H46: =IF(AND(D46=2, E46=1), C46, IF(AND(D46=1, E46=2), F46, "")) | I46: =IF(AND(D46=1, E46=2), C46, IF(AND(D46=2, E46=1), F46, "")) | J46: =IF(AND(D46=0, E46=2), C46, IF(AND(D46=2, E46=0), F46, "")) -> Aura Farmers | M46: 1 | N46: Kalea | O46: yuurikoshik | P46: Claude | Q46: Blue | R46: W | S46: L | T46: Red | U46: Zhuxin | V46: Ptenchik | W46: Baxia | Y46: 1 | Z46: Marcel | AA46: ilovee | AB46: Harith | AC46: Blue | AD46: L | AE46: W | AF46: Red | AG46: Harley | AH46: versoYustinian | AI46: Kalea | AK46: 1 | AL46: Yve | AM46: Q1let | AN46: Hilda | AO46: Blue | AP46: W | AQ46: L | AR46: Red | AS46: Kalea | AT46: NEIL | AU46: Freya | AW46: 1 | AX46: Phoveus | AY46: Q1let | AZ46: Hilda | BA46: Blue | BB46: W | BC46: L | BD46: Red | BE46: Grock | BF46: KOKUSHIBO | BG46: Marcel | BI46: 1 | BJ46: Harith | BK46: NEIL | BL46: Gatotkaca | BM46: Blue | BN46: W | BO46: L | BP46: Red | BQ46: Moskov | BR46: superegorka | BS46: Marcel | BU46: 1 | BV46: Freya | BW46: BadKot | BX46: Phoveus | BY46: Blue | BZ46: W | CA46: L | CB46: Red | CC46: Hylos | CD46: Q1let | CE46: Zhuxin | CG46: 1 | CH46: Freya | CI46: superegorka | CJ46: Harith | CK46: Blue | CL46: L | CM46: W | CN46: Red | CO46: Guinevere | CP46: zaur egoist | CQ46: Zhuxin | CS46: 1 | CT46: Baxia | CU46: versoAFK | CV46: Marcel | CW46: Blue | CX46: W | CY46: L | CZ46: Red | DA46: Hylos | DB46: Q1let | DC46: Freya | DE46: 1 | DF46: Valentina | DG46: versoYustinian | DH46: Baxia | DI46: Blue | DJ46: W | DK46: L | DL46: Red | DM46: Suyou | DN46: zaur egoist | DO46: Yve | DQ46: 1 | DR46: Hilda | DS46: ShowMe | DT46: Marcel | DU46: Blue | DV46: L | DW46: W | DX46: Red | DY46: Harley | DZ46: Marl | EA46: Baxia | EC46: 1 | ED46: Phoveus | EE46: shvedskii | EF46: Valentina | EG46: Blue | EH46: W | EI46: L | EJ46: Red | EK46: Harith | EL46: Ptenchik | EM46: Freya | EO46: 1 | EP46: Harley | EQ46: Rienzy | ER46: Baxia | ES46: Blue | ET46: L | EU46: W | EV46: Red | EW46: Terizla | EX46: BadKot | EY46: Zhuxin | FA46: 1 | FB46: Valentina | FC46: zaur egoist | FD46: Baxia | FE46: Blue | FF46: W | FG46: L | FH46: Red | FI46: Paquito | FJ46: Summer | FK46: Khaleed | FM46: 1 | FN46: Harley | FO46: ilovee | FP46: Harith | FQ46: Blue | FR46: W | FS46: L | FT46: Red | FU46: Paquito | FV46: Summer | FW46: Marcel
A47: 2 | B47: 33 | C47: ='Schedule | 1 Division'!K11 -> Team Yandex | D47: =DJ21 -> 1 | E47: =DK21 -> 2 | F47: ='Schedule | 1 Division'!O11 -> Virtus.pro | G47: =IF(AND(D47=2, E47=0), C47, IF(AND(D47=0, E47=2), F47, "")) | H47: =IF(AND(D47=2, E47=1), C47, IF(AND(D47=1, E47=2), F47, "")) -> Virtus.pro | I47: =IF(AND(D47=1, E47=2), C47, IF(AND(D47=2, E47=1), F47, "")) -> Team Yandex | J47: =IF(AND(D47=0, E47=2), C47, IF(AND(D47=2, E47=0), F47, "")) | N47: Fanny | O47: Solitude | P47: Valentina | U47: Chou | V47: Loveeeely | W47: Marcel | Z47: Phoveus | AA47: Solist | AB47: Sora | AG47: Moskov | AH47: versoMarch | AI47: Freya | AL47: Phoveus | AM47: Rienzy | AN47: Baxia | AS47: Valentina | AT47: Twizy | AU47: Zhuxin | AX47: Yve | AY47: Rienzy | AZ47: Baxia | BE47: Valentina | BF47: shvedskii | BG47: Zhuxin | BJ47: Guinevere | BK47: Summer | BL47: Arlott | BQ47: Uranus | BR47: BadKot | BS47: Freya | BV47: Harley | BW47: Marl | BX47: Suyou | CC47: Hayabusa | CD47: Rienzy | CE47: Marcel | CH47: Phoveus | CI47: Bober | CJ47: Zetian | CO47: Sora | CP47: Kidbomba | CQ47: Baxia | CT47: Valentina | CU47: versoYustinian | CV47: Guinevere | DA47: Harley | DB47: Rienzy | DC47: Zhuxin | DF47: Harley | DG47: versoCastle | DH47: Phoveus | DM47: Freya | DN47: Hiko | DO47: Harith | DR47: Phoveus | DS47: Repa | DT47: Leomord | DY47: Freya | DZ47: BadKot | EA47: Guinevere | ED47: Yve | EE47: Solist | EF47: Paquito | EK47: Suyou | EL47: Rienzy | EM47: Zhuxin | EP47: Kalea | EQ47: Ptenchik | ER47: Moskov | EW47: Harith | EX47: superegorka | EY47: Phoveus | FB47: Zetian | FC47: Kidbomba | FD47: Benedetta | FI47: Claude | FJ47: Gorkiy | FK47: Hylos | FN47: Yve | FO47: Solist | FP47: Esmeralda | FU47: Freya | FV47: Gorkiy | FW47: Phoveus
A48: 2 | B48: 34 | C48: ='Schedule | 1 Division'!K12 -> Magic | D48: =DJ41 -> 0 | E48: =DK41 -> 2 | F48: ='Schedule | 1 Division'!O12 -> FORZE | G48: =IF(AND(D48=2, E48=0), C48, IF(AND(D48=0, E48=2), F48, "")) -> FORZE | H48: =IF(AND(D48=2, E48=1), C48, IF(AND(D48=1, E48=2), F48, "")) | I48: =IF(AND(D48=1, E48=2), C48, IF(AND(D48=2, E48=1), F48, "")) | J48: =IF(AND(D48=0, E48=2), C48, IF(AND(D48=2, E48=0), F48, "")) -> Magic | N48: Grock | O48: Q1let | P48: Gloo | U48: Guinevere | V48: Mashiro | W48: Harley | Z48: Valentina | AA48: KOKUSHIBO | AB48: Hilda | AG48: Arlott | AH48: versoCastle | AI48: Zhuxin | AL48: Harith | AM48: yuurikoshik | AN48: Aurora | AS48: Fanny | AT48: Inneskite | AU48: Marcel | AX48: Harith | AY48: yuurikoshik | AZ48: Moskov | BE48: Leomord | BF48: shelianer | BG48: Freya | BJ48: Harley | BK48: Inneskite | BL48: Leomord | BQ48: Suyou | BR48: Marl | BS48: Baxia | BV48: Yve | BW48: superegorka | BX48: Harith | CC48: Granger | CD48: yuurikoshik | CE48: Baxia | CH48: Harley | CI48: Marl | CJ48: Suyou | CO48: Valentina | CP48: SunsetLover | CQ48: Marcel | CT48: Phoveus | CU48: versoMarch | CV48: Harith | DA48: Claude | DB48: yuurikoshik | DC48: Kalea | DF48: Marcel | DG48: versoMarch | DH48: Moskov | DM48: Terizla | DN48: Kidbomba | DO48: Zhuxin | DR48: Zhuxin | DS48: Reaper | DT48: Selena | DY48: Harith | DZ48: superegorka | EA48: Badang | ED48: Harley | EE48: VillainTzy | EF48: Baxia | EK48: Gloo | EL48: Q1let | EM48: Marcel | EP48: Marcel | EQ48: Solitude | ER48: Gord | EW48: Yve | EX48: Bober | EY48: Freya | FB48: Yve | FC48: SAWO | FD48: Hilda | FI48: Leomord | FJ48: Inneskite | FK48: Zhuxin | FN48: Guinevere | FO48: KOKUSHIBO | FP48: Atlas | FU48: Valentina | FV48: Twizy | FW48: Baxia
A49: 2 | B49: 35 | C49: ='Schedule | 1 Division'!K13 -> Verso Time | D49: =DJ61 -> 1 | E49: =DK61 -> 2 | F49: ='Schedule | 1 Division'!O13 -> Team Spirit | G49: =IF(AND(D49=2, E49=0), C49, IF(AND(D49=0, E49=2), F49, "")) | H49: =IF(AND(D49=2, E49=1), C49, IF(AND(D49=1, E49=2), F49, "")) -> Team Spirit | I49: =IF(AND(D49=1, E49=2), C49, IF(AND(D49=2, E49=1), F49, "")) -> Verso Time | J49: =IF(AND(D49=0, E49=2), C49, IF(AND(D49=2, E49=0), F49, "")) | N49: Phoveus | O49: Rienzy | P49: Nolan | U49: Cici | V49: gxn1us | W49: Suyou | Z49: Clint | AA49: shelianer | AB49: Lancelot | AG49: Yve | AH49: versoKodjikk | AI49: Chou | AL49: Karrie | AM49: Solitude | AN49: Zetian | AS49: Beatrix | AT49: Gorkiy | AU49: Moskov | AX49: Karrie | AY49: Solitude | AZ49: Zetian | BE49: Claude | BF49: Zwihsk | BG49: Yu Zhong | BJ49: Hilda | BK49: Gorkiy | BL49: Claude | BQ49: Yve | BR49: Bober | BS49: Hylos | BV49: Guinevere | BW49: Fangor | BX49: Badang | CC49: Zetian | CD49: Solitude | CE49: Valentina | CH49: Belerick | CI49: Fangor | CJ49: Khufra | CO49: Claude | CP49: Hiko | CQ49: Terizla | CT49: Sora | CU49: versoCastle | CV49: Arlott | DA49: Yve | DB49: Solitude | DC49: Zetian | DF49: Zetian | DG49: versoKodjikk | DH49: Cecilion | DM49: Atlas | DN49: SAWO | DO49: Kimmy | DR49: Valentina | DS49: Maniak | DT49: Paquito | DY49: Kaja | DZ49: Fangor | EA49: Yu Zhong | ED49: Terizla | EE49: ilovee | EF49: Claude | EK49: Cecilion | EL49: Solitude | EM49: Yu Zhong | EP49: Gloo | EQ49: Marbon | ER49: Lapu-Lapu | EW49: Chou | EX49: Fangor | EY49: Atlas | FB49: Phoveus | FC49: Hiko | FD49: Moskov | FI49: Pharsa | FJ49: Twizy | FK49: Freya | FN49: Fanny | FO49: VillainTzy | FP49: Leomord | FU49: Yi Sun-Shin | FV49: Inneskite | FW49: Gloo
A50: 2 | B50: 36 | C50: ='Schedule | 1 Division'!K14 -> Aura Farmers | D50: =DJ81 -> 0 | E50: =DK81 -> 2 | F50: ='Schedule | 1 Division'!O14 -> CYBERHERO | G50: =IF(AND(D50=2, E50=0), C50, IF(AND(D50=0, E50=2), F50, "")) -> CYBERHERO | H50: =IF(AND(D50=2, E50=1), C50, IF(AND(D50=1, E50=2), F50, "")) | I50: =IF(AND(D50=1, E50=2), C50, IF(AND(D50=2, E50=1), F50, "")) | J50: =IF(AND(D50=0, E50=2), C50, IF(AND(D50=2, E50=0), F50, "")) -> Aura Farmers | N50: Karrie | O50: Marbon | P50: Freya | U50: Granger | V50: Dont | W50: Leomord | Z50: Yu Zhong | AA50: shvedskii | AB50: Zetian | AG50: Khaleed | AH50: versoAFK | AI50: Fanny | AL50: Terizla | AM50: Marbon | AN50: Yu Zhong | AS50: Uranus | AT50: Summer | AU50: Claude | AX50: Terizla | AY50: Marbon | AZ50: Cici | BE50: Sora | BF50: Solist | BG50: Arlott | BJ50: Gloo | BK50: Twizy | BL50: Zhuxin | BQ50: Khaleed | BR50: Fangor | BS50: Kalea | BV50: Leomord | BW50: Bober | BX50: Selena | CC50: Uranus | CD50: Marbon | CE50: Lylia | CH50: Kalea | CI50: BadKot | CJ50: Arlott | CO50: Gatotkaca | CP50: SAWO | CQ50: Yu Zhong | CT50: Terizla | CU50: versoKodjikk | CV50: Gord | DA50: Hilda | DB50: Marbon | DC50: Kimmy | DF50: Gord | DG50: versoAFK | DH50: Hilda | DM50: Lylia | DN50: SunsetLover | DO50: Selena | DR50: Gloo | DS50: Avilio. | DT50: Bruno | DY50: Valir | DZ50: Bober | EA50: Moskov | ED50: Arlott | EE50: KOKUSHIBO | EF50: Hilda | EK50: Cici | EL50: Marbon | EM50: Sora | EP50: Fanny | EQ50: Q1let | ER50: Kaja | EW50: Leomord | EX50: Marl | EY50: Khufra | FB50: Harith | FC50: SunsetLover | FD50: Kimmy | FI50: Gatotkaca | FJ50: NEIL | FK50: Marcel | FN50: Suyou | FO50: shvedskii | FP50: Zhuxin | FU50: Hylos | FV50: NEIL | FW50: Belerick
A51: 2 | B51: 37 | C51: ='Schedule | 1 Division'!K17 -> CYBERHERO | D51: =DV21 -> 0 | E51: =DW21 -> 2 | F51: ='Schedule | 1 Division'!O17 -> Team Spirit | G51: =IF(AND(D51=2, E51=0), C51, IF(AND(D51=0, E51=2), F51, "")) -> Team Spirit | H51: =IF(AND(D51=2, E51=1), C51, IF(AND(D51=1, E51=2), F51, "")) | I51: =IF(AND(D51=1, E51=2), C51, IF(AND(D51=2, E51=1), F51, "")) | J51: =IF(AND(D51=0, E51=2), C51, IF(AND(D51=2, E51=0), F51, "")) -> CYBERHERO | M51: 2 | N51: Harley | O51: yuurikoshik | P51: Granger | Q51: Red | R51: W | S51: L | T51: Blue | U51: Freya | V51: gxn1us | W51: Guinevere | Y51: 2 | Z51: Marcel | AA51: ilovee | AB51: Harith | AC51: Blue | AD51: L | AE51: W | AF51: Red | AG51: Harley | AH51: versoYustinian | AI51: Zhuxin | AK51: 2 | AL51: Freya | AM51: Q1let | AN51: Khufra | AO51: Red | AP51: L | AQ51: W | AR51: Blue | AS51: Kalea | AT51: NEIL | AU51: Phoveus | AW51: 2 | AX51: Freya | AY51: Rienzy | AZ51: Harley | BA51: Red | BB51: W | BC51: L | BD51: Blue | BE51: Phoveus | BF51: Solist | BG51: Harith | BI51: 2 | BJ51: Marcel | BK51: NEIL | BL51: Baxia | BM51: Red | BN51: L | BO51: W | BP51: Blue | BQ51: Clint | BR51: superegorka | BS51: Yve | BU51: 2 | BV51: Freya | BW51: BadKot | BX51: Terizla | BY51: Red | BZ51: W | CA51: L | CB51: Blue | CC51: Baxia | CD51: Rienzy | CE51: Harith | CG51: 2 | CH51: Harley | CI51: BadKot | CJ51: Freya | CK51: Blue | CL51: L | CM51: W | CN51: Red | CO51: Suyou | CP51: zaur egoist | CQ51: Zhuxin | CS51: 2 | CT51: Zhuxin | CU51: versoYustinian | CV51: Baxia | CW51: Red | CX51: W | CY51: L | CZ51: Blue | DA51: Suyou | DB51: Rienzy | DC51: Yve | DE51: 2 | DF51: Valentina | DG51: versoYustinian | DH51: Baxia | DI51: Blue | DJ51: L | DK51: W | DL51: Red | DM51: Freya | DN51: Kidbomba | DO51: Yve | DQ51: 2 | DR51: Hilda | DS51: Reaper | DT51: Zhuxin | DU51: Blue | DV51: W | DW51: L | DX51: Red | DY51: Freya | DZ51: BadKot | EA51: Yve | EC51: 2 | ED51: Marcel | EE51: ilovee | EF51: Clint | EG51: Red | EH51: W | EI51: L | EJ51: Blue | EK51: Zhuxin | EL51: Solitude | EM51: Harith | EO51: 2 | EP51: Fanny | EQ51: Marbon | ER51: Phoveus | ES51: Blue | ET51: L | EU51: W | EV51: Red | EW51: Yve | EX51: Bober | EY51: Zhuxin | FA51: 2 | FB51: Harith | FC51: zaur egoist | FD51: Baxia | FE51: Red | FF51: W | FG51: L | FH51: Blue | FI51: Zhuxin | FJ51: Twizy | FK51: Phoveus | FM51: 2 | FN51: Marcel | FO51: ilovee | FP51: Harith | FQ51: Red | FR51: L | FS51: W | FT51: Blue | FU51: Freya | FV51: Gorkiy | FW51: Phoveus
A52: 2 | B52: 38 | C52: ='Schedule | 1 Division'!K18 -> Aura Farmers | D52: =DV41 -> 0 | E52: =DW41 -> 2 | F52: ='Schedule | 1 Division'!O18 -> Team Yandex | G52: =IF(AND(D52=2, E52=0), C52, IF(AND(D52=0, E52=2), F52, "")) -> Team Yandex | H52: =IF(AND(D52=2, E52=1), C52, IF(AND(D52=1, E52=2), F52, "")) | I52: =IF(AND(D52=1, E52=2), C52, IF(AND(D52=2, E52=1), F52, "")) | J52: =IF(AND(D52=0, E52=2), C52, IF(AND(D52=2, E52=0), F52, "")) -> Aura Farmers | N52: Marcel | O52: Solitude | P52: Zhuxin | U52: Khaleed | V52: Loveeeely | W52: Gloo | Z52: Phoveus | AA52: Solist | AB52: Yu Zhong | AG52: Beatrix | AH52: versoMarch | AI52: Sora | AL52: Zhuxin | AM52: Rienzy | AN52: Baxia | AS52: Valentina | AT52: Twizy | AU52: Yve | AX52: Zhuxin | AY52: Marbon | AZ52: Uranus | BE52: Karrie | BF52: ilovee | BG52: Marcel | BJ52: Freya | BK52: Summer | BL52: Terizla | BQ52: Yu Zhong | BR52: BadKot | BS52: Kalea | BV52: Zhuxin | BW52: Bober | BX52: Yve | CC52: Hylos | CD52: Q1let | CE52: Fanny | CH52: Guinevere | CI52: Fangor | CJ52: Gatotkaca | CO52: Karrie | CP52: Hiko | CQ52: Baxia | CT52: Marcel | CU52: versoMarch | CV52: Harith | DA52: Gloo | DB52: Q1let | DC52: Guinevere | DF52: Harley | DG52: versoCastle | DH52: Phoveus | DM52: Suyou | DN52: zaur egoist | DO52: Harith | DR52: Marcel | DS52: Avilio. | DT52: Claude | DY52: Harith | DZ52: superegorka | EA52: Phoveus | ED52: Freya | EE52: KOKUSHIBO | EF52: Gloo | EK52: Fredrinn | EL52: Rienzy | EM52: Guinevere | EP52: Baxia | EQ52: Ptenchik | ER52: Claude | EW52: Terizla | EX52: superegorka | EY52: Marcel | FB52: Yve | FC52: Kidbomba | FD52: Freya | FI52: Gloo | FJ52: NEIL | FK52: Paquito | FN52: Zhuxin | FO52: Solist | FP52: Paquito | FU52: Esmeralda | FV52: Summer | FW52: Baxia
A53: 2 | B53: 39 | C53: ='Schedule | 1 Division'!K19 -> FORZE | D53: =DV61 -> 1 | E53: =DW61 -> 2 | F53: ='Schedule | 1 Division'!O19 -> Virtus.pro | G53: =IF(AND(D53=2, E53=0), C53, IF(AND(D53=0, E53=2), F53, "")) | H53: =IF(AND(D53=2, E53=1), C53, IF(AND(D53=1, E53=2), F53, "")) -> Virtus.pro | I53: =IF(AND(D53=1, E53=2), C53, IF(AND(D53=2, E53=1), F53, "")) -> FORZE | J53: =IF(AND(D53=0, E53=2), C53, IF(AND(D53=2, E53=0), F53, "")) | N53: Baxia | O53: Q1let | P53: Hilda | U53: Yve | V53: Ptenchik | W53: Phoveus | Z53: Guinevere | AA53: KOKUSHIBO | AB53: Khaleed | AG53: Terizla | AH53: versoCastle | AI53: Freya | AL53: Marcel | AM53: yuurikoshik | AN53: Harith | AS53: Fanny | AT53: Inneskite | AU53: Zetian | AX53: Baxia | AY53: Solitude | AZ53: Zhuxin | BE53: Kalea | BF53: KOKUSHIBO | BG53: Yve | BJ53: Guinevere | BK53: Inneskite | BL53: Leomord | BQ53: Suyou | BR53: Marl | BS53: Harley | BV53: Marcel | BW53: Marl | BX53: Harley | CC53: Claude | CD53: yuurikoshik | CE53: Phoveus | CH53: Harith | CI53: Bober | CJ53: Valentina | CO53: Phoveus | CP53: Kidbomba | CQ53: Marcel | CT53: Freya | CU53: versoKodjikk | CV53: Kimmy | DA53: Moskov | DB53: yuurikoshik | DC53: Phoveus | DF53: Marcel | DG53: versoMarch | DH53: Moskov | DM53: Gord | DN53: SunsetLover | DO53: Zhuxin | DR53: Harley | DS53: ShowMe | DT53: Hylos | DY53: Suyou | DZ53: Marl | EA53: Baxia | ED53: Baxia | EE53: shvedskii | EF53: Yve | EK53: Claude | EL53: Ptenchik | EM53: Harley | EP53: Freya | EQ53: Rienzy | ER53: Suyou | EW53: Fredrinn | EX53: Marl | EY53: Harley | FB53: Suyou | FC53: SAWO | FD53: Chip | FI53: Arlott | FJ53: Summer | FK53: Marcel | FN53: Fanny | FO53: KOKUSHIBO | FP53: Hylos | FU53: Yi Sun-Shin | FV53: Inneskite | FW53: Harley
A54: 2 | B54: 40 | C54: ='Schedule | 1 Division'!K20 -> Verso Time | D54: =DV81 -> 2 | E54: =DW81 -> 0 | F54: ='Schedule | 1 Division'!O20 -> Magic | G54: =IF(AND(D54=2, E54=0), C54, IF(AND(D54=0, E54=2), F54, "")) -> Verso Time | H54: =IF(AND(D54=2, E54=1), C54, IF(AND(D54=1, E54=2), F54, "")) | I54: =IF(AND(D54=1, E54=2), C54, IF(AND(D54=2, E54=1), F54, "")) | J54: =IF(AND(D54=0, E54=2), C54, IF(AND(D54=2, E54=0), F54, "")) -> Magic | N54: Valentina | O54: Marbon | P54: Yu Zhong | U54: Claude | V54: Dont | W54: Harith | Z54: Clint | AA54: shelianer | AB54: Baxia | AG54: Kalea | AH54: versoAFK | AI54: Benedetta | AL54: Karrie | AM54: Solitude | AN54: Pharsa | AS54: Arlott | AT54: Summer | AU54: Yu Zhong | AX54: Fanny | AY54: Q1let | AZ54: Grock | BE54: Guinevere | BF54: shelianer | BG54: Hilda | BJ54: Khaleed | BK54: Gorkiy | BL54: Moskov | BQ54: Gatotkaca | BR54: Fangor | BS54: Harith | BV54: Yu Zhong | BW54: Fangor | BX54: Hilda | CC54: Valentina | CD54: Solitude | CE54: Karrie | CH54: Belerick | CI54: superegorka | CJ54: Bruno | CO54: Yve | CP54: SunsetLover | CQ54: Clint | CT54: Claude | CU54: versoAFK | CV54: Khaleed | DA54: Valentina | DB54: Solitude | DC54: Kalea | DF54: Terizla | DG54: versoKodjikk | DH54: Cecilion | DM54: Atlas | DN54: SAWO | DO54: Kimmy | DR54: Valentina | DS54: Maniak | DT54: Paquito | DY54: Kaja | DZ54: Fangor | EA54: Fanny | ED54: Arlott | EE54: Solist | EF54: Phoveus | EK54: Lapu-Lapu | EL54: Marbon | EM54: Bruno | EP54: Moskov | EQ54: Q1let | ER54: Belerick | EW54: Hylos | EX54: Fangor | EY54: Atlas | FB54: Leomord | FC54: Hiko | FD54: Claude | FI54: Fanny | FJ54: Inneskite | FK54: Zetian | FN54: Belerick | FO54: VillainTzy | FP54: Leomord | FU54: Gloo | FV54: NEIL | FW54: Yve
A55: 2 | B55: 41 | C55: ='Schedule | 1 Division'!K23 -> Virtus.pro | D55: =EH21 -> 1 | E55: =EI21 -> 2 | F55: ='Schedule | 1 Division'!O23 -> Verso Time | G55: =IF(AND(D55=2, E55=0), C55, IF(AND(D55=0, E55=2), F55, "")) | H55: =IF(AND(D55=2, E55=1), C55, IF(AND(D55=1, E55=2), F55, "")) -> Verso Time | I55: =IF(AND(D55=1, E55=2), C55, IF(AND(D55=2, E55=1), F55, "")) -> Virtus.pro | J55: =IF(AND(D55=0, E55=2), C55, IF(AND(D55=2, E55=0), F55, "")) | N55: Moskov | O55: Rienzy | P55: Fanny | U55: Fredrinn | V55: Mashiro | W55: Sora | Z55: Uranus | AA55: shvedskii | AB55: Zhuxin | AG55: Yve | AH55: versoKodjikk | AI55: Arlott | AL55: Claude | AM55: Marbon | AN55: Terizla | AS55: Beatrix | AT55: Gorkiy | AU55: Uranus | AX55: Valentina | AY55: yuurikoshik | AZ55: Claude | BE55: Selena | BF55: shvedskii | BG55: Gatotkaca | BJ55: Karrie | BK55: Twizy | BL55: Valentina | BQ55: Zhuxin | BR55: Bober | BS55: Arlott | BV55: Kalea | BW55: superegorka | BX55: Clint | CC55: Sora | CD55: Marbon | CE55: Gloo | CH55: Kalea | CI55: Marl | CJ55: Leomord | CO55: Hylos | CP55: SAWO | CQ55: Granger | CT55: Hylos | CU55: versoCastle | CV55: Yu Zhong | DA55: Terizla | DB55: Marbon | DC55: Chip | DF55: Gloo | DG55: versoAFK | DH55: Hilda | DM55: Claude | DN55: Hiko | DO55: Zetian | DR55: Valir | DS55: Repa | DT55: Leomord | DY55: Vexana | DZ55: Bober | EA55: Yu Zhong | ED55: Yu Zhong | EE55: VillainTzy | EF55: Suyou | EK55: Atlas | EL55: Q1let | EM55: Karrie | EP55: Bruno | EQ55: Solitude | ER55: Lylia | EW55: Hanabi | EX55: BadKot | EY55: Gloo | FB55: Harley | FC55: SunsetLover | FD55: Kimmy | FI55: Cici | FJ55: Gorkiy | FK55: Masha | FN55: Khufra | FO55: shvedskii | FP55: Zetian | FU55: Kimmy | FV55: Twizy | FW55: Grock
A56: 2 | B56: 42 | C56: ='Schedule | 1 Division'!K24 -> Aura Farmers | D56: =EH41 -> 1 | E56: =EI41 -> 2 | F56: ='Schedule | 1 Division'!O24 -> FORZE | G56: =IF(AND(D56=2, E56=0), C56, IF(AND(D56=0, E56=2), F56, "")) | H56: =IF(AND(D56=2, E56=1), C56, IF(AND(D56=1, E56=2), F56, "")) -> FORZE | I56: =IF(AND(D56=1, E56=2), C56, IF(AND(D56=2, E56=1), F56, "")) -> Aura Farmers | J56: =IF(AND(D56=0, E56=2), C56, IF(AND(D56=2, E56=0), F56, "")) | M56: 3 | Y56: 3 | AK56: 3 | AL56: Phoveus | AM56: Q1let | AN56: Gatotkaca | AO56: Blue | AP56: W | AQ56: L | AR56: Red | AS56: Uranus | AT56: Summer | AU56: Freya | AW56: 3 | BI56: 3 | BJ56: Harith | BK56: NEIL | BL56: Gloo | BM56: Blue | BN56: W | BO56: L | BP56: Red | BQ56: Baxia | BR56: Marl | BS56: Marcel | BU56: 3 | CG56: 3 | CS56: 3 | DE56: 3 | DF56: Marcel | DG56: versoYustinian | DH56: Baxia | DI56: Red | DJ56: L | DK56: W | DL56: Blue | DM56: Harley | DN56: zaur egoist | DO56: Yve | DQ56: 3 | DR56: Marcel | DS56: ShowMe | DT56: Hilda | DU56: Red | DV56: L | DW56: W | DX56: Blue | DY56: Harith | DZ56: superegorka | EA56: Harley | EC56: 3 | EO56: 3 | FA56: 3 | FM56: 3 | FN56: Harley | FO56: VillainTzy | FP56: Baxia | FQ56: Blue | FR56: L | FS56: W | FT56: Red | FU56: Leomord | FV56: Inneskite | FW56: Clint
A57: 2 | B57: 43 | C57: ='Schedule | 1 Division'!K25 -> Magic | D57: =EH61 -> 2 | E57: =EI61 -> 0 | F57: ='Schedule | 1 Division'!O25 -> CYBERHERO | G57: =IF(AND(D57=2, E57=0), C57, IF(AND(D57=0, E57=2), F57, "")) -> Magic | H57: =IF(AND(D57=2, E57=1), C57, IF(AND(D57=1, E57=2), F57, "")) | I57: =IF(AND(D57=1, E57=2), C57, IF(AND(D57=2, E57=1), F57, "")) | J57: =IF(AND(D57=0, E57=2), C57, IF(AND(D57=2, E57=0), F57, "")) -> CYBERHERO | AL57: Yve | AM57: Rienzy | AN57: Baxia | AS57: Zhuxin | AT57: Twizy | AU57: Marcel | BJ57: Guinevere | BK57: Summer | BL57: Terizla | BQ57: Phoveus | BR57: BadKot | BS57: Yve | DF57: Zhuxin | DG57: versoCastle | DH57: Kimmy | DM57: Sora | DN57: Kidbomba | DO57: Harith | DR57: Zhuxin | DS57: Avilio. | DT57: Claude | DY57: Valentina | DZ57: Bober | EA57: Yve | FN57: Yve | FO57: KOKUSHIBO | FP57: Atlas | FU57: Phoveus | FV57: Summer | FW57: Moskov
A58: 2 | B58: 44 | C58: ='Schedule | 1 Division'!K26 -> Team Yandex | D58: =EH81 -> 2 | E58: =EI81 -> 1 | F58: ='Schedule | 1 Division'!O26 -> Team Spirit | G58: =IF(AND(D58=2, E58=0), C58, IF(AND(D58=0, E58=2), F58, "")) | H58: =IF(AND(D58=2, E58=1), C58, IF(AND(D58=1, E58=2), F58, "")) -> Team Yandex | I58: =IF(AND(D58=1, E58=2), C58, IF(AND(D58=2, E58=1), F58, "")) -> Team Spirit | J58: =IF(AND(D58=0, E58=2), C58, IF(AND(D58=2, E58=0), F58, "")) | AL58: Harith | AM58: yuurikoshik | AN58: Moskov | AS58: Leomord | AT58: Inneskite | AU58: Granger | BJ58: Zhuxin | BK58: Inneskite | BL58: Suyou | BQ58: Zetian | BR58: Bober | BS58: Harley | DF58: Freya | DG58: versoKodjikk | DH58: Yu Zhong | DM58: Gatotkaca | DN58: SAWO | DO58: Phoveus | DR58: Baxia | DS58: Reaper | DT58: Valir | DY58: Phoveus | DZ58: BadKot | EA58: Freya | FN58: Guinevere | FO58: Solist | FP58: Terizla | FU58: Karrie | FV58: Gorkiy | FW58: Harith
A59: 2 | B59: 45 | C59: ='Schedule | 1 Division'!K29 -> Verso Time | D59: =ET21 -> 2 | E59: =EU21 -> 0 | F59: ='Schedule | 1 Division'!O29 -> Aura Farmers | G59: =IF(AND(D59=2, E59=0), C59, IF(AND(D59=0, E59=2), F59, "")) -> Verso Time | H59: =IF(AND(D59=2, E59=1), C59, IF(AND(D59=1, E59=2), F59, "")) | I59: =IF(AND(D59=1, E59=2), C59, IF(AND(D59=2, E59=1), F59, "")) | J59: =IF(AND(D59=0, E59=2), C59, IF(AND(D59=2, E59=0), F59, "")) -> Aura Farmers | AL59: Chou | AM59: Solitude | AN59: Valentina | AS59: Karrie | AT59: Gorkiy | AU59: Hylos | BJ59: Hilda | BK59: Gorkiy | BL59: Freya | BQ59: Gatotkaca | BR59: Fangor | BS59: Fanny | DF59: Atlas | DG59: versoMarch | DH59: Moskov | DM59: Valentina | DN59: SunsetLover | DO59: Chip | DR59: Fanny | DS59: Repa | DT59: Suyou | DY59: Paquito | DZ59: Fangor | EA59: Terizla | FN59: Gloo | FO59: ilovee | FP59: Claude | FU59: Kalea | FV59: NEIL | FW59: Zhuxin
A60: 2 | B60: 46 | C60: ='Schedule | 1 Division'!K30 -> Team Yandex | D60: =ET41 -> 2 | E60: =EU41 -> 0 | F60: ='Schedule | 1 Division'!O30 -> Magic | G60: =IF(AND(D60=2, E60=0), C60, IF(AND(D60=0, E60=2), F60, "")) -> Team Yandex | H60: =IF(AND(D60=2, E60=1), C60, IF(AND(D60=1, E60=2), F60, "")) | I60: =IF(AND(D60=1, E60=2), C60, IF(AND(D60=2, E60=1), F60, "")) | J60: =IF(AND(D60=0, E60=2), C60, IF(AND(D60=2, E60=0), F60, "")) -> Magic | AL60: Kalea | AM60: Marbon | AN60: Sora | AS60: Belerick | AT60: NEIL | BJ60: Khaleed | BK60: Twizy | BL60: Pharsa | BQ60: Moskov | BR60: superegorka | BS60: Kalea | DF60: Belerick | DG60: versoAFK | DH60: Hylos | DM60: Claude | DN60: Hiko | DO60: Hilda | DR60: Kaja | DS60: Maniak | DT60: Belerick | DY60: Leomord | DZ60: Marl | EA60: Guinevere | FN60: Chou | FO60: shvedskii | FP60: Gord | FU60: Pharsa | FV60: Twizy | FW60: Marcel
A61: 2 | B61: 47 | C61: ='Schedule | 1 Division'!K31 -> CYBERHERO | D61: =ET61 -> 0 | E61: =EU61 -> 2 | F61: ='Schedule | 1 Division'!O31 -> Virtus.pro | G61: =IF(AND(D61=2, E61=0), C61, IF(AND(D61=0, E61=2), F61, "")) -> Virtus.pro | H61: =IF(AND(D61=2, E61=1), C61, IF(AND(D61=1, E61=2), F61, "")) | I61: =IF(AND(D61=1, E61=2), C61, IF(AND(D61=2, E61=1), F61, "")) | J61: =IF(AND(D61=0, E61=2), C61, IF(AND(D61=2, E61=0), F61, "")) -> CYBERHERO | R61: =COUNTIF(R46:R60, "W") -> 2 | S61: =COUNTIF(S46:S60, "W") -> 0 | AD61: =COUNTIF(AD46:AD60, "W") -> 0 | AE61: =COUNTIF(AE46:AE60, "W") -> 2 | AP61: =COUNTIF(AP46:AP60, "W") -> 2 | AQ61: =COUNTIF(AQ46:AQ60, "W") -> 1 | BB61: =COUNTIF(BB46:BB60, "W") -> 2 | BC61: =COUNTIF(BC46:BC60, "W") -> 0 | BN61: =COUNTIF(BN46:BN60, "W") -> 2 | BO61: =COUNTIF(BO46:BO60, "W") -> 1 | BZ61: =COUNTIF(BZ46:BZ60, "W") -> 2 | CA61: =COUNTIF(CA46:CA60, "W") -> 0 | CL61: =COUNTIF(CL46:CL60, "W") -> 0 | CM61: =COUNTIF(CM46:CM60, "W") -> 2 | CX61: =COUNTIF(CX46:CX60, "W") -> 2 | CY61: =COUNTIF(CY46:CY60, "W") -> 0 | DJ61: =COUNTIF(DJ46:DJ60, "W") -> 1 | DK61: =COUNTIF(DK46:DK60, "W") -> 2 | DV61: =COUNTIF(DV46:DV60, "W") -> 1 | DW61: =COUNTIF(DW46:DW60, "W") -> 2 | EH61: =COUNTIF(EH46:EH60, "W") -> 2 | EI61: =COUNTIF(EI46:EI60, "W") -> 0 | ET61: =COUNTIF(ET46:ET60, "W") -> 0 | EU61: =COUNTIF(EU46:EU60, "W") -> 2 | FF61: =COUNTIF(FF46:FF60, "W") -> 2 | FG61: =COUNTIF(FG46:FG60, "W") -> 0 | FR61: =COUNTIF(FR46:FR60, "W") -> 1 | FS61: =COUNTIF(FS46:FS60, "W") -> 2
A62: 2 | B62: 48 | C62: ='Schedule | 1 Division'!K32 -> FORZE | D62: =ET81 -> 0 | E62: =EU81 -> 2 | F62: ='Schedule | 1 Division'!O32 -> Team Spirit | G62: =IF(AND(D62=2, E62=0), C62, IF(AND(D62=0, E62=2), F62, "")) -> Team Spirit | H62: =IF(AND(D62=2, E62=1), C62, IF(AND(D62=1, E62=2), F62, "")) | I62: =IF(AND(D62=1, E62=2), C62, IF(AND(D62=2, E62=1), F62, "")) | J62: =IF(AND(D62=0, E62=2), C62, IF(AND(D62=2, E62=0), F62, "")) -> FORZE
A63: 2 | B63: 49 | C63: ='Schedule | 1 Division'!K35 -> FORZE | D63: =FF21 -> 0 | E63: =FG21 -> 2 | F63: ='Schedule | 1 Division'!O35 -> Verso Time | G63: =IF(AND(D63=2, E63=0), C63, IF(AND(D63=0, E63=2), F63, "")) -> Verso Time | H63: =IF(AND(D63=2, E63=1), C63, IF(AND(D63=1, E63=2), F63, "")) | I63: =IF(AND(D63=1, E63=2), C63, IF(AND(D63=2, E63=1), F63, "")) | J63: =IF(AND(D63=0, E63=2), C63, IF(AND(D63=2, E63=0), F63, "")) -> FORZE | M63: ='Schedule | 1 Division'!E8 -> Magic | R63: ='Schedule | 1 Division'!J8 -> Match 4 | T63: ='Schedule | 1 Division'!I8 -> Virtus.pro | Y63: ='Schedule | 1 Division'!E14 -> Team Yandex | AD63: ='Schedule | 1 Division'!J14 -> Match 8 | AF63: ='Schedule | 1 Division'!I14 -> Aura Farmers | AK63: ='Schedule | 1 Division'!E20 -> FORZE | AP63: ='Schedule | 1 Division'!J20 -> Match 12 | AR63: ='Schedule | 1 Division'!I20 -> Magic | AW63: ='Schedule | 1 Division'!E26 -> Verso Time | BB63: ='Schedule | 1 Division'!J26 -> Match 16 | BD63: ='Schedule | 1 Division'!I26 -> Virtus.pro | BI63: ='Schedule | 1 Division'!E32 -> Magic | BN63: ='Schedule | 1 Division'!J32 -> Match 20 | BP63: ='Schedule | 1 Division'!I32 -> Team Spirit | BU63: ='Schedule | 1 Division'!E38 -> Team Spirit | BZ63: ='Schedule | 1 Division'!J38 -> Match 24 | CB63: ='Schedule | 1 Division'!I38 -> FORZE | CG63: ='Schedule | 1 Division'!E44 -> FORZE | CL63: ='Schedule | 1 Division'!J44 -> Match 28 | CN63: ='Schedule | 1 Division'!I44 -> CYBERHERO | CS63: ='Schedule | 1 Division'!K8 -> Virtus.pro | CX63: ='Schedule | 1 Division'!P8 -> Match 32 | CZ63: ='Schedule | 1 Division'!O8 -> Aura Farmers | DE63: ='Schedule | 1 Division'!K14 -> Aura Farmers | DJ63: ='Schedule | 1 Division'!P14 -> Match 36 | DL63: ='Schedule | 1 Division'!O14 -> CYBERHERO | DQ63: ='Schedule | 1 Division'!K20 -> Verso Time | DV63: ='Schedule | 1 Division'!P20 -> Match 40 | DX63: ='Schedule | 1 Division'!O20 -> Magic | EC63: ='Schedule | 1 Division'!K26 -> Team Yandex | EH63: ='Schedule | 1 Division'!P26 -> Match 44 | EJ63: ='Schedule | 1 Division'!O26 -> Team Spirit | EO63: ='Schedule | 1 Division'!K32 -> FORZE | ET63: ='Schedule | 1 Division'!P32 -> Match 48 | EV63: ='Schedule | 1 Division'!O32 -> Team Spirit | FA63: ='Schedule | 1 Division'!K38 -> Team Yandex | FF63: ='Schedule | 1 Division'!P38 -> Match 52 | FH63: ='Schedule | 1 Division'!O38 -> CYBERHERO | FM63: ='Schedule | 1 Division'!K44 -> Team Spirit | FR63: ='Schedule | 1 Division'!P44 -> Match 56 | FT63: ='Schedule | 1 Division'!O44 -> Virtus.pro
A64: 2 | B64: 50 | C64: ='Schedule | 1 Division'!K36 -> Virtus.pro | D64: =FF41 -> 2 | E64: =FG41 -> 0 | F64: ='Schedule | 1 Division'!O36 -> Magic | G64: =IF(AND(D64=2, E64=0), C64, IF(AND(D64=0, E64=2), F64, "")) -> Virtus.pro | H64: =IF(AND(D64=2, E64=1), C64, IF(AND(D64=1, E64=2), F64, "")) | I64: =IF(AND(D64=1, E64=2), C64, IF(AND(D64=2, E64=1), F64, "")) | J64: =IF(AND(D64=0, E64=2), C64, IF(AND(D64=2, E64=0), F64, "")) -> Magic
A65: 2 | B65: 51 | C65: ='Schedule | 1 Division'!K37 -> Team Spirit | D65: =FF61 -> 2 | E65: =FG61 -> 0 | F65: ='Schedule | 1 Division'!O37 -> Aura Farmers | G65: =IF(AND(D65=2, E65=0), C65, IF(AND(D65=0, E65=2), F65, "")) -> Team Spirit | H65: =IF(AND(D65=2, E65=1), C65, IF(AND(D65=1, E65=2), F65, "")) | I65: =IF(AND(D65=1, E65=2), C65, IF(AND(D65=2, E65=1), F65, "")) | J65: =IF(AND(D65=0, E65=2), C65, IF(AND(D65=2, E65=0), F65, "")) -> Aura Farmers | M65: Map | N65: Ban Team 1 | O65: Players Team 1 | P65: Pick Team 1 | Q65: Side | R65: Score | T65: Side | U65: Pick Team 2 | V65: Players Team 2 | W65: Ban Team 2 | Y65: Map | Z65: Ban Team 1 | AA65: Players Team 1 | AB65: Pick Team 1 | AC65: Side | AD65: Score | AF65: Side | AG65: Pick Team 2 | AH65: Players Team 2 | AI65: Ban Team 2 | AK65: Map | AL65: Ban Team 1 | AM65: Players Team 1 | AN65: Pick Team 1 | AO65: Side | AP65: Score | AR65: Side | AS65: Pick Team 2 | AT65: Players Team 2 | AU65: Ban Team 2 | AW65: Map | AX65: Ban Team 1 | AY65: Players Team 1 | AZ65: Pick Team 1 | BA65: Side | BB65: Score | BD65: Side | BE65: Pick Team 2 | BF65: Players Team 2 | BG65: Ban Team 2 | BI65: Map | BJ65: Ban Team 1 | BK65: Players Team 1 | BL65: Pick Team 1 | BM65: Side | BN65: Score | BP65: Side | BQ65: Pick Team 2 | BR65: Players Team 2 | BS65: Ban Team 2 | BU65: Map | BV65: Ban Team 1 | BW65: Players Team 1 | BX65: Pick Team 1 | BY65: Side | BZ65: Score | CB65: Side | CC65: Pick Team 2 | CD65: Players Team 2 | CE65: Ban Team 2 | CG65: Map | CH65: Ban Team 1 | CI65: Players Team 1 | CJ65: Pick Team 1 | CK65: Side | CL65: Score | CN65: Side | CO65: Pick Team 2 | CP65: Players Team 2 | CQ65: Ban Team 2 | CS65: Map | CT65: Ban Team 1 | CU65: Players Team 1 | CV65: Pick Team 1 | CW65: Side | CX65: Score | CZ65: Side | DA65: Pick Team 2 | DB65: Players Team 2 | DC65: Ban Team 2 | DE65: Map | DF65: Ban Team 1 | DG65: Players Team 1 | DH65: Pick Team 1 | DI65: Side | DJ65: Score | DL65: Side | DM65: Pick Team 2 | DN65: Players Team 2 | DO65: Ban Team 2 | DQ65: Map | DR65: Ban Team 1 | DS65: Players Team 1 | DT65: Pick Team 1 | DU65: Side | DV65: Score | DX65: Side | DY65: Pick Team 2 | DZ65: Players Team 2 | EA65: Ban Team 2 | EC65: Map | ED65: Ban Team 1 | EE65: Players Team 1 | EF65: Pick Team 1 | EG65: Side | EH65: Score | EJ65: Side | EK65: Pick Team 2 | EL65: Players Team 2 | EM65: Ban Team 2 | EO65: Map | EP65: Ban Team 1 | EQ65: Players Team 1 | ER65: Pick Team 1 | ES65: Side | ET65: Score | EV65: Side | EW65: Pick Team 2 | EX65: Players Team 2 | EY65: Ban Team 2 | FA65: Map | FB65: Ban Team 1 | FC65: Players Team 1 | FD65: Pick Team 1 | FE65: Side | FF65: Score | FH65: Side | FI65: Pick Team 2 | FJ65: Players Team 2 | FK65: Ban Team 2 | FM65: Map | FN65: Ban Team 1 | FO65: Players Team 1 | FP65: Pick Team 1 | FQ65: Side | FR65: Score | FT65: Side | FU65: Pick Team 2 | FV65: Players Team 2 | FW65: Ban Team 2
A66: 2 | B66: 52 | C66: ='Schedule | 1 Division'!K38 -> Team Yandex | D66: =FF81 -> 2 | E66: =FG81 -> 0 | F66: ='Schedule | 1 Division'!O38 -> CYBERHERO | G66: =IF(AND(D66=2, E66=0), C66, IF(AND(D66=0, E66=2), F66, "")) -> Team Yandex | H66: =IF(AND(D66=2, E66=1), C66, IF(AND(D66=1, E66=2), F66, "")) | I66: =IF(AND(D66=1, E66=2), C66, IF(AND(D66=2, E66=1), F66, "")) | J66: =IF(AND(D66=0, E66=2), C66, IF(AND(D66=2, E66=0), F66, "")) -> CYBERHERO | M66: 1 | N66: Marcel | O66: shelianer | P66: Yve | Q66: Blue | R66: L | S66: W | T66: Red | U66: Harley | V66: Marl | W66: Baxia | Y66: 1 | Z66: Guinevere | AA66: Dont | AB66: Miya | AC66: Blue | AD66: W | AE66: L | AF66: Red | AG66: Chou | AH66: NEIL | AI66: Marcel | AK66: 1 | AL66: Harith | AM66: Maniak | AN66: Phoveus | AO66: Blue | AP66: W | AQ66: L | AR66: Red | AS66: Moskov | AT66: ilovee | AU66: Marcel | AW66: 1 | AX66: Harith | AY66: versoCastle | AZ66: Phoveus | BA66: Blue | BB66: W | BC66: L | BD66: Red | BE66: Hylos | BF66: Fangor | BG66: Marcel | BI66: 1 | BJ66: Harith | BK66: ilovee | BL66: Karrie | BM66: Blue | BN66: L | BO66: W | BP66: Red | BQ66: Phoveus | BR66: Kidbomba | BS66: Zhuxin | BU66: 1 | BV66: Harith | BW66: zaur egoist | BX66: Baxia | BY66: Blue | BZ66: W | CA66: L | CB66: Red | CC66: Tigreal | CD66: ShowMe | CE66: Marcel | CG66: 1 | CH66: Harith | CI66: ShowMe | CJ66: Marcel | CK66: Blue | CL66: W | CM66: L | CN66: Red | CO66: Gatotkaca | CP66: Q1let | CQ66: Baxia | CS66: 1 | CT66: Phoveus | CU66: superegorka | CV66: Harith | CW66: Blue | CX66: W | CY66: L | CZ66: Red | DA66: Hylos | DB66: NEIL | DC66: Marcel | DE66: 1 | DF66: Harley | DG66: Twizy | DH66: Zhuxin | DI66: Blue | DJ66: L | DK66: W | DL66: Red | DM66: Baxia | DN66: Rienzy | DO66: Fanny | DQ66: 1 | DR66: Harley | DS66: versoYustinian | DT66: Baxia | DU66: Blue | DV66: W | DW66: L | DX66: Red | DY66: Zhuxin | DZ66: shvedskii | EA66: Marcel | EC66: 1 | ED66: Phoveus | EE66: Dont | EF66: Claude | EG66: Blue | EH66: W | EI66: L | EJ66: Red | EK66: Marcel | EL66: SAWO | EM66: Harith | EO66: 1 | EP66: Harley | EQ66: Reaper | ER66: Zhuxin | ES66: Blue | ET66: L | EU66: W | EV66: Red | EW66: Guinevere | EX66: zaur egoist | EY66: Harith | FA66: 1 | FB66: Baxia | FC66: gxn1us | FD66: Freya | FE66: Blue | FF66: W | FG66: L | FK66: Marcel | FM66: 1 | FN66: Harith | FO66: SunsetLover | FP66: Zhuxin | FQ66: Blue | FR66: W | FS66: L | FT66: Red | FU66: Harley | FV66: Marl | FW66: Baxia
A67: 2 | B67: 53 | C67: ='Schedule | 1 Division'!K41 -> CYBERHERO | D67: =FR21 -> 0 | E67: =FS21 -> 2 | F67: ='Schedule | 1 Division'!O41 -> FORZE | G67: =IF(AND(D67=2, E67=0), C67, IF(AND(D67=0, E67=2), F67, "")) -> FORZE | H67: =IF(AND(D67=2, E67=1), C67, IF(AND(D67=1, E67=2), F67, "")) | I67: =IF(AND(D67=1, E67=2), C67, IF(AND(D67=2, E67=1), F67, "")) | J67: =IF(AND(D67=0, E67=2), C67, IF(AND(D67=2, E67=0), F67, "")) -> CYBERHERO | N67: Phoveus | O67: Solist | P67: Sora | U67: Granger | V67: superegorka | W67: Freya | Z67: Gloo | AA67: Loveeeely | AB67: Kalea | AG67: Suyou | AH67: Inneskite | AI67: Zhuxin | AL67: Baxia | AM67: Repa | AN67: Fanny | AS67: Yve | AT67: shvedskii | AU67: Zhuxin | AX67: Yve | AY67: versoYustinian | AZ67: Guinevere | BE67: Fredrinn | BF67: Marl | BG67: Zhuxin | BJ67: Freya | BK67: shvedskii | BL67: Kimmy | BQ67: Harley | BR67: zaur egoist | BS67: Yve | BV67: Phoveus | BW67: Kidbomba | BX67: Sora | CC67: Terizla | CD67: Maniak | CE67: Freya | CH67: Harley | CI67: Reaper | CJ67: Selena | CO67: Suyou | CP67: Rienzy | CQ67: Freya | CT67: Harley | CU67: Marl | CV67: Baxia | DA67: Moskov | DB67: Gorkiy | DC67: Freya | DF67: Phoveus | DG67: Inneskite | DH67: Leomord | DM67: Marcel | DN67: Q1let | DO67: Freya | DR67: Freya | DS67: versoMarch | DT67: Claude | DY67: Terizla | DZ67: Solist | EA67: Harith | ED67: Baxia | EE67: Mashiro | EF67: Guinevere | EK67: Suyou | EL67: zaur egoist | EM67: Harley | EP67: Baxia | EQ67: Repa | ER67: Leomord | EW67: Freya | EX67: Kidbomba | EY67: Yve | FB67: Phoveus | FC67: Loveeeely | FD67: Hilda | FK67: Paquito | FN67: Phoveus | FO67: SAWO | FP67: Hilda | FU67: Marcel | FV67: superegorka | FW67: Freya
A68: 2 | B68: 54 | C68: ='Schedule | 1 Division'!K42 -> Verso Time | D68: =FR41 -> 0 | E68: =FS41 -> 2 | F68: ='Schedule | 1 Division'!O42 -> Team Yandex | G68: =IF(AND(D68=2, E68=0), C68, IF(AND(D68=0, E68=2), F68, "")) -> Team Yandex | H68: =IF(AND(D68=2, E68=1), C68, IF(AND(D68=1, E68=2), F68, "")) | I68: =IF(AND(D68=1, E68=2), C68, IF(AND(D68=2, E68=1), F68, "")) | J68: =IF(AND(D68=0, E68=2), C68, IF(AND(D68=2, E68=0), F68, "")) -> Verso Time | N68: Valentina | O68: KOKUSHIBO | P68: Gatotkaca | U68: Valir | V68: Bober | W68: Zhuxin | Z68: Phoveus | AA68: Mashiro | AB68: Baxia | AG68: Valentina | AH68: Twizy | AI68: Freya | AL68: Harley | AM68: ShowMe | AN68: Atlas | AS68: Uranus | AT68: Solist | AU68: Kalea | AX68: Harith | AY68: versoAFK | AZ68: Kalea | BE68: Zetian | BF68: Bober | BG68: Baxia | BJ68: Baxia | BK68: Solist | BL68: Uranus | BQ68: Zetian | BR68: SunsetLover | BS68: Marcel | BV68: Yve | BW68: SunsetLover | BX68: Valentina | CC68: Fanny | CD68: Repa | CE68: Zhuxin | CH68: Yve | CI68: Maniak | CJ68: Phoveus | CO68: Claude | CP68: yuurikoshik | CQ68: Zhuxin | CT68: Yve | CU68: Bober | CV68: Zetian | DA68: Pharsa | DB68: Twizy | DC68: Zhuxin | DF68: Gloo | DG68: Summer | DH68: Arlott | DM68: Yve | DN68: Solitude | DO68: Harith | DR68: Guinevere | DS68: versoCastle | DT68: Sora | DY68: Fanny | DZ68: VillainTzy | EA68: Yve | ED68: Freya | EE68: gxn1us | EF68: Paquito | EK68: Gord | EL68: SunsetLover | EM68: Yve | EP68: Marcel | EQ68: ShowMe | ER68: Kalea | EW68: Belerick | EX68: SAWO | EY68: Phoveus | FB68: Guinevere | FC68: Mashiro | FD68: Harley | FN68: Yve | FO68: Kidbomba | FP68: Gloo | FU68: Valentina | FV68: Bober | FW68: Paquito
A69: 2 | B69: 55 | C69: ='Schedule | 1 Division'!K43 -> Magic | D69: =FR61 -> 1 | E69: =FS61 -> 2 | F69: ='Schedule | 1 Division'!O43 -> Aura Farmers | G69: =IF(AND(D69=2, E69=0), C69, IF(AND(D69=0, E69=2), F69, "")) | H69: =IF(AND(D69=2, E69=1), C69, IF(AND(D69=1, E69=2), F69, "")) -> Aura Farmers | I69: =IF(AND(D69=1, E69=2), C69, IF(AND(D69=2, E69=1), F69, "")) -> Magic | J69: =IF(AND(D69=0, E69=2), C69, IF(AND(D69=2, E69=0), F69, "")) | N69: Zetian | O69: shvedskii | P69: Suyou | U69: Arlott | V69: BadKot | W69: Guinevere | Z69: Terizla | AA69: Ptenchik | AB69: Kimmy | AG69: Karrie | AH69: Gorkiy | AI69: Moskov | AL69: Terizla | AM69: Avilio. | AN69: Claude | AS69: Lancelot | AT69: shelianer | AU69: Clint | AX69: Sora | AY69: versoMarch | AZ69: Moskov | BE69: Terizla | BF69: BadKot | BG69: Valentina | BJ69: Gatotkaca | BK69: shelianer | BL69: Guinevere | BQ69: Belerick | BR69: SAWO | BS69: Valentina | BV69: Valir | BW69: Hiko | BX69: Beatrix | CC69: Gord | CD69: Reaper | CE69: Moskov | CH69: Gloo | CI69: Repa | CJ69: Guinevere | CO69: Lylia | CP69: Solitude | CQ69: Granger | CT69: Leomord | CU69: Fangor | CV69: Chou | DA69: Suyou | DB69: Inneskite | DC69: Yu Zhong | DF69: Yu Zhong | DG69: NEIL | DH69: Hylos | DM69: Sora | DN69: Marbon | DO69: Kalea | DR69: Gloo | DS69: versoKodjikk | DT69: Zetian | DY69: Karrie | DZ69: ilovee | EA69: Kalea | ED69: Alice | EE69: Loveeeely | EF69: Atlas | EK69: Bruno | EL69: Hiko | EM69: Hilda | EP69: Zetian | EQ69: Avilio. | ER69: Moskov | EW69: Claude | EX69: Hiko | EY69: Karrie | FB69: Gloo | FC69: Troublemaker | FD69: Luo Yi | FN69: Terizla | FO69: zaur egoist | FP69: Suyou | FU69: Yu Zhong | FV69: BadKot | FW69: Guinevere
A70: 2 | B70: 56 | C70: ='Schedule | 1 Division'!K44 -> Team Spirit | D70: =FR81 -> 2 | E70: =FS81 -> 1 | F70: ='Schedule | 1 Division'!O44 -> Virtus.pro | G70: =IF(AND(D70=2, E70=0), C70, IF(AND(D70=0, E70=2), F70, "")) | H70: =IF(AND(D70=2, E70=1), C70, IF(AND(D70=1, E70=2), F70, "")) -> Team Spirit | I70: =IF(AND(D70=1, E70=2), C70, IF(AND(D70=2, E70=1), F70, "")) -> Virtus.pro | J70: =IF(AND(D70=0, E70=2), C70, IF(AND(D70=2, E70=0), F70, "")) | N70: Kimmy | O70: ilovee | P70: Moskov | U70: Hilda | V70: Fangor | W70: Leomord | Z70: Uranus | AA70: gxn1us | AB70: Yu Zhong | AG70: Alice | AH70: MatadQr | AI70: Harith | AL70: Suyou | AM70: Reaper | AN70: Valentina | AS70: Hylos | AT70: KOKUSHIBO | AU70: Khaleed | AX70: Yu Zhong | AY70: versoKodjikk | AZ70: Kimmy | BE70: Bruno | BF70: superegorka | BG70: Gord | BJ70: Atlas | BK70: KOKUSHIBO | BL70: Kalea | BQ70: Claude | BR70: Hiko | BS70: Lylia | BV70: Badang | BW70: SAWO | BX70: Kaja | CC70: Claude | CD70: Avilio. | CE70: Bruno | CH70: Valentina | CI70: Avilio. | CJ70: Lancelot | CO70: Uranus | CP70: Marbon | CQ70: Beatrix | CT70: Fanny | CU70: BadKot | CV70: Sora | DA70: Terizla | DB70: Summer | DC70: Arlott | DF70: Paquito | DG70: Gorkiy | DH70: Claude | DM70: Obsidia | DN70: yuurikoshik | DO70: Kaja | DR70: Atlas | DS70: versoAFK | DT70: Kaja | DY70: Badang | DZ70: KOKUSHIBO | EA70: Khufra | ED70: Uranus | EE70: Troublemaker | EF70: Zhuxin | EK70: Sora | EL70: Kidbomba | EM70: Yu Zhong | EP70: Gord | EQ70: Maniak | ER70: Paquito | EW70: Valentina | EX70: SunsetLover | EY70: Bruno | FB70: Belerick | FC70: Dont | FD70: Harith | FN70: Arlott | FO70: Hiko | FP70: Clint | FU70: Marcel | FV70: Fangor | FW70: Leomord
J71: =IFERROR(IFS(E64-1>F64, G52, E64<F64-1, D64),) | M71: 2 | N71: Marcel | O71: shelianer | P71: Harley | Q71: Blue | R71: W | S71: L | T71: Red | U71: Guinevere | V71: Marl | W71: Baxia | Y71: 2 | Z71: Freya | AA71: Dont | AB71: Moskov | AC71: Red | AD71: W | AE71: L | AF71: Blue | AG71: Kalea | AH71: NEIL | AI71: Baxia | AK71: 2 | AL71: Harley | AM71: Maniak | AN71: Terizla | AO71: Red | AP71: L | AQ71: W | AR71: Blue | AS71: Baxia | AT71: shelianer | AU71: Harith | AW71: 2 | AX71: Harith | AY71: versoCastle | AZ71: Phoveus | BA71: Blue | BB71: W | BC71: L | BD71: Red | BE71: Kalea | BF71: Fangor | BG71: Zhuxin | BI71: 2 | BJ71: Harith | BK71: shelianer | BL71: Guinevere | BM71: Blue | BN71: L | BO71: W | BP71: Red | BQ71: Phoveus | BR71: Kidbomba | BS71: Zhuxin | BU71: 2 | BV71: Marcel | BW71: zaur egoist | BX71: Suyou | BY71: Red | BZ71: W | CA71: L | CB71: Blue | CC71: Kalea | CD71: ShowMe | CE71: Harith | CG71: 2 | CH71: Baxia | CI71: Repa | CJ71: Harley | CK71: Red | CL71: W | CM71: L | CN71: Blue | CO71: Guinevere | CP71: Rienzy | CQ71: Fanny | CS71: 2 | CT71: Freya | CU71: Marl | CV71: Guinevere | CW71: Red | CX71: W | CY71: L | CZ71: Blue | DA71: Belerick | DB71: NEIL | DC71: Phoveus | DE71: 2 | DF71: Harley | DG71: NEIL | DH71: Gloo | DI71: Blue | DJ71: L | DK71: W | DL71: Red | DM71: Harith | DN71: yuurikoshik | DO71: Fanny | DQ71: 2 | DR71: Marcel | DS71: versoKodjikk | DT71: Yve | DU71: Red | DV71: W | DW71: L | DX71: Blue | DY71: Freya | DZ71: ilovee | EA71: Phoveus | EC71: 2 | ED71: Baxia | EE71: Mashiro | EF71: Guinevere | EG71: Red | EH71: L | EI71: W | EJ71: Blue | EK71: Freya | EL71: Kidbomba | EM71: Harith | EO71: 2 | EP71: Baxia | EQ71: Repa | ER71: Guinevere | ES71: Blue | ET71: L | EU71: W | EV71: Red | EW71: Gord | EX71: SunsetLover | EY71: Yve | FA71: 2 | FB71: Baxia | FC71: Troublemaker | FD71: Zhuxin | FE71: Red | FF71: W | FG71: L | FI71: Paquito | FJ71: Marbon | FK71: Fanny | FM71: 2 | FN71: Harith | FO71: Kidbomba | FP71: Freya | FQ71: Red | FR71: L | FS71: W | FT71: Blue | FU71: Zhuxin | FV71: Bober | FW71: Harley
J72: =IFERROR(IFS(E65-1>F65, G53, E65<F65-1, D65),) | N72: Phoveus | O72: Solist | P72: Sora | U72: Moskov | V72: superegorka | W72: Freya | Z72: Zhuxin | AA72: Loveeeely | AB72: Gloo | AG72: Fanny | AH72: Inneskite | AI72: Guinevere | AL72: Phoveus | AM72: Repa | AN72: Fanny | AS72: Zhuxin | AT72: shvedskii | AU72: Yve | AX72: Yve | AY72: versoYustinian | AZ72: Suyou | BE72: Guinevere | BF72: Marl | BG72: Marcel | BJ72: Freya | BK72: shvedskii | BL72: Valir | BQ72: Harley | BR72: zaur egoist | BS72: Yve | BV72: Zhuxin | BW72: Hiko | BX72: Freya | CC72: Phoveus | CD72: Maniak | CE72: Harley | CH72: Marcel | CI72: Maniak | CJ72: Freya | CO72: Gloo | CP72: Q1let | CQ72: Kalea | CT72: Marcel | CU72: superegorka | CV72: Harith | DA72: Claude | DB72: Gorkiy | DC72: Harley | DF72: Phoveus | DG72: Inneskite | DH72: Leomord | DM72: Valentina | DN72: Solitude | DO72: Freya | DR72: Zhuxin | DS72: versoYustinian | DT72: Guinevere | DY72: Hylos | DZ72: KOKUSHIBO | EA72: Harley | ED72: Marcel | EE72: gxn1us | EF72: Yu Zhong | EK72: Suyou | EL72: zaur egoist | EM72: Phoveus | EP72: Harley | EQ72: ShowMe | ER72: Kalea | EW72: Phoveus | EX72: Kidbomba | EY72: Harith | FB72: Marcel | FC72: Mashiro | FD72: Guinevere | FI72: Yve | FJ72: Solitude | FK72: Kalea | FN72: Phoveus | FO72: zaur egoist | FP72: Baxia | FU72: Yu Zhong | FV72: BadKot | FW72: Yve
J73: =IFERROR(IFS(E66-1>F66, G54, E66<F66-1, D66),) | N73: Khaleed | O73: KOKUSHIBO | P73: Hylos | U73: Zetian | V73: Bober | W73: Zhuxin | Z73: Marcel | AA73: Mashiro | AB73: Fredrinn | AG73: Yve | AH73: Twizy | AI73: Harley | AL73: Freya | AM73: ShowMe | AN73: Kalea | AS73: Moskov | AT73: ilovee | AU73: Marcel | AX73: Harley | AY73: versoKodjikk | AZ73: Zetian | BE73: Yu Zhong | BF73: BadKot | BG73: Baxia | BJ73: Baxia | BK73: ilovee | BL73: Karrie | BQ73: Zetian | BR73: SunsetLover | BS73: Marcel | BV73: Baxia | BW73: Kidbomba | BX73: Terizla | CC73: Leomord | CD73: Repa | CE73: Yve | CH73: Yve | CI73: Reaper | CJ73: Zetian | CO73: Karrie | CP73: yuurikoshik | CQ73: Phoveus | CT73: Baxia | CU73: BadKot | CV73: Yu Zhong | DA73: Zhuxin | DB73: Twizy | DC73: Gloo | DF73: Marcel | DG73: Gorkiy | DH73: Claude | DM73: Suyou | DN73: Rienzy | DO73: Zhuxin | DR73: Harith | DS73: versoCastle | DT73: Paquito | DY73: Zetian | DZ73: shvedskii | EA73: Baxia | ED73: Belerick | EE73: Troublemaker | EF73: Zhuxin | EK73: Yve | EL73: SunsetLover | EM73: Harley | EP73: Zhuxin | EQ73: Maniak | ER73: Alice | EW73: Belerick | EX73: SAWO | EY73: Marcel | FB73: Phoveus | FC73: Mashiro | FD73: Yu Zhong | FI73: Leomord | FJ73: Bert | FK73: Freya | FN73: Paquito | FO73: Hiko | FP73: Clint | FU73: Guinevere | FV73: Marl | FW73: Marcel
J74: =IFERROR(IFS(E67-1>F67, G63, E67<F67-1, D67),) | N74: Valentina | O74: shvedskii | P74: Yve | U74: Arlott | V74: BadKot | W74: Kalea | Z74: Beatrix | AA74: Ptenchik | AB74: Zetian | AG74: Harith | AH74: Gorkiy | AI74: Gatotkaca | AL74: Arlott | AM74: Avilio. | AN74: Claude | AS74: Sora | AT74: Solist | AU74: Karrie | AX74: Beatrix | AY74: versoMarch | AZ74: Moskov | BE74: Valentina | BF74: Bober | BG74: Chip | BJ74: Atlas | BK74: Solist | BL74: Uranus | BQ74: Belerick | BR74: SAWO | BS74: Lylia | BV74: Badang | BW74: SunsetLover | BX74: Gord | CC74: Valentina | CD74: Reaper | CE74: Chip | CH74: Arlott | CI74: ShowMe | CJ74: Hylos | CO74: Zhuxin | CP74: Solitude | CQ74: Uranus | CT74: Kalea | CU74: Fangor | CV74: Kaja | DA74: Leomord | DB74: Inneskite | DC74: Atlas | DF74: Hylos | DG74: Summer | DH74: Uranus | DM74: Yu Zhong | DN74: Marbon | DO74: Arlott | DR74: Fanny | DS74: versoMarch | DT74: Bruno | DY74: Moskov | DZ74: Solist | EA74: Kalea | ED74: Uranus | EE74: Dont | EF74: Hanabi | EK74: Gatotkaca | EL74: SAWO | EM74: Claude | EP74: Leomord | EQ74: Avilio. | ER74: Granger | EW74: Moskov | EX74: Hiko | EY74: Valir | FB74: Belerick | FC74: Loveeeely | FD74: Atlas | FI74: Granger | FJ74: Ptenchik | FK74: Claude | FN74: Kalea | FO74: SAWO | FP74: Atlas | FU74: Karrie | FV74: superegorka | FW74: Valentina
J75: =IFERROR(IFS(E68-1>F68, G64, E68<F68-1, D68),) | N75: Hilda | O75: ilovee | P75: Claude | U75: Chou | V75: Fangor | W75: Grock | Z75: Claude | AA75: gxn1us | AB75: Lapu-Lapu | AG75: Phoveus | AH75: MatadQr | AI75: Yu Zhong | AL75: Benedetta | AM75: Reaper | AN75: Valentina | AS75: Badang | AT75: KOKUSHIBO | AU75: Valir | AX75: Karrie | AY75: versoAFK | AZ75: Gatotkaca | BE75: Granger | BF75: superegorka | BG75: Hylos | BJ75: Gatotkaca | BK75: KOKUSHIBO | BL75: Kalea | BQ75: Claude | BR75: Hiko | BS75: Valentina | BV75: Karrie | BW75: SAWO | BX75: Gatotkaca | CC75: Moskov | CD75: Avilio. | CE75: Valir | CH75: Yu Zhong | CI75: Avilio. | CJ75: Claude | CO75: Esmeralda | CP75: Marbon | CQ75: Alice | CT75: Moskov | CU75: Bober | CV75: Valentina | DA75: Arlott | DB75: Summer | DC75: Yve | DF75: Sora | DG75: Twizy | DH75: Kimmy | DM75: Belerick | DN75: Q1let | DO75: Terizla | DR75: Suyou | DS75: versoAFK | DT75: Belerick | DY75: Nolan | DZ75: VillainTzy | EA75: Atlas | ED75: Hylos | EE75: Loveeeely | EF75: Kalea | EK75: Moskov | EL75: Hiko | EM75: Atlas | EP75: Claude | EQ75: Reaper | ER75: Xavier | EW75: Martis | EX75: zaur egoist | EY75: Karrie | FB75: Grock | FC75: Dont | FD75: Clint | FI75: Hylos | FJ75: Q1let | FK75: Harith | FN75: Chou | FO75: SunsetLover | FP75: Gord | FU75: Hylos | FV75: Fangor | FW75: Zetian
J76: =IFERROR(IFS(E69-1>F69, G61, E69<F69-1, D69),) | M76: 3 | N76: Zhuxin | O76: shelianer | P76: Guinevere | Q76: Red | R76: L | S76: W | T76: Blue | U76: Suyou | V76: Marl | W76: Harley | Y76: 3 | AK76: 3 | AL76: Harith | AM76: Maniak | AN76: Phoveus | AO76: Blue | AP76: W | AQ76: L | AR76: Red | AS76: Zhuxin | AT76: shvedskii | AU76: Marcel | AW76: 3 | BI76: 3 | BU76: 3 | CG76: 3 | CS76: 3 | DE76: 3 | DQ76: 3 | EC76: 3 | ED76: Phoveus | EE76: Mashiro | EF76: Suyou | EG76: Blue | EH76: W | EI76: L | EJ76: Red | EK76: Claude | EL76: Hiko | EM76: Harith | EO76: 3 | FA76: 3 | FM76: 3 | FN76: Harley | FO76: SunsetLover | FP76: Zhuxin | FQ76: Blue | FR76: W | FS76: L | FT76: Red | FU76: Freya | FV76: BadKot | FW76: Baxia
F77: =IFERROR(IFS(D70-1>E70, C70, D70<E70-1, F70),) | G77: =IFERROR(IFS(D70-1>E70, F70, D70<E70-1, C70),) | H77: =IFERROR(IFS(D70=3, C70, E70=3, F62),) | I77: =IFERROR(IFS(D70-1>E70, F62, D70<E70-1, C70),) | J77: =IFERROR(IFS(E70-1>F70, G62, E70<F70-1, D70),) | N77: Marcel | O77: Solist | P77: Sora | U77: Claude | V77: superegorka | W77: Phoveus | AL77: Baxia | AM77: Repa | AN77: Harley | AS77: Hilda | AT77: KOKUSHIBO | AU77: Freya | ED77: Baxia | EE77: gxn1us | EF77: Uranus | EK77: Harley | EL77: zaur egoist | EM77: Yve | FN77: Phoveus | FO77: SAWO | FP77: Belerick | FU77: Luo Yi | FV77: superegorka | FW77: Paquito
N78: Baxia | O78: KOKUSHIBO | P78: Gloo | U78: Valentina | V78: Bober | W78: Freya | AL78: Uranus | AM78: ShowMe | AN78: Kaja | AS78: Terizla | AT78: Solist | AU78: Fanny | ED78: Freya | EE78: Troublemaker | EF78: Zhuxin | EK78: Valentina | EL78: SunsetLover | EM78: Guinevere | FN78: Marcel | FO78: Kidbomba | FP78: Benedetta | FU78: Leomord | FV78: Marl | FW78: Yve
N79: Harith | O79: shvedskii | P79: Valir | U79: Yu Zhong | V79: BadKot | W79: Yve | AL79: Leomord | AM79: Avilio. | AN79: Clint | AS79: Claude | AT79: ilovee | AU79: Kalea | ED79: Gloo | EE79: Dont | EF79: Bruno | EK79: Alice | EL79: Kidbomba | EM79: Paquito | FN79: Clint | FO79: zaur egoist | FP79: Guinevere | FU79: Bruno | FV79: Fangor | FW79: Atlas
N80: Karrie | O80: ilovee | P80: Moskov | U80: Hilda | V80: Fangor | W80: Zetian | AL80: Suyou | AM80: Reaper | AN80: Yve | AS80: Roger | AT80: shelianer | AU80: Grock | ED80: Terizla | EE80: Loveeeely | EF80: Hilda | EK80: Marcel | EL80: SAWO | EM80: Arlott | FN80: Claude | FO80: Hiko | FP80: Harith | FU80: Chou | FV80: superegorka | FW80: Hylos
R81: =COUNTIF(R66:R80, "W") -> 1 | S81: =COUNTIF(S66:S80, "W") -> 2 | AD81: =COUNTIF(AD66:AD80, "W") -> 2 | AE81: =COUNTIF(AE66:AE80, "W") -> 0 | AP81: =COUNTIF(AP66:AP80, "W") -> 2 | AQ81: =COUNTIF(AQ66:AQ80, "W") -> 1 | BB81: =COUNTIF(BB66:BB80, "W") -> 2 | BC81: =COUNTIF(BC66:BC80, "W") -> 0 | BN81: =COUNTIF(BN66:BN80, "W") -> 0 | BO81: =COUNTIF(BO66:BO80, "W") -> 2 | BZ81: =COUNTIF(BZ66:BZ80, "W") -> 2 | CA81: =COUNTIF(CA66:CA80, "W") -> 0 | CL81: =COUNTIF(CL66:CL80, "W") -> 2 | CM81: =COUNTIF(CM66:CM80, "W") -> 0 | CX81: =COUNTIF(CX66:CX80, "W") -> 2 | CY81: =COUNTIF(CY66:CY80, "W") -> 0 | DJ81: =COUNTIF(DJ66:DJ80, "W") -> 0 | DK81: =COUNTIF(DK66:DK80, "W") -> 2 | DV81: =COUNTIF(DV66:DV80, "W") -> 2 | DW81: =COUNTIF(DW66:DW80, "W") -> 0 | EH81: =COUNTIF(EH66:EH80, "W") -> 2 | EI81: =COUNTIF(EI66:EI80, "W") -> 1 | ET81: =COUNTIF(ET66:ET80, "W") -> 0 | EU81: =COUNTIF(EU66:EU80, "W") -> 2 | FF81: =COUNTIF(FF66:FF80, "W") -> 2 | FG81: =COUNTIF(FG66:FG80, "W") -> 0 | FR81: =COUNTIF(FR66:FR80, "W") -> 2 | FS81: =COUNTIF(FS66:FS80, "W") -> 1

Sheet Teams | 1 Division
A1: Teams | 1 Division
A2: Captain | B2: Role | C2: Nickname | D2: Pronounce | E2: Captain | F2: Role | G2: Nickname | H2: Pronounce
A3: ='Schedule | 1 Division'!B3 -> Aura Farmers | E3: ='Schedule | 1 Division'!B7 -> FORZE
A4: Captain | B4: Roam | C4: NEIL | D4: нЭйл | E4: Captain | F4: Exp | G4: Maniak | H4: Маньяк
A5: Player | B5: Exp | C5: Summer | D5: сАмэр | E5: Player | F5: Jungler | G5: Repa | H5: рЕпа
A6: Player | B6: Jungler | C6: Inneskite | D6: инэскАйт | E6: Player | F6: Roam | G6: ShowMe | H6: шОуми
A7: Player | B7: Gold | C7: Gorkiy | D7: гОрький | E7: Player | F7: Gold | G7: Avilio. | H7: Авилио
A8: Player | B8: Mid | C8: Twizy | D8: твИзи | E8: Player | F8: Mid | G8: Reaper | H8: рИпер
A9: Substitute | E9: Substitute
A10: Substitute | E10: Substitute
A11: Coach | C11: Deus | D11: дЭус | E11: Coach
A12: Analyst / Assistant Coach | E12: Analyst / Assistant Coach
A13: Manager | C13: Gulliver | D13: гуливЕр | E13: Manager | F13: Roam | G13: KinDer | H13: кИндер
A14: ='Schedule | 1 Division'!B4 -> Magic | E14: ='Schedule | 1 Division'!B8 -> CYBERHERO
A15: Captain | B15: Gold | C15: ilovee | D15: айлАв | E15: Captain | F15: Roam | G15: Q1let | H15: килЕт
A16: Player | B16: Exp | C16: Solist | D16: солИст | E16: Player | F16: Jungler | G16: Hadess | H16: хЕйдэс/хЕйдис
A17: Player | B17: Roam | C17: KOKUSHIBO | D17: кокушИбо | E17: Player | F17: Gold | G17: Ptenchik | H17: птЕнчик
A18: Player | B18: Jungler | C18: VillainTzy | D18: ВилАйн | E18: Player | F18: Mid | G18: Solitude | H18: солитьЮд
A19: Player | B19: Mid | C19: shvedskii | D19: швЕдский | E19: Player | F19: Exp | G19: Marbon | H19: марбОн
A20: Substitute | B20: Multirole | C20: Zwihsk | D20: звИск | E20: Substitute | F20: Multirole | G20: Yui' | H20: Юи
A21: Substitute | B21: Jungler | C21: shelianer | D21: шелианЕр | E21: Substitute | F21: Jungler | G21: orb1t | H21: Орбит
A22: Coach | C22: denaliens | D22: денАлиенс | E22: Coach | G22: Coach Cody | H22: кОди
A23: Analyst / Assistant Coach | E23: Analyst / Assistant Coach
A24: Manager | C24: Yago | D24: ягО | E24: Manager | G24: Zefirka | H24: зефИрка
A25: ='Schedule | 1 Division'!B5 -> Virtus.pro | E25: ='Schedule | 1 Division'!B9 -> Team Yandex
A26: Captain | B26: Gold | C26: superegorka | D26: сУперегОрка | E26: Captain | F26: Gold | G26: Dont | H26: дОнт
A27: Player | B27: Roam | C27: Fangor | D27: фангОр | E27: Player | F27: Roam | G27: Loveeeely | H27: лАвли
A28: Player | B28: Exp | C28: BadKot | D28: бЭдкот | E28: Player | F28: Jungler | G28: Mashiro | H28: мАширо
A29: Player | B29: Jungler | C29: Marl | D29: мАрл | E29: Player | F29: Mid | G29: Troublemaker | H29: трАблмЕйкер
A30: Player | B30: Mid | C30: Bober | D30: бобЁр | E30: Player | F30: Exp | G30: gxn1us | H30: гЕниус
A31: Substitute | B31: Roam | C31: Nagib | D31: нагИб
A32: Substitute | B32: Multirole | C32: Kerrigan | D32: кЕрриган | E32: Substitute | F32: Multirole | G32: EvilKing | H32: Эвил-кИнг
A33: Coach | C33: flysolo | D33: флАйсОло | E33: Coach | G33: Badgalseph
A34: Analyst / Assistant Coach | E34: Analyst / Assistant Coach
A35: Manager | E35: Manager | G35: Filip_Filipsov | H35: Филип Филипсов
A36: ='Schedule | 1 Division'!B6 -> Team Spirit | E36: ='Schedule | 1 Division'!B10 -> Verso Time
A37: Captain | B37: Mid | C37: SunsetLover | D37: сАнсет лАвер | E37: Captain | F37: Gold | G37: versoMarch | H37: мАрч
A38: Player | B38: Roam | C38: SAWO | D38: сАво | E38: Player | F38: Roam | G38: versoAFK | H38: АфЭкА
A39: Player | B39: Exp | C39: Kidbomba | D39: кИд бОмба | E39: Player | F39: Exp | G39: versoCastle | H39: кАсл
A40: Player | B40: Jungler | C40: zaur egoist | D40: заУр эгоИст | E40: Player | F40: Jungler | G40: versoYustinian | H40: Юстиниан
A41: Player | B41: Gold | C41: Hiko | D41: хИко | E41: Player | F41: Mid | G41: versoKodjikk | H41: кОджик
A42: Substitute | B42: Multirole | C42: HarmonySoul | D42: хАрмони сОул | E42: Substitute | F42: Jungler | G42: versoNovel | H42: новЕл
A43: Substitute | C43: Coldstar | D43: колдстАр | E43: Substitute
A44: Coach | C44: Ooops | D44: Упс | E44: Coach | G44: Ospreay | H44: оспрЕй
A45: Analyst / Assistant Coach | E45: Analyst / Assistant Coach
A46: Manager | C46: euphoria | D46: эйфорИя | E46: Manager | G46: Parma | H46: пАрма

Sheet Schedule | 2 Division
E1: Schedule | 2 Division
A2: Team № | B2: Team | E2: Round 1 | K2: Round 2
A3: 1 | B3: HARD GRIND | E3: 46135 | K3: 46153
A4: 2 | B4: The Soulless Team | E4: Team 1 | F4: Score | G4: Time | H4: Score | I4: Team 2 | J4: Match | K4: Team 1 | L4: Score | M4: Time | N4: Score | O4: Team 2 | P4: Match
A5: 3 | B5: TSA White | E5: =$B$3 -> HARD GRIND | F5: ='Matches | 2 Division'!D15 -> 2 | G5: 0.75 | H5: ='Matches | 2 Division'!E15 -> 0 | I5: =$B$6 -> Aterion Esports | J5: Match 1 | K5: =$B$6 -> Aterion Esports | L5: ='Matches | 2 Division'!D43 -> 1 | M5: 0.75 | N5: ='Matches | 2 Division'!E43 -> 2 | O5: =$B$4 -> The Soulless Team | P5: Match 29
A6: 4 | B6: Aterion Esports | E6: =$B$10 -> Suplex team | F6: ='Matches | 2 Division'!D16 -> 0 | G6: 0.8125 | H6: ='Matches | 2 Division'!E16 -> 2 | I6: =$B$7 -> INVISION | J6: Match 2 | K6: =$B$9 -> Omnix | L6: ='Matches | 2 Division'!D44 -> 1 | M6: 0.8125 | N6: ='Matches | 2 Division'!E44 -> 2 | O6: =$B$7 -> INVISION | P6: Match 30
A7: 5 | B7: INVISION | E7: =$B$8 -> Dark Phoenix | F7: ='Matches | 2 Division'!D17 -> 0 | G7: 0.875 | H7: ='Matches | 2 Division'!E17 -> 2 | I7: =$B$9 -> Omnix | J7: Match 3 | K7: =$B$10 -> Suplex team | L7: ='Matches | 2 Division'!D45 -> 1 | M7: 0.875 | N7: ='Matches | 2 Division'!E45 -> 2 | O7: =$B$8 -> Dark Phoenix | P7: Match 31
