Workbook

Sheet SUMMARY
B1: BetBoom RUSH B! Summit - Part Four
B3: Organizer: | C3: @BTSBrasilTV
B4: Event Series: | C4: Brasil ESports Tour - BEST 2026 - Event #4
B5: Sponsor | C5: BetBoom
B6: Rulebook: | C6: Rulebook
B7: City: | C7: Sao Paulo - Brazil
B8: Venue: | C8: BTSBrasilTV Studio
B9: Event Type: | C9: Open Registration
B10: Registration Date: | C10: July 2nd, 2026 at 2pm BRT
B11: Registration Fee: | C11: 1250
B12: Participant Teams: | C12: 8
B13: Start Date: | C13: July 15th, 2026
B14: End Date: | C14: July 19th, 2026
B15: VRS Region: | C15: Global - Open to All teams from All Regions
B16: VRS Seed Date: | C16: Official Global VRS as of July 6th, 2026
B17: VRS Seeding: | C17: Top 8 VRS seeded into Quarter Finals
B18: Format: | C18: Double Elimination Playoffs
B19: Matches: | C19: Bo3 besides the Grand Finals which are Bo5
B20: Prize Pool Distribution
B21: Prize Pool Disclaimer: | C21: There are no compensations besides the prize pool
B22: Prize Pool Payment: | C22: 100% to Players
B23: Place | C23: Prize
B24: 1st - (60%) | C24: =C28*60% -> 30000
B25: 2nd - (17,5%) | C25: =C28*17.5% -> 8750
B26: 3rd - (12,5%) | C26: =C28*12.5% -> 6250
B27: 4th - (10%) | C27: =C28*10% -> 5000
B28: Total | C28: 50000

Sheet SCHEDULE
A1: # | B1: STAGE | C1: ROUND | D1: DATE | E1: START TIME (BRT) | F1: START TIME (CET/CEST) | G1: TEAM A | H1: RESULT | K1: TEAM B | L1: MAP 1 | N1: MAP 2 | P1: MAP 3 | R1: MAP 4 | T1: MAP 5
A2: 1 | B2: Winner Quarter | C2: A1 | D2: 46218 | E2: 0.54166667 | F2: 0.75 | G2: Bounty Hunters | H2: 2 | I2: vs. | J2: 1 | K2: Vivo Keyd Stars | L2: 7 | M2: 13 | N2: 13 | O2: 11 | P2: 16 | Q2: 14 | R2: - | S2: - | T2: - | U2: -
A3: 2 | B3: Winner Quarter | C3: A2 | D3: 46218 | E3: 0.66666667 | F3: 0.875 | G3: Fluxo Lottu | H3: 2 | I3: vs. | J3: 0 | K3: RUSH GAMING | L3: 13 | M3: 6 | N3: 13 | O3: 2 | P3: - | Q3: - | R3: - | S3: - | T3: - | U3: -
A4: 3 | B4: Winner Semis | C4: B1 | D4: 46219 | E4: 0.54166667 | F4: 0.75 | G4: ShindeN | H4: 0 | I4: vs. | J4: 2 | K4: Bounty Hunters | L4: 5 | M4: 13 | N4: 10 | O4: 13 | P4: - | Q4: - | R4: - | S4: - | T4: - | U4: -
A5: 4 | B5: Winner Semis | C5: B2 | D5: 46219 | E5: 0.66666667 | F5: 0.875 | G5: Gamdom Imperial | H5: 1 | I5: vs. | J5: 2 | K5: Fluxo Lottu | L5: 15 | M5: 19 | N5: 13 | O5: 7 | P5: 6 | Q5: 13 | R5: - | S5: - | T5: - | U5: -
A6: 5 | B6: Loser Quarters | C6: C1 | D6: 46220 | E6: 0.54166667 | F6: 0.75 | G6: Vivo Keyd Stars | H6: 0 | I6: vs. | J6: 1 | K6: Gamdom Imperial | L6: 10 | M6: 13 | N6: - | O6: - | P6: - | Q6: - | R6: - | S6: - | T6: - | U6: -
A7: 6 | B7: Loser Quarters | C7: C2 | D7: 46220 | E7: 0.66666667 | F7: 0.875 | G7: RUSH GAMING | H7: 0 | I7: vs. | J7: 0 | K7: ShindeN | L7: - | M7: - | N7: - | O7: - | P7: - | Q7: - | R7: - | S7: - | T7: - | U7: -
A8: 7 | B8: Winner Finals | C8: C3 | D8: 46220 | E8: 0.79166667 | F8: 1 | G8: Bounty Hunters | H8: 0 | I8: vs. | J8: 0 | K8: Fluxo Lottu | L8: - | M8: - | N8: - | O8: - | P8: - | Q8: - | R8: - | S8: - | T8: - | U8: -
A9: 8 | B9: Loser Semis | C9: D1 | D9: 46221 | E9: 0.54166667 | F9: 0.75 | G9: Winner #C1 | H9: 0 | I9: vs. | J9: 0 | K9: Winner #C2 | L9: - | M9: - | N9: - | O9: - | P9: - | Q9: - | R9: - | S9: - | T9: - | U9: -
A10: 9 | B10: Showmatch | C10: D2 | D10: 46221 | E10: 0.66666667 | F10: 0.875 | G10: Showmatch | H10: 0 | I10: vs. | J10: 0 | K10: Showmatch | L10: - | M10: - | N10: - | O10: - | P10: - | Q10: - | R10: - | S10: - | T10: - | U10: -
A11: 10 | B11: Consolidation Finals | C11: D3 | D11: 46221 | E11: 0.75 | F11: 0.95833333 | G11: Loser #C3 | H11: 0 | I11: vs. | J11: 0 | K11: Winner #D1 | L11: - | M11: - | N11: - | O11: - | P11: - | Q11: - | R11: - | S11: - | T11: - | U11: -
A12: 11 | B12: Grand Finals | C12: E1 | D12: 46222 | E12: 0.83333333 | F12: 0.041666667 | G12: Winner #C3 | H12: 0 | I12: vs. | J12: 0 | K12: Winner#D3 | L12: - | M12: - | N12: - | O12: - | P12: - | Q12: - | R12: - | S12: - | T12: - | U12: -

Sheet BRACKET
B4: WInner Quarter | G4: Winner Semis
A5: A1 | B5: =SCHEDULE!D2+SCHEDULE!E2 -> 46218.542 | G5: =SCHEDULE!D4+SCHEDULE!E4 -> 46219.542
B6: Bounty Hunters | F6: B1 | G6: Shinden
B7: vs | G7: vs | L7: Winner Finals | Q7: Grand Finals
B8: Vivo Keyd Stars | G8: Bounty Hunters | L8: =SCHEDULE!D8+SCHEDULE!E8 -> 46220.792 | Q8: =SCHEDULE!D12+SCHEDULE!E12 -> 46222.833
K9: C3 | L9: Bounty Hunters
L10: vs | Q10: vs
A11: A2 | B11: =SCHEDULE!D3+SCHEDULE!E3 -> 46218.667 | G11: =SCHEDULE!D5+SCHEDULE!E5 -> 46219.667 | L11: Fluxo Lottu
B12: Fluxo Lottu | F12: B2 | G12: Gamdom Imperial
B13: vs | G13: vs
B14: RUSH GAMING | G14: Fluxo Lottu
B17: Loser Quarters | Q17: Show Match
A18: C1 | B18: =SCHEDULE!D6+SCHEDULE!E6 -> 46220.542 | Q18: =dasasdassaddas!D14 + dasasdassaddas!E14 -> 46221.667
B19: Vivo Keyd Stars | P19: D2
B20: vs | G20: Loser Semis | L20: Consolidation Finals | Q20: vs
B21: Gamdom Imperial | G21: =SCHEDULE!D9+SCHEDULE!E9 -> 46221.542 | L21: =SCHEDULE!D11+SCHEDULE!E11 -> 46221.75
F22: D1
A23: C2 | B23: =SCHEDULE!D7+SCHEDULE!E7 -> 46220.667 | G23: vs | L23: vs
B24: RUSH GAMING
B25: vs
B26: Shinden

Sheet dasasdassaddas
A1: # | B1: STAGE | C1: ROUND | D1: DATE | E1: START TIME (BRT) | F1: START TIME (CET/CEST) | G1: TEAM A | H1: RESULT | K1: TEAM B | L1: MAP 1 | N1: MAP 2 | P1: MAP 3 | R1: MAP 4 | T1: MAP 5
A2: 1 | B2: UB - QUARTERS | C2: A1 | D2: 46218 | E2: 0.54166667 | F2: =E2+5/24 -> 0.75 | H2: 0 | I2: vs. | J2: 0 | L2: - | M2: - | N2: - | O2: - | P2: - | Q2: - | R2: - | S2: - | T2: - | U2: -
A3: 2 | B3: UB - QUARTERS | C3: A2 | D3: 46218 | E3: 0.66666667 | F3: =E3+5/24 -> 0.875 | H3: 0 | I3: vs. | J3: 0 | L3: - | M3: - | N3: - | O3: - | P3: - | Q3: - | R3: - | S3: - | T3: - | U3: -
A4: 3 | B4: UB - QUARTERS | C4: A3 | D4: 46218 | E4: 0.79166667 | F4: =E4+5/24 -> 1 | H4: 0 | I4: vs. | J4: 0 | L4: - | M4: - | N4: - | O4: - | P4: - | Q4: - | R4: - | S4: - | T4: - | U4: -
A5: 4 | B5: UB - QUARTERS | C5: A4 | D5: 46218 | E5: 0.91666667 | F5: =E5+5/24 -> 1.125 | H5: 0 | I5: vs. | J5: 0 | L5: - | M5: - | N5: - | O5: - | P5: - | Q5: - | R5: - | S5: - | T5: - | U5: -
A6: 5 | B6: LB - QUARTERS | C6: B1 | D6: 46219 | E6: 0.54166667 | F6: 0.75 | H6: 0 | I6: vs. | J6: 0 | L6: - | M6: - | N6: - | O6: - | P6: - | Q6: - | R6: - | S6: - | T6: - | U6: -
A7: 6 | B7: LB - QUARTERS | C7: B2 | D7: 46219 | E7: 0.66666667 | F7: 0.875 | H7: 0 | I7: vs. | J7: 0 | L7: - | M7: - | N7: - | O7: - | P7: - | Q7: - | R7: - | S7: - | T7: - | U7: -
A8: 7 | B8: UB - SEMIS | C8: B3 | D8: 46219 | E8: 0.79166667 | F8: 1 | H8: 0 | I8: vs. | J8: 0 | L8: - | M8: - | N8: - | O8: - | P8: - | Q8: - | R8: - | S8: - | T8: - | U8: -
A9: 8 | B9: UB - SEMIS | C9: B4 | D9: 46219 | E9: 0.91666667 | F9: 1.125 | H9: 0 | I9: vs. | J9: 0 | L9: - | M9: - | N9: - | O9: - | P9: - | Q9: - | R9: - | S9: - | T9: - | U9: -
A10: 9 | B10: LB - SEMIS | C10: C1 | D10: 46220 | E10: 0.54166667 | F10: 0.75 | H10: 0 | I10: vs. | J10: 0 | L10: - | M10: - | N10: - | O10: - | P10: - | Q10: - | R10: - | S10: - | T10: - | U10: -
A11: 10 | B11: UB - FINALS | C11: C3 | D11: 46220 | E11: 0.66666667 | F11: 0.875 | H11: 0 | I11: vs. | J11: 0 | L11: - | M11: - | N11: - | O11: - | P11: - | Q11: - | R11: - | S11: - | T11: - | U11: -
A12: 11 | B12: LB - SEMIS | C12: C2 | D12: 46220 | E12: 0.79166667 | F12: 1 | H12: 0 | I12: vs. | J12: 0 | L12: - | M12: - | N12: - | O12: - | P12: - | Q12: - | R12: - | S12: - | T12: - | U12: -
A13: 12 | B13: LB - FINAL | C13: D1 | D13: 46221 | E13: 0.54166667 | F13: 0.75 | H13: 0 | I13: vs. | J13: 0 | L13: - | M13: - | N13: - | O13: - | P13: - | Q13: - | R13: - | S13: - | T13: - | U13: -
A14: 13 | B14: SHOW MATCH | C14: D2 | D14: 46221 | E14: 0.66666667 | F14: 0.875 | H14: 0 | I14: vs. | J14: 0 | L14: - | M14: - | N14: - | O14: - | P14: - | Q14: - | R14: - | S14: - | T14: - | U14: -
A15: 14 | B15: CONS. FINALS | C15: D3 | D15: 46221 | E15: 0.79166667 | F15: 1 | H15: 0 | I15: vs. | J15: 0 | L15: - | M15: - | N15: - | O15: - | P15: - | Q15: - | R15: - | S15: - | T15: - | U15: -
A16: 15 | B16: GRAND FINAL | C16: E1 | D16: 46222 | E16: 0.83333333 | F16: 0.041666667 | H16: 0 | I16: vs. | J16: 0 | L16: - | M16: - | N16: - | O16: - | P16: - | Q16: - | R16: - | S16: - | T16: - | U16: -

Sheet Cópia de SCHEDULE
A1: # | B1: STAGE | C1: ROUND | D1: DATE | E1: START TIME (BRT) | F1: START TIME (CET/CEST) | G1: TEAM A | H1: RESULT | K1: TEAM B | L1: MAP 1 | N1: MAP 2 | P1: MAP 3 | R1: MAP 4 | T1: MAP 5
A2: 1 | B2: UB - QUARTERS | C2: A1 | D2: 46134 | E2: 0.54166667 | F2: =E2+4/24 -> 0.70833333 | G2: 9z | H2: 2 | I2: vs. | J2: 0 | K2: Alka | L2: 13 | M2: 6 | N2: 13 | O2: 7 | P2: - | Q2: - | R2: - | S2: - | T2: - | U2: -
A3: 2 | B3: UB - QUARTERS | C3: A2 | D3: 46134 | E3: 0.66666667 | F3: =E3+4/24 -> 0.83333333 | G3: METANOIA Wolves | H3: 1 | I3: vs. | J3: 2 | K3: Vasco | L3: 9 | M3: 13 | N3: 13 | O3: 9 | P3: 13 | Q3: 16 | R3: - | S3: - | T3: - | U3: -
A4: 3 | B4: UB - QUARTERS | C4: A3 | D4: 46134 | E4: 0.79166667 | F4: =E4+4/24 -> 0.95833333 | G4: Keyd Stars | H4: 2 | I4: vs. | J4: 1 | K4: Crashers | L4: 16 | M4: 13 | N4: 6 | O4: 13 | P4: 13 | Q4: 2 | R4: - | S4: - | T4: - | U4: -
A5: 4 | B5: UB - QUARTERS | C5: A4 | D5: 46134 | E5: 0.91666667 | F5: =E5+4/24 -> 1.0833333 | G5: Legacy | H5: 2 | I5: vs. | J5: 0 | K5: ALZON | L5: 13 | M5: 1 | N5: 13 | O5: 3 | P5: - | Q5: - | R5: - | S5: - | T5: - | U5: -
A6: 5 | B6: LB - QUARTERS | C6: B1 | D6: 46135 | E6: 0.54166667 | F6: =E6+4/24 -> 0.70833333 | G6: Alka | I6: vs. | K6: METANOIA Wolves
A7: 6 | B7: LB - QUARTERS | C7: B2 | D7: 46135 | E7: 0.66666667 | F7: =E7+4/24 -> 0.83333333 | G7: Crashers | I7: vs. | K7: ALZON
A8: 7 | B8: UB - SEMIS | C8: B3 | D8: 46135 | E8: 0.79166667 | F8: =E8+4/24 -> 0.95833333 | G8: 9z | I8: vs. | K8: Vasco
A9: 8 | B9: UB - SEMIS | C9: B4 | D9: 46135 | E9: 0.91666667 | F9: =E9+4/24 -> 1.0833333 | G9: Keyd Stars | I9: vs. | K9: Legacy
A10: 9 | B10: LB - SEMIS | C10: C1 | D10: 46136 | E10: 0.54166667 | F10: 0.70833333 | I10: vs.
A11: 10 | B11: LB - SEMIS | C11: C2 | D11: 46136 | E11: 0.66666667 | F11: 0.83333333 | I11: vs.
A12: 11 | B12: UB - FINALS | C12: C3 | D12: 46136 | E12: 0.79166667 | F12: 0.95833333 | I12: vs.
A13: 12 | B13: LB - FINAL | C13: D1 | D13: 46137 | E13: 0.54166667 | F13: 0.70833333 | I13: vs.
A14: 13 | B14: SHOW MATCH | C14: D2 | D14: 46137 | E14: 0.66666667 | F14: 0.83333333 | I14: vs.
A15: 14 | B15: CONS. FINALS | C15: D3 | D15: 46137 | E15: 0.75 | F15: 0.91666667 | I15: vs.
A16: 15 | B16: GRAND FINAL | C16: E1 | D16: 46138 | E16: 0.66666667 | F16: 0.83333333 | I16: vs.
