Workbook

Sheet Tournament Information
A1: =IFERROR(__xludf.DUMMYFUNCTION("if('Make Public'!C7=""Yes"",importrange('Make Public'!B3,""Tournament Information!A1:n""),""TBD"")"),"")
B2: =IFERROR(__xludf.DUMMYFUNCTION("""COMPUTED_VALUE"""),"Format") -> Format | D2: =IFERROR(__xludf.DUMMYFUNCTION("""COMPUTED_VALUE"""),"Quick Facts") -> Quick Facts | G2: =IFERROR(__xludf.DUMMYFUNCTION("""COMPUTED_VALUE"""),"Prize Money") -> Prize Money | K2: =IFERROR(__xludf.DUMMYFUNCTION("""COMPUTED_VALUE"""),"FAQ") -> FAQ
B3: =IFERROR(__xludf.DUMMYFUNCTION("""COMPUTED_VALUE"""),"Stage 1: Group Stage") -> Stage 1: Group Stage | D3: =IFERROR(__xludf.DUMMYFUNCTION("""COMPUTED_VALUE"""),"Tournament Days (without breaks)") -> Tournament Days (without breaks) | E3: =IFERROR(__xludf.DUMMYFUNCTION("""COMPUTED_VALUE"""),12.0) -> 12 | G3: =IFERROR(__xludf.DUMMYFUNCTION("""COMPUTED_VALUE"""),"#") -> # | H3: =IFERROR(__xludf.DUMMYFUNCTION("""COMPUTED_VALUE"""),"Prize") -> Prize | I3: =IFERROR(__xludf.DUMMYFUNCTION("""COMPUTED_VALUE"""),"Team") -> Team
B4: =IFERROR(__xludf.DUMMYFUNCTION("""COMPUTED_VALUE"""),"24 teams (24 Qualified)") -> 24 teams (24 Qualified) | D4: =IFERROR(__xludf.DUMMYFUNCTION("""COMPUTED_VALUE"""),"Tournament Days (with breaks)") -> Tournament Days (with breaks) | E4: =IFERROR(__xludf.DUMMYFUNCTION("""COMPUTED_VALUE"""),13.0) -> 13 | G4: =IFERROR(__xludf.DUMMYFUNCTION("""COMPUTED_VALUE"""),"Total:") -> Total: | H4: =IFERROR(__xludf.DUMMYFUNCTION("""COMPUTED_VALUE"""),2000000.0) -> 2000000 | K4: =IFERROR(__xludf.DUMMYFUNCTION("""COMPUTED_VALUE"""),"Match Breaks") -> Match Breaks | N4: =IFERROR(__xludf.DUMMYFUNCTION("""COMPUTED_VALUE"""),"Draft Procedure") -> Draft Procedure
G5: =IFERROR(__xludf.DUMMYFUNCTION("""COMPUTED_VALUE"""),1.0) -> 1 | H5: =IFERROR(__xludf.DUMMYFUNCTION("""COMPUTED_VALUE"""),750000.0) -> 750000 | K5: =IFERROR(__xludf.DUMMYFUNCTION("""COMPUTED_VALUE"""),"Break between maps") -> Break between maps | L5: =IFERROR(__xludf.DUMMYFUNCTION("""COMPUTED_VALUE"""),"15 minutes") -> 15 minutes | N5: =IFERROR(__xludf.DUMMYFUNCTION("""COMPUTED_VALUE"""),"This example assumes Radiant is the startng team. Invert teams if Dire is the starting team.") -> This example assumes Radiant is the startng team. Invert teams if Dire is the starting team.
B6: =IFERROR(__xludf.DUMMYFUNCTION("""COMPUTED_VALUE"""),"4 Group of 6 Teams") -> 4 Group of 6 Teams | D6: =IFERROR(__xludf.DUMMYFUNCTION("""COMPUTED_VALUE"""),"Players Arrival Date") -> Players Arrival Date | E6: =IFERROR(__xludf.DUMMYFUNCTION("""COMPUTED_VALUE"""),46208.0) -> 46208 | G6: =IFERROR(__xludf.DUMMYFUNCTION("""COMPUTED_VALUE"""),2.0) -> 2 | H6: =IFERROR(__xludf.DUMMYFUNCTION("""COMPUTED_VALUE"""),340000.0) -> 340000 | K6: =IFERROR(__xludf.DUMMYFUNCTION("""COMPUTED_VALUE"""),"Break between matches") -> Break between matches | L6: =IFERROR(__xludf.DUMMYFUNCTION("""COMPUTED_VALUE"""),"40 minutes") -> 40 minutes
B7: =IFERROR(__xludf.DUMMYFUNCTION("""COMPUTED_VALUE"""),"Round Robin Format") -> Round Robin Format | D7: =IFERROR(__xludf.DUMMYFUNCTION("""COMPUTED_VALUE"""),"Media Day") -> Media Day | E7: =IFERROR(__xludf.DUMMYFUNCTION("""COMPUTED_VALUE"""),46209.0) -> 46209 | G7: =IFERROR(__xludf.DUMMYFUNCTION("""COMPUTED_VALUE"""),3.0) -> 3 | H7: =IFERROR(__xludf.DUMMYFUNCTION("""COMPUTED_VALUE"""),200000.0) -> 200000 | N7: =IFERROR(__xludf.DUMMYFUNCTION("""COMPUTED_VALUE"""),"Ban") -> Ban
B8: =IFERROR(__xludf.DUMMYFUNCTION("""COMPUTED_VALUE"""),"Bo2") -> Bo2 | D8: =IFERROR(__xludf.DUMMYFUNCTION("""COMPUTED_VALUE"""),"Tournament Dates") -> Tournament Dates | E8: =IFERROR(__xludf.DUMMYFUNCTION("""COMPUTED_VALUE"""),"July 7 - 19") -> July 7 - 19 | G8: =IFERROR(__xludf.DUMMYFUNCTION("""COMPUTED_VALUE"""),4.0) -> 4 | H8: =IFERROR(__xludf.DUMMYFUNCTION("""COMPUTED_VALUE"""),120000.0) -> 120000 | K8: =IFERROR(__xludf.DUMMYFUNCTION("""COMPUTED_VALUE"""),"Pauses") -> Pauses | N8: =IFERROR(__xludf.DUMMYFUNCTION("""COMPUTED_VALUE"""),"Ban") -> Ban
B9: =IFERROR(__xludf.DUMMYFUNCTION("""COMPUTED_VALUE"""),"1st per group qualify to Playoffs") -> 1st per group qualify to Playoffs | D9: =IFERROR(__xludf.DUMMYFUNCTION("""COMPUTED_VALUE"""),"Playoffs Dates") -> Playoffs Dates | E9: =IFERROR(__xludf.DUMMYFUNCTION("""COMPUTED_VALUE"""),"July 16 - 19") -> July 16 - 19 | G9: =IFERROR(__xludf.DUMMYFUNCTION("""COMPUTED_VALUE"""),"5-8") -> 5-8 | H9: =IFERROR(__xludf.DUMMYFUNCTION("""COMPUTED_VALUE"""),70000.0) -> 70000 | I9: =IFERROR(__xludf.DUMMYFUNCTION("""COMPUTED_VALUE"""),"Nigma Galaxy") -> Nigma Galaxy | K9: =IFERROR(__xludf.DUMMYFUNCTION("""COMPUTED_VALUE"""),"Pauses should only be for technical reasons") -> Pauses should only be for technical reasons | N9: =IFERROR(__xludf.DUMMYFUNCTION("""COMPUTED_VALUE"""),"Ban") -> Ban
B10: =IFERROR(__xludf.DUMMYFUNCTION("""COMPUTED_VALUE"""),"2nd-4th per group qualify to Survival") -> 2nd-4th per group qualify to Survival | G10: =IFERROR(__xludf.DUMMYFUNCTION("""COMPUTED_VALUE"""),"5-8") -> 5-8 | H10: =IFERROR(__xludf.DUMMYFUNCTION("""COMPUTED_VALUE"""),70000.0) -> 70000 | I10: =IFERROR(__xludf.DUMMYFUNCTION("""COMPUTED_VALUE"""),"Team Falcons") -> Team Falcons | N10: =IFERROR(__xludf.DUMMYFUNCTION("""COMPUTED_VALUE"""),"Ban") -> Ban
B11: =IFERROR(__xludf.DUMMYFUNCTION("""COMPUTED_VALUE"""),"5th-6th per group eliminated") -> 5th-6th per group eliminated | D11: =IFERROR(__xludf.DUMMYFUNCTION("""COMPUTED_VALUE"""),"Roster Submission Deadline") -> Roster Submission Deadline | E11: =IFERROR(__xludf.DUMMYFUNCTION("""COMPUTED_VALUE"""),46182.0) -> 46182 | G11: =IFERROR(__xludf.DUMMYFUNCTION("""COMPUTED_VALUE"""),"5-8") -> 5-8 | H11: =IFERROR(__xludf.DUMMYFUNCTION("""COMPUTED_VALUE"""),70000.0) -> 70000 | I11: =IFERROR(__xludf.DUMMYFUNCTION("""COMPUTED_VALUE"""),"Rune Eaters") -> Rune Eaters | K11: =IFERROR(__xludf.DUMMYFUNCTION("""COMPUTED_VALUE"""),"Seeding") -> Seeding | N11: =IFERROR(__xludf.DUMMYFUNCTION("""COMPUTED_VALUE"""),"Ban") -> Ban
B12: =IFERROR(__xludf.DUMMYFUNCTION("""COMPUTED_VALUE"""),"Stage 2: Survival") -> Stage 2: Survival | D12: =IFERROR(__xludf.DUMMYFUNCTION("""COMPUTED_VALUE"""),"Seeding Date") -> Seeding Date | E12: =IFERROR(__xludf.DUMMYFUNCTION("""COMPUTED_VALUE"""),"June 19 (latest)") -> June 19 (latest) | G12: =IFERROR(__xludf.DUMMYFUNCTION("""COMPUTED_VALUE"""),"5-8") -> 5-8 | H12: =IFERROR(__xludf.DUMMYFUNCTION("""COMPUTED_VALUE"""),70000.0) -> 70000 | I12: =IFERROR(__xludf.DUMMYFUNCTION("""COMPUTED_VALUE"""),"Team Spirit") -> Team Spirit | K12: =IFERROR(__xludf.DUMMYFUNCTION("""COMPUTED_VALUE"""),"Group Stage") -> Group Stage | N12: =IFERROR(__xludf.DUMMYFUNCTION("""COMPUTED_VALUE"""),"Ban") -> Ban
B13: =IFERROR(__xludf.DUMMYFUNCTION("""COMPUTED_VALUE"""),"12 teams (12 qualified)") -> 12 teams (12 qualified) | G13: =IFERROR(__xludf.DUMMYFUNCTION("""COMPUTED_VALUE"""),"9-12") -> 9-12 | H13: =IFERROR(__xludf.DUMMYFUNCTION("""COMPUTED_VALUE"""),40000.0) -> 40000 | I13: =IFERROR(__xludf.DUMMYFUNCTION("""COMPUTED_VALUE"""),"1W") -> 1W | K13: =IFERROR(__xludf.DUMMYFUNCTION("""COMPUTED_VALUE"""),"The EPT Leaderboard Teams must be divided evenly between the 4 groups, and there cannot be more than 1 team from each four ranks (between 1-4, 5-8, etc) in any single Group.") -> The EPT Leaderboard Teams must be divided evenly between the 4 groups, and there cannot be more than 1 team from each four ranks (between 1-4, 5-8, etc) in any single Group. | N13: =IFERROR(__xludf.DUMMYFUNCTION("""COMPUTED_VALUE"""),"Ban") -> Ban
D14: =IFERROR(__xludf.DUMMYFUNCTION("""COMPUTED_VALUE"""),"Total number of teams") -> Total number of teams | E14: =IFERROR(__xludf.DUMMYFUNCTION("""COMPUTED_VALUE"""),24.0) -> 24 | G14: =IFERROR(__xludf.DUMMYFUNCTION("""COMPUTED_VALUE"""),"9-12") -> 9-12 | H14: =IFERROR(__xludf.DUMMYFUNCTION("""COMPUTED_VALUE"""),40000.0) -> 40000 | I14: =IFERROR(__xludf.DUMMYFUNCTION("""COMPUTED_VALUE"""),"LGD Gaming") -> LGD Gaming | N14: =IFERROR(__xludf.DUMMYFUNCTION("""COMPUTED_VALUE"""),"Pick") -> Pick
B15: =IFERROR(__xludf.DUMMYFUNCTION("""COMPUTED_VALUE"""),"Partially populated Single Elimination") -> Partially populated Single Elimination | D15: =IFERROR(__xludf.DUMMYFUNCTION("""COMPUTED_VALUE"""),"Players per team") -> Players per team | E15: =IFERROR(__xludf.DUMMYFUNCTION("""COMPUTED_VALUE"""),5.0) -> 5 | G15: =IFERROR(__xludf.DUMMYFUNCTION("""COMPUTED_VALUE"""),"9-12") -> 9-12 | H15: =IFERROR(__xludf.DUMMYFUNCTION("""COMPUTED_VALUE"""),40000.0) -> 40000 | I15: =IFERROR(__xludf.DUMMYFUNCTION("""COMPUTED_VALUE"""),"Team Liquid") -> Team Liquid | N15: =IFERROR(__xludf.DUMMYFUNCTION("""COMPUTED_VALUE"""),"Pick") -> Pick
B16: =IFERROR(__xludf.DUMMYFUNCTION("""COMPUTED_VALUE"""),"4th vs 3rd from groups, winner vs 2nd") -> 4th vs 3rd from groups, winner vs 2nd | D16: =IFERROR(__xludf.DUMMYFUNCTION("""COMPUTED_VALUE"""),"Total number of players") -> Total number of players | E16: =IFERROR(__xludf.DUMMYFUNCTION("""COMPUTED_VALUE"""),120.0) -> 120 | G16: =IFERROR(__xludf.DUMMYFUNCTION("""COMPUTED_VALUE"""),"9-12") -> 9-12 | H16: =IFERROR(__xludf.DUMMYFUNCTION("""COMPUTED_VALUE"""),40000.0) -> 40000 | I16: =IFERROR(__xludf.DUMMYFUNCTION("""COMPUTED_VALUE"""),"Aurora Gaming") -> Aurora Gaming | K16: =IFERROR(__xludf.DUMMYFUNCTION("""COMPUTED_VALUE"""),"After all the teams with EPT Points have been seeded, the teams who qualified without attaining EPT points will be seeded using a GLICKO2 rating that considers all professional games.") -> After all the teams with EPT Points have been seeded, the teams who qualified without attaining EPT points will be seeded using a GLICKO2 rating that considers all professional games. | N16: =IFERROR(__xludf.DUMMYFUNCTION("""COMPUTED_VALUE"""),"Ban") -> Ban
B17: =IFERROR(__xludf.DUMMYFUNCTION("""COMPUTED_VALUE"""),"Bo3") -> Bo3 | D17: =IFERROR(__xludf.DUMMYFUNCTION("""COMPUTED_VALUE"""),"Total number of matches") -> Total number of matches | E17: =IFERROR(__xludf.DUMMYFUNCTION("""COMPUTED_VALUE"""),"76 - 88") -> 76 - 88 | G17: =IFERROR(__xludf.DUMMYFUNCTION("""COMPUTED_VALUE"""),"13-16") -> 13-16 | H17: =IFERROR(__xludf.DUMMYFUNCTION("""COMPUTED_VALUE"""),20000.0) -> 20000 | N17: =IFERROR(__xludf.DUMMYFUNCTION("""COMPUTED_VALUE"""),"Ban") -> Ban
B18: =IFERROR(__xludf.DUMMYFUNCTION("""COMPUTED_VALUE"""),"Top 4 qualify to Playoffs") -> Top 4 qualify to Playoffs | G18: =IFERROR(__xludf.DUMMYFUNCTION("""COMPUTED_VALUE"""),"13-16") -> 13-16 | H18: =IFERROR(__xludf.DUMMYFUNCTION("""COMPUTED_VALUE"""),20000.0) -> 20000 | I18: =IFERROR(__xludf.DUMMYFUNCTION("""COMPUTED_VALUE"""),"LGD Gaming") -> LGD Gaming | N18: =IFERROR(__xludf.DUMMYFUNCTION("""COMPUTED_VALUE"""),"Ban") -> Ban
B19: =IFERROR(__xludf.DUMMYFUNCTION("""COMPUTED_VALUE"""),"Stage 3: Playoffs") -> Stage 3: Playoffs | D19: =IFERROR(__xludf.DUMMYFUNCTION("""COMPUTED_VALUE"""),"Platform") -> Platform | E19: =IFERROR(__xludf.DUMMYFUNCTION("""COMPUTED_VALUE"""),"PC") -> PC | G19: =IFERROR(__xludf.DUMMYFUNCTION("""COMPUTED_VALUE"""),"13-16") -> 13-16 | H19: =IFERROR(__xludf.DUMMYFUNCTION("""COMPUTED_VALUE"""),20000.0) -> 20000 | I19: =IFERROR(__xludf.DUMMYFUNCTION("""COMPUTED_VALUE"""),"Xtreme Gaming") -> Xtreme Gaming | K19: =IFERROR(__xludf.DUMMYFUNCTION("""COMPUTED_VALUE"""),"Playoffs") -> Playoffs | N19: =IFERROR(__xludf.DUMMYFUNCTION("""COMPUTED_VALUE"""),"Pick") -> Pick
B20: =IFERROR(__xludf.DUMMYFUNCTION("""COMPUTED_VALUE"""),"8 teams (4 from Group Stage, 4 from Survival)") -> 8 teams (4 from Group Stage, 4 from Survival) | D20: =IFERROR(__xludf.DUMMYFUNCTION("""COMPUTED_VALUE"""),"Game Mode") -> Game Mode | E20: =IFERROR(__xludf.DUMMYFUNCTION("""COMPUTED_VALUE"""),"Captain's Mode") -> Captain's Mode | G20: =IFERROR(__xludf.DUMMYFUNCTION("""COMPUTED_VALUE"""),"13-16") -> 13-16 | H20: =IFERROR(__xludf.DUMMYFUNCTION("""COMPUTED_VALUE"""),20000.0) -> 20000 | I20: =IFERROR(__xludf.DUMMYFUNCTION("""COMPUTED_VALUE"""),"Virtus.pro") -> Virtus.pro | K20: =IFERROR(__xludf.DUMMYFUNCTION("""COMPUTED_VALUE"""),"The playoffs consists of a seeded Single Elim bracket. 3rd and 4th from each group advances to the Ro16, 2nd to Ro12 and 1st to Ro8.") -> The playoffs consists of a seeded Single Elim bracket. 3rd and 4th from each group advances to the Ro16, 2nd to Ro12 and 1st to Ro8. | N20: =IFERROR(__xludf.DUMMYFUNCTION("""COMPUTED_VALUE"""),"Pick") -> Pick
G21: =IFERROR(__xludf.DUMMYFUNCTION("""COMPUTED_VALUE"""),"17-20") -> 17-20 | H21: =IFERROR(__xludf.DUMMYFUNCTION("""COMPUTED_VALUE"""),10000.0) -> 10000 | I21: =IFERROR(__xludf.DUMMYFUNCTION("""COMPUTED_VALUE"""),"OG Esports") -> OG Esports | N21: =IFERROR(__xludf.DUMMYFUNCTION("""COMPUTED_VALUE"""),"Pick") -> Pick
B22: =IFERROR(__xludf.DUMMYFUNCTION("""COMPUTED_VALUE"""),"Single Elimination Bracket") -> Single Elimination Bracket | D22: =IFERROR(__xludf.DUMMYFUNCTION("""COMPUTED_VALUE"""),"Total Winnings") -> Total Winnings | E22: =IFERROR(__xludf.DUMMYFUNCTION("""COMPUTED_VALUE"""),"$2,000,000") -> $2,000,000 | G22: =IFERROR(__xludf.DUMMYFUNCTION("""COMPUTED_VALUE"""),"17-20") -> 17-20 | H22: =IFERROR(__xludf.DUMMYFUNCTION("""COMPUTED_VALUE"""),10000.0) -> 10000 | I22: =IFERROR(__xludf.DUMMYFUNCTION("""COMPUTED_VALUE"""),"REKONIX") -> REKONIX | N22: =IFERROR(__xludf.DUMMYFUNCTION("""COMPUTED_VALUE"""),"Pick") -> Pick
B23: =IFERROR(__xludf.DUMMYFUNCTION("""COMPUTED_VALUE"""),"Bo3, Bo5 Final") -> Bo3, Bo5 Final | G23: =IFERROR(__xludf.DUMMYFUNCTION("""COMPUTED_VALUE"""),"17-20") -> 17-20 | H23: =IFERROR(__xludf.DUMMYFUNCTION("""COMPUTED_VALUE"""),10000.0) -> 10000 | I23: =IFERROR(__xludf.DUMMYFUNCTION("""COMPUTED_VALUE"""),"Level UP") -> Level UP | K23: =IFERROR(__xludf.DUMMYFUNCTION("""COMPUTED_VALUE"""),"Each playoff ‘arm’ will be seeded to avoid teams from the same group rematching before the semi final stage") -> Each playoff ‘arm’ will be seeded to avoid teams from the same group rematching before the semi final stage | N23: =IFERROR(__xludf.DUMMYFUNCTION("""COMPUTED_VALUE"""),"Pick") -> Pick
D24: =IFERROR(__xludf.DUMMYFUNCTION("""COMPUTED_VALUE"""),"Rulebook link") -> Rulebook link | E24: =IFERROR(__xludf.DUMMYFUNCTION("""COMPUTED_VALUE"""),"https://drive.google.com/file/d/17XHc5gA-ozmcES-RNsjmM6IfXDBNfE45/view?usp=sharing") -> https://drive.google.com/file/d/17XHc5gA-ozmcES-RNsjmM6IfXDBNfE45/view?usp=sharing | G24: =IFERROR(__xludf.DUMMYFUNCTION("""COMPUTED_VALUE"""),"17-20") -> 17-20 | H24: =IFERROR(__xludf.DUMMYFUNCTION("""COMPUTED_VALUE"""),10000.0) -> 10000 | I24: =IFERROR(__xludf.DUMMYFUNCTION("""COMPUTED_VALUE"""),"GamerLegion") -> GamerLegion | N24: =IFERROR(__xludf.DUMMYFUNCTION("""COMPUTED_VALUE"""),"Pick") -> Pick
G25: =IFERROR(__xludf.DUMMYFUNCTION("""COMPUTED_VALUE"""),"21-24") -> 21-24 | H25: =IFERROR(__xludf.DUMMYFUNCTION("""COMPUTED_VALUE"""),7500.0) -> 7500 | I25: =IFERROR(__xludf.DUMMYFUNCTION("""COMPUTED_VALUE"""),"IC x Insanity") -> IC x Insanity | N25: =IFERROR(__xludf.DUMMYFUNCTION("""COMPUTED_VALUE"""),"Ban") -> Ban
D26: =IFERROR(__xludf.DUMMYFUNCTION("""COMPUTED_VALUE"""),"Qualifier Links") -> Qualifier Links | G26: =IFERROR(__xludf.DUMMYFUNCTION("""COMPUTED_VALUE"""),"21-24") -> 21-24 | H26: =IFERROR(__xludf.DUMMYFUNCTION("""COMPUTED_VALUE"""),7500.0) -> 7500 | I26: =IFERROR(__xludf.DUMMYFUNCTION("""COMPUTED_VALUE"""),"Team Nemesis") -> Team Nemesis | K26: =IFERROR(__xludf.DUMMYFUNCTION("""COMPUTED_VALUE"""),"The exact placement of each team within the bracket will be randomly drawn keeping to this rule.") -> The exact placement of each team within the bracket will be randomly drawn keeping to this rule. | N26: =IFERROR(__xludf.DUMMYFUNCTION("""COMPUTED_VALUE"""),"Ban") -> Ban
D27: =IFERROR(__xludf.DUMMYFUNCTION("""COMPUTED_VALUE"""),"SA - Open Qualifier") -> SA - Open Qualifier | E27: =IFERROR(__xludf.DUMMYFUNCTION("""COMPUTED_VALUE"""),"https://www.faceit.com/en/championship/65e7db1f-a6a2-4b3c-a74f-f16ae2484d58/") -> https://www.faceit.com/en/championship/65e7db1f-a6a2-4b3c-a74f-f16ae2484d58/ | G27: =IFERROR(__xludf.DUMMYFUNCTION("""COMPUTED_VALUE"""),"21-24") -> 21-24 | H27: =IFERROR(__xludf.DUMMYFUNCTION("""COMPUTED_VALUE"""),7500.0) -> 7500 | I27: =IFERROR(__xludf.DUMMYFUNCTION("""COMPUTED_VALUE"""),"L1 TEAM") -> L1 TEAM | N27: =IFERROR(__xludf.DUMMYFUNCTION("""COMPUTED_VALUE"""),"Ban") -> Ban
D28: =IFERROR(__xludf.DUMMYFUNCTION("""COMPUTED_VALUE"""),"SA- Closed Qualifier") -> SA- Closed Qualifier | E28: =IFERROR(__xludf.DUMMYFUNCTION("""COMPUTED_VALUE"""),"https://www.faceit.com/en/championship/e8c2cab6-1cce-4de0-9c61-ee4f6a1cce9b/") -> https://www.faceit.com/en/championship/e8c2cab6-1cce-4de0-9c61-ee4f6a1cce9b/ | G28: =IFERROR(__xludf.DUMMYFUNCTION("""COMPUTED_VALUE"""),"21-24") -> 21-24 | H28: =IFERROR(__xludf.DUMMYFUNCTION("""COMPUTED_VALUE"""),7500.0) -> 7500 | I28: =IFERROR(__xludf.DUMMYFUNCTION("""COMPUTED_VALUE"""),"Poor Rangers") -> Poor Rangers | N28: =IFERROR(__xludf.DUMMYFUNCTION("""COMPUTED_VALUE"""),"Ban") -> Ban
D29: =IFERROR(__xludf.DUMMYFUNCTION("""COMPUTED_VALUE"""),"NA - Open Qualifier 1") -> NA - Open Qualifier 1 | E29: =IFERROR(__xludf.DUMMYFUNCTION("""COMPUTED_VALUE"""),"https://www.faceit.com/en/championship/409ecf90-e12b-4284-8f1d-35a3ed2f1eea/") -> https://www.faceit.com/en/championship/409ecf90-e12b-4284-8f1d-35a3ed2f1eea/ | N29: =IFERROR(__xludf.DUMMYFUNCTION("""COMPUTED_VALUE"""),"Pick") -> Pick
D30: =IFERROR(__xludf.DUMMYFUNCTION("""COMPUTED_VALUE"""),"NA - Open Qualifier 2") -> NA - Open Qualifier 2 | E30: =IFERROR(__xludf.DUMMYFUNCTION("""COMPUTED_VALUE"""),"https://www.faceit.com/en/championship/f2ea6f52-fcfa-496b-a9b1-b026c78e193b/Dota%202%20at%20ROAD%20TO%20EWC%2026:%20Online%20Qualifier%201%20-%20North%20America") -> https://www.faceit.com/en/championship/f2ea6f52-fcfa-496b-a9b1-b026c78e193b/Dota%202%20at%20ROAD%20TO%20EWC%2026:%20Online%20Qualifier%201%20-%20North%20America | N30: =IFERROR(__xludf.DUMMYFUNCTION("""COMPUTED_VALUE"""),"Pick") -> Pick
D31: =IFERROR(__xludf.DUMMYFUNCTION("""COMPUTED_VALUE"""),"NA - Closed Qualifier") -> NA - Closed Qualifier | E31: =IFERROR(__xludf.DUMMYFUNCTION("""COMPUTED_VALUE"""),"https://www.faceit.com/en/championship/d2fec2d1-2df4-4f37-8760-bba9d9a7be22/") -> https://www.faceit.com/en/championship/d2fec2d1-2df4-4f37-8760-bba9d9a7be22/
D32: =IFERROR(__xludf.DUMMYFUNCTION("""COMPUTED_VALUE"""),"WEU - Open Qualifier") -> WEU - Open Qualifier | E32: =IFERROR(__xludf.DUMMYFUNCTION("""COMPUTED_VALUE"""),"https://www.faceit.com/en/championship/093a60db-df2d-4542-b192-c214ff6ee073/") -> https://www.faceit.com/en/championship/093a60db-df2d-4542-b192-c214ff6ee073/
D33: =IFERROR(__xludf.DUMMYFUNCTION("""COMPUTED_VALUE"""),"WEU - Closed Qualifier") -> WEU - Closed Qualifier | E33: =IFERROR(__xludf.DUMMYFUNCTION("""COMPUTED_VALUE"""),"https://www.faceit.com/en/championship/1960e405-2704-46cb-bcda-ace91e27f67f") -> https://www.faceit.com/en/championship/1960e405-2704-46cb-bcda-ace91e27f67f
D34: =IFERROR(__xludf.DUMMYFUNCTION("""COMPUTED_VALUE"""),"EEU - Open Qualifier") -> EEU - Open Qualifier | E34: =IFERROR(__xludf.DUMMYFUNCTION("""COMPUTED_VALUE"""),"https://www.faceit.com/en/championship/66ba9f27-6766-445f-a059-dcf3aa0d448e/Dota%202%20at%20ROAD%20TO%20EWC%2026:%20Online%20Qualifier%20-%20Eastern%20Europe") -> https://www.faceit.com/en/championship/66ba9f27-6766-445f-a059-dcf3aa0d448e/Dota%202%20at%20ROAD%20TO%20EWC%2026:%20Online%20Qualifier%20-%20Eastern%20Europe
D35: =IFERROR(__xludf.DUMMYFUNCTION("""COMPUTED_VALUE"""),"EEU - Closed Qualifier") -> EEU - Closed Qualifier | E35: =IFERROR(__xludf.DUMMYFUNCTION("""COMPUTED_VALUE"""),"https://www.faceit.com/en/championship/555758a1-fec6-40a5-820f-122b2561fa2e/Dota%202%20at%20ROAD%20TO%20EWC%2026:%20Closed%20Qualifier%20-%20Eastern%20Europe") -> https://www.faceit.com/en/championship/555758a1-fec6-40a5-820f-122b2561fa2e/Dota%202%20at%20ROAD%20TO%20EWC%2026:%20Closed%20Qualifier%20-%20Eastern%20Europe
D36: =IFERROR(__xludf.DUMMYFUNCTION("""COMPUTED_VALUE"""),"MESWA - Open Qualifier 1") -> MESWA - Open Qualifier 1 | E36: =IFERROR(__xludf.DUMMYFUNCTION("""COMPUTED_VALUE"""),"https://www.faceit.com/en/championship/a7b64254-1f65-4e0a-831d-1f96f00d8cc0/Dota%202%20at%20ROAD%20TO%20EWC%2026:%20Online%20Qualifier%20-%20Middle%20East%20Southwest%20Asia") -> https://www.faceit.com/en/championship/a7b64254-1f65-4e0a-831d-1f96f00d8cc0/Dota%202%20at%20ROAD%20TO%20EWC%2026:%20Online%20Qualifier%20-%20Middle%20East%20Southwest%20Asia
D37: =IFERROR(__xludf.DUMMYFUNCTION("""COMPUTED_VALUE"""),"MESWA - Open Qualifier 2") -> MESWA - Open Qualifier 2 | E37: =IFERROR(__xludf.DUMMYFUNCTION("""COMPUTED_VALUE"""),"https://www.faceit.com/en/championship/e78f2327-bdbb-45ae-a44d-fbca0aac8320/Dota%202%20at%20ROAD%20TO%20EWC%2026:%20Online%20Qualifier%201%20-%20Middle%20East%20Southwest%20Asia") -> https://www.faceit.com/en/championship/e78f2327-bdbb-45ae-a44d-fbca0aac8320/Dota%202%20at%20ROAD%20TO%20EWC%2026:%20Online%20Qualifier%201%20-%20Middle%20East%20Southwest%20Asia
D38: =IFERROR(__xludf.DUMMYFUNCTION("""COMPUTED_VALUE"""),"MESWA - Closed Qualifier") -> MESWA - Closed Qualifier | E38: =IFERROR(__xludf.DUMMYFUNCTION("""COMPUTED_VALUE"""),"https://www.faceit.com/en/championship/b5f19e21-6851-4a56-9866-00ae926b2a8c/Dota%202%20at%20ROAD%20TO%20EWC%2026:%20Closed%20Qualifier%20-%20Middle%20East%20Southwest%20Asia") -> https://www.faceit.com/en/championship/b5f19e21-6851-4a56-9866-00ae926b2a8c/Dota%202%20at%20ROAD%20TO%20EWC%2026:%20Closed%20Qualifier%20-%20Middle%20East%20Southwest%20Asia
D39: =IFERROR(__xludf.DUMMYFUNCTION("""COMPUTED_VALUE"""),"SEA - Open Qualifier") -> SEA - Open Qualifier | E39: =IFERROR(__xludf.DUMMYFUNCTION("""COMPUTED_VALUE"""),"https://www.faceit.com/en/championship/33492990-ee9b-4287-bf64-f7ad1e3cda28/Dota%202%20at%20ROAD%20TO%20EWC%2026:%20Online%20Qualifier%20-%20Southeast%20Asia") -> https://www.faceit.com/en/championship/33492990-ee9b-4287-bf64-f7ad1e3cda28/Dota%202%20at%20ROAD%20TO%20EWC%2026:%20Online%20Qualifier%20-%20Southeast%20Asia
D40: =IFERROR(__xludf.DUMMYFUNCTION("""COMPUTED_VALUE"""),"SEA - Closed Qualifier") -> SEA - Closed Qualifier | E40: =IFERROR(__xludf.DUMMYFUNCTION("""COMPUTED_VALUE"""),"https://www.faceit.com/en/championship/3870d67b-8913-4dfb-9b5b-e8c5782cac60/Dota%202%20at%20ROAD%20TO%20EWC%2026:%20Closed%20Qualifier%20-%20Southeast%20Asia") -> https://www.faceit.com/en/championship/3870d67b-8913-4dfb-9b5b-e8c5782cac60/Dota%202%20at%20ROAD%20TO%20EWC%2026:%20Closed%20Qualifier%20-%20Southeast%20Asia

Sheet Schedule
A1: =IFERROR(__xludf.DUMMYFUNCTION("if('Make Public'!C8=""Yes"",importrange('Make Public'!B3,""Schedule!A1:p6""),""TBD"")"),"") | N1: =IFERROR(__xludf.DUMMYFUNCTION("""COMPUTED_VALUE"""),"Phase 1") -> Phase 1 | O1: =IFERROR(__xludf.DUMMYFUNCTION("""COMPUTED_VALUE"""),"Phase 2") -> Phase 2 | P1: =IFERROR(__xludf.DUMMYFUNCTION("""COMPUTED_VALUE"""),"Playoffs") -> Playoffs
N2: =IFERROR(__xludf.DUMMYFUNCTION("""COMPUTED_VALUE"""),"Group Stage 4x6 Teams RR") -> Group Stage 4x6 Teams RR | O2: =IFERROR(__xludf.DUMMYFUNCTION("""COMPUTED_VALUE"""),"Survival 1x12 Teams SE") -> Survival 1x12 Teams SE | P2: =IFERROR(__xludf.DUMMYFUNCTION("""COMPUTED_VALUE"""),"Playoffs 1x8 Teams SE") -> Playoffs 1x8 Teams SE
B4: =IFERROR(__xludf.DUMMYFUNCTION("""COMPUTED_VALUE"""),"Tournament Day #") -> Tournament Day # | D4: =IFERROR(__xludf.DUMMYFUNCTION("""COMPUTED_VALUE"""),"Date") -> Date | E4: =IFERROR(__xludf.DUMMYFUNCTION("""COMPUTED_VALUE"""),"Stage") -> Stage | F4: =IFERROR(__xludf.DUMMYFUNCTION("""COMPUTED_VALUE"""),"Stream") -> Stream | G4: =IFERROR(__xludf.DUMMYFUNCTION("""COMPUTED_VALUE"""),"Best of X") -> Best of X | H4: =IFERROR(__xludf.DUMMYFUNCTION("""COMPUTED_VALUE"""),"Start Time") -> Start Time | N4: =IFERROR(__xludf.DUMMYFUNCTION("""COMPUTED_VALUE"""),"Round") -> Round | O4: =IFERROR(__xludf.DUMMYFUNCTION("""COMPUTED_VALUE"""),"Match") -> Match | P4: =IFERROR(__xludf.DUMMYFUNCTION("""COMPUTED_VALUE"""),"Comment") -> Comment
H5: =IFERROR(__xludf.DUMMYFUNCTION("""COMPUTED_VALUE"""),"- PUBLIC- - CEST-") -> - PUBLIC- - CEST- | I5: =IFERROR(__xludf.DUMMYFUNCTION("""COMPUTED_VALUE"""),"- PUBLIC- - CEST -") -> - PUBLIC- - CEST - | J5: =IFERROR(__xludf.DUMMYFUNCTION("""COMPUTED_VALUE"""),"- PUBLIC- - EDT -") -> - PUBLIC- - EDT - | K5: =IFERROR(__xludf.DUMMYFUNCTION("""COMPUTED_VALUE"""),"- PUBLIC- - BRT -") -> - PUBLIC- - BRT - | L5: =IFERROR(__xludf.DUMMYFUNCTION("""COMPUTED_VALUE"""),"- PUBLIC- - CST -") -> - PUBLIC- - CST - | M5: =IFERROR(__xludf.DUMMYFUNCTION("""COMPUTED_VALUE"""),"- PUBLIC- - AEST-") -> - PUBLIC- - AEST-
I6: =IFERROR(__xludf.DUMMYFUNCTION("""COMPUTED_VALUE"""),-1.0) -> -1 | J6: =IFERROR(__xludf.DUMMYFUNCTION("""COMPUTED_VALUE"""),-7.0) -> -7 | K6: =IFERROR(__xludf.DUMMYFUNCTION("""COMPUTED_VALUE"""),"-6") -> -6 | L6: =IFERROR(__xludf.DUMMYFUNCTION("""COMPUTED_VALUE"""),"+5") -> +5 | M6: =IFERROR(__xludf.DUMMYFUNCTION("""COMPUTED_VALUE"""),"+7") -> +7
A7: =IFERROR(__xludf.DUMMYFUNCTION("if('Make Public'!C8=""Yes"",importrange('Make Public'!B3,""Schedule!A7:H""),""TBD"")"),"") | B7: =IFERROR(__xludf.DUMMYFUNCTION("""COMPUTED_VALUE"""),1.0) -> 1 | C7: =IFERROR(__xludf.DUMMYFUNCTION("""COMPUTED_VALUE"""),46210.0) -> 46210 | D7: =IFERROR(__xludf.DUMMYFUNCTION("""COMPUTED_VALUE"""),46210.0) -> 46210 | E7: =IFERROR(__xludf.DUMMYFUNCTION("""COMPUTED_VALUE"""),"MS3") -> MS3 | F7: =IFERROR(__xludf.DUMMYFUNCTION("""COMPUTED_VALUE"""),"Stream A") -> Stream A | G7: =IFERROR(__xludf.DUMMYFUNCTION("""COMPUTED_VALUE"""),"Bo2") -> Bo2 | H7: =IFERROR(__xludf.DUMMYFUNCTION("""COMPUTED_VALUE"""),0.4756944444444444) -> 0.47569444 | N7: =IFERROR(__xludf.DUMMYFUNCTION("IF( 'Make Public'!C8<>""Yes"", ""TBD"", ARRAYFORMULA( IF( IMPORTRANGE('Make Public'!B3,""Schedule!R7:R"")=""YES"", IMPORTRANGE('Make Public'!B3,""Schedule!N7:P""), """" ) ) )"),"Groupstage - Group A - Round Robin R1 #1") -> Groupstage - Group A - Round Robin R1 #1 | O7: =IFERROR(__xludf.DUMMYFUNCTION("""COMPUTED_VALUE"""),"Team Falcons vs. BB Team") -> Team Falcons vs. BB Team
C8: =IFERROR(__xludf.DUMMYFUNCTION("""COMPUTED_VALUE"""),46210.0) -> 46210 | E8: =IFERROR(__xludf.DUMMYFUNCTION("""COMPUTED_VALUE"""),"SS3") -> SS3 | F8: =IFERROR(__xludf.DUMMYFUNCTION("""COMPUTED_VALUE"""),"Stream B") -> Stream B | G8: =IFERROR(__xludf.DUMMYFUNCTION("""COMPUTED_VALUE"""),"Bo2") -> Bo2 | H8: =IFERROR(__xludf.DUMMYFUNCTION("""COMPUTED_VALUE"""),0.48263888888888884) -> 0.48263889 | N8: =IFERROR(__xludf.DUMMYFUNCTION("""COMPUTED_VALUE"""),"Groupstage - Group A - Round Robin R1 #2") -> Groupstage - Group A - Round Robin R1 #2 | O8: =IFERROR(__xludf.DUMMYFUNCTION("""COMPUTED_VALUE"""),"Poor Rangers vs. GamerLegion") -> Poor Rangers vs. GamerLegion
C9: =IFERROR(__xludf.DUMMYFUNCTION("""COMPUTED_VALUE"""),46210.0) -> 46210 | E9: =IFERROR(__xludf.DUMMYFUNCTION("""COMPUTED_VALUE"""),"SS2") -> SS2 | F9: =IFERROR(__xludf.DUMMYFUNCTION("""COMPUTED_VALUE"""),"Stream C") -> Stream C | G9: =IFERROR(__xludf.DUMMYFUNCTION("""COMPUTED_VALUE"""),"Bo2") -> Bo2 | H9: =IFERROR(__xludf.DUMMYFUNCTION("""COMPUTED_VALUE"""),0.4861111111111111) -> 0.48611111 | N9: =IFERROR(__xludf.DUMMYFUNCTION("""COMPUTED_VALUE"""),"Groupstage - Group A - Round Robin R1 #3") -> Groupstage - Group A - Round Robin R1 #3 | O9: =IFERROR(__xludf.DUMMYFUNCTION("""COMPUTED_VALUE"""),"Rune Eaters vs. Xtreme Gaming") -> Rune Eaters vs. Xtreme Gaming
C10: =IFERROR(__xludf.DUMMYFUNCTION("""COMPUTED_VALUE"""),46210.0) -> 46210 | E10: =IFERROR(__xludf.DUMMYFUNCTION("""COMPUTED_VALUE"""),"MS3") -> MS3 | F10: =IFERROR(__xludf.DUMMYFUNCTION("""COMPUTED_VALUE"""),"Stream A") -> Stream A | G10: =IFERROR(__xludf.DUMMYFUNCTION("""COMPUTED_VALUE"""),"Bo2") -> Bo2 | H10: =IFERROR(__xludf.DUMMYFUNCTION("""COMPUTED_VALUE"""),0.6006944444444444) -> 0.60069444 | N10: =IFERROR(__xludf.DUMMYFUNCTION("""COMPUTED_VALUE"""),"Groupstage - Group B - Round Robin R1 #1") -> Groupstage - Group B - Round Robin R1 #1 | O10: =IFERROR(__xludf.DUMMYFUNCTION("""COMPUTED_VALUE"""),"Team Liquid vs. PTime") -> Team Liquid vs. PTime
C11: =IFERROR(__xludf.DUMMYFUNCTION("""COMPUTED_VALUE"""),46210.0) -> 46210 | E11: =IFERROR(__xludf.DUMMYFUNCTION("""COMPUTED_VALUE"""),"SS3") -> SS3 | F11: =IFERROR(__xludf.DUMMYFUNCTION("""COMPUTED_VALUE"""),"Stream B") -> Stream B | G11: =IFERROR(__xludf.DUMMYFUNCTION("""COMPUTED_VALUE"""),"Bo2") -> Bo2 | H11: =IFERROR(__xludf.DUMMYFUNCTION("""COMPUTED_VALUE"""),0.5972222222222222) -> 0.59722222 | N11: =IFERROR(__xludf.DUMMYFUNCTION("""COMPUTED_VALUE"""),"Groupstage - Group B - Round Robin R1 #2") -> Groupstage - Group B - Round Robin R1 #2 | O11: =IFERROR(__xludf.DUMMYFUNCTION("""COMPUTED_VALUE"""),"L1 TEAM vs. Nigma Galaxy") -> L1 TEAM vs. Nigma Galaxy
C12: =IFERROR(__xludf.DUMMYFUNCTION("""COMPUTED_VALUE"""),46210.0) -> 46210 | E12: =IFERROR(__xludf.DUMMYFUNCTION("""COMPUTED_VALUE"""),"SS2") -> SS2 | F12: =IFERROR(__xludf.DUMMYFUNCTION("""COMPUTED_VALUE"""),"Stream C") -> Stream C | G12: =IFERROR(__xludf.DUMMYFUNCTION("""COMPUTED_VALUE"""),"Bo2") -> Bo2 | H12: =IFERROR(__xludf.DUMMYFUNCTION("""COMPUTED_VALUE"""),0.6180555555555555) -> 0.61805556 | N12: =IFERROR(__xludf.DUMMYFUNCTION("""COMPUTED_VALUE"""),"Groupstage - Group B - Round Robin R1 #3") -> Groupstage - Group B - Round Robin R1 #3 | O12: =IFERROR(__xludf.DUMMYFUNCTION("""COMPUTED_VALUE"""),"Level UP vs. Aurora Gaming") -> Level UP vs. Aurora Gaming
C13: =IFERROR(__xludf.DUMMYFUNCTION("""COMPUTED_VALUE"""),46210.0) -> 46210 | E13: =IFERROR(__xludf.DUMMYFUNCTION("""COMPUTED_VALUE"""),"MS3") -> MS3 | F13: =IFERROR(__xludf.DUMMYFUNCTION("""COMPUTED_VALUE"""),"Stream A") -> Stream A | G13: =IFERROR(__xludf.DUMMYFUNCTION("""COMPUTED_VALUE"""),"Bo2") -> Bo2 | H13: =IFERROR(__xludf.DUMMYFUNCTION("""COMPUTED_VALUE"""),0.7118055555555555) -> 0.71180556 | N13: =IFERROR(__xludf.DUMMYFUNCTION("""COMPUTED_VALUE"""),"Groupstage - Group C - Round Robin R1 #1") -> Groupstage - Group C - Round Robin R1 #1 | O13: =IFERROR(__xludf.DUMMYFUNCTION("""COMPUTED_VALUE"""),"Team Spirit vs. MOUZ") -> Team Spirit vs. MOUZ
C14: =IFERROR(__xludf.DUMMYFUNCTION("""COMPUTED_VALUE"""),46210.0) -> 46210 | E14: =IFERROR(__xludf.DUMMYFUNCTION("""COMPUTED_VALUE"""),"SS3") -> SS3 | F14: =IFERROR(__xludf.DUMMYFUNCTION("""COMPUTED_VALUE"""),"Stream B") -> Stream B | G14: =IFERROR(__xludf.DUMMYFUNCTION("""COMPUTED_VALUE"""),"Bo2") -> Bo2 | H14: =IFERROR(__xludf.DUMMYFUNCTION("""COMPUTED_VALUE"""),0.7013888888888888) -> 0.70138889 | N14: =IFERROR(__xludf.DUMMYFUNCTION("""COMPUTED_VALUE"""),"Groupstage - Group C - Round Robin R1 #2") -> Groupstage - Group C - Round Robin R1 #2 | O14: =IFERROR(__xludf.DUMMYFUNCTION("""COMPUTED_VALUE"""),"REKONIX vs. Vici Gaming") -> REKONIX vs. Vici Gaming
C15: =IFERROR(__xludf.DUMMYFUNCTION("""COMPUTED_VALUE"""),46210.0) -> 46210 | E15: =IFERROR(__xludf.DUMMYFUNCTION("""COMPUTED_VALUE"""),"SS2") -> SS2 | F15: =IFERROR(__xludf.DUMMYFUNCTION("""COMPUTED_VALUE"""),"Stream C") -> Stream C | G15: =IFERROR(__xludf.DUMMYFUNCTION("""COMPUTED_VALUE"""),"Bo2") -> Bo2 | H15: =IFERROR(__xludf.DUMMYFUNCTION("""COMPUTED_VALUE"""),0.7256944444444444) -> 0.72569444 | N15: =IFERROR(__xludf.DUMMYFUNCTION("""COMPUTED_VALUE"""),"Groupstage - Group C - Round Robin R1 #3") -> Groupstage - Group C - Round Robin R1 #3 | O15: =IFERROR(__xludf.DUMMYFUNCTION("""COMPUTED_VALUE"""),"Team Nemesis vs. PVISION") -> Team Nemesis vs. PVISION
C16: =IFERROR(__xludf.DUMMYFUNCTION("""COMPUTED_VALUE"""),46210.0) -> 46210 | E16: =IFERROR(__xludf.DUMMYFUNCTION("""COMPUTED_VALUE"""),"MS3") -> MS3 | F16: =IFERROR(__xludf.DUMMYFUNCTION("""COMPUTED_VALUE"""),"Stream A") -> Stream A | G16: =IFERROR(__xludf.DUMMYFUNCTION("""COMPUTED_VALUE"""),"Bo2") -> Bo2 | H16: =IFERROR(__xludf.DUMMYFUNCTION("""COMPUTED_VALUE"""),0.8680555555555555) -> 0.86805556 | N16: =IFERROR(__xludf.DUMMYFUNCTION("""COMPUTED_VALUE"""),"Groupstage - Group D - Round Robin R1 #1") -> Groupstage - Group D - Round Robin R1 #1 | O16: =IFERROR(__xludf.DUMMYFUNCTION("""COMPUTED_VALUE"""),"Team Yandex vs. OG Esports") -> Team Yandex vs. OG Esports
C17: =IFERROR(__xludf.DUMMYFUNCTION("""COMPUTED_VALUE"""),46210.0) -> 46210 | E17: =IFERROR(__xludf.DUMMYFUNCTION("""COMPUTED_VALUE"""),"SS3") -> SS3 | F17: =IFERROR(__xludf.DUMMYFUNCTION("""COMPUTED_VALUE"""),"Stream B") -> Stream B | G17: =IFERROR(__xludf.DUMMYFUNCTION("""COMPUTED_VALUE"""),"Bo2") -> Bo2 | H17: =IFERROR(__xludf.DUMMYFUNCTION("""COMPUTED_VALUE"""),0.8263888888888888) -> 0.82638889 | N17: =IFERROR(__xludf.DUMMYFUNCTION("""COMPUTED_VALUE"""),"Groupstage - Group D - Round Robin R1 #2") -> Groupstage - Group D - Round Robin R1 #2 | O17: =IFERROR(__xludf.DUMMYFUNCTION("""COMPUTED_VALUE"""),"LGD Gaming vs. Virtus.pro") -> LGD Gaming vs. Virtus.pro
C18: =IFERROR(__xludf.DUMMYFUNCTION("""COMPUTED_VALUE"""),46210.0) -> 46210 | E18: =IFERROR(__xludf.DUMMYFUNCTION("""COMPUTED_VALUE"""),"SS2") -> SS2 | F18: =IFERROR(__xludf.DUMMYFUNCTION("""COMPUTED_VALUE"""),"Stream C") -> Stream C | G18: =IFERROR(__xludf.DUMMYFUNCTION("""COMPUTED_VALUE"""),"Bo2") -> Bo2 | H18: =IFERROR(__xludf.DUMMYFUNCTION("""COMPUTED_VALUE"""),0.84375) -> 0.84375 | N18: =IFERROR(__xludf.DUMMYFUNCTION("""COMPUTED_VALUE"""),"Groupstage - Group D - Round Robin R1 #3") -> Groupstage - Group D - Round Robin R1 #3 | O18: =IFERROR(__xludf.DUMMYFUNCTION("""COMPUTED_VALUE"""),"IC x Insanity vs. 1W") -> IC x Insanity vs. 1W
C19: =IFERROR(__xludf.DUMMYFUNCTION("""COMPUTED_VALUE"""),46210.0) -> 46210 | H19: =IFERROR(__xludf.DUMMYFUNCTION("""COMPUTED_VALUE"""),0.9513888888888888) -> 0.95138889
B20: =IFERROR(__xludf.DUMMYFUNCTION("""COMPUTED_VALUE"""),2.0) -> 2 | C20: =IFERROR(__xludf.DUMMYFUNCTION("""COMPUTED_VALUE"""),46211.0) -> 46211 | D20: =IFERROR(__xludf.DUMMYFUNCTION("""COMPUTED_VALUE"""),46211.0) -> 46211 | E20: =IFERROR(__xludf.DUMMYFUNCTION("""COMPUTED_VALUE"""),"MS3") -> MS3 | F20: =IFERROR(__xludf.DUMMYFUNCTION("""COMPUTED_VALUE"""),"Stream A") -> Stream A | G20: =IFERROR(__xludf.DUMMYFUNCTION("""COMPUTED_VALUE"""),"Bo2") -> Bo2 | H20: =IFERROR(__xludf.DUMMYFUNCTION("""COMPUTED_VALUE"""),0.46527777777777773) -> 0.46527778 | N20: =IFERROR(__xludf.DUMMYFUNCTION("""COMPUTED_VALUE"""),"Groupstage - Group A - Round Robin R2 #1") -> Groupstage - Group A - Round Robin R2 #1 | O20: =IFERROR(__xludf.DUMMYFUNCTION("""COMPUTED_VALUE"""),"GamerLegion vs. Xtreme Gaming") -> GamerLegion vs. Xtreme Gaming
C21: =IFERROR(__xludf.DUMMYFUNCTION("""COMPUTED_VALUE"""),46211.0) -> 46211 | E21: =IFERROR(__xludf.DUMMYFUNCTION("""COMPUTED_VALUE"""),"SS3") -> SS3 | F21: =IFERROR(__xludf.DUMMYFUNCTION("""COMPUTED_VALUE"""),"Stream B") -> Stream B | G21: =IFERROR(__xludf.DUMMYFUNCTION("""COMPUTED_VALUE"""),"Bo2") -> Bo2 | H21: =IFERROR(__xludf.DUMMYFUNCTION("""COMPUTED_VALUE"""),0.4618055555555555) -> 0.46180556 | N21: =IFERROR(__xludf.DUMMYFUNCTION("""COMPUTED_VALUE"""),"Groupstage - Group A - Round Robin R2 #2") -> Groupstage - Group A - Round Robin R2 #2 | O21: =IFERROR(__xludf.DUMMYFUNCTION("""COMPUTED_VALUE"""),"Poor Rangers vs. BB Team") -> Poor Rangers vs. BB Team
C22: =IFERROR(__xludf.DUMMYFUNCTION("""COMPUTED_VALUE"""),46211.0) -> 46211 | E22: =IFERROR(__xludf.DUMMYFUNCTION("""COMPUTED_VALUE"""),"SS2") -> SS2 | F22: =IFERROR(__xludf.DUMMYFUNCTION("""COMPUTED_VALUE"""),"Stream C") -> Stream C | G22: =IFERROR(__xludf.DUMMYFUNCTION("""COMPUTED_VALUE"""),"Bo2") -> Bo2 | H22: =IFERROR(__xludf.DUMMYFUNCTION("""COMPUTED_VALUE"""),0.4583333333333333) -> 0.45833333 | N22: =IFERROR(__xludf.DUMMYFUNCTION("""COMPUTED_VALUE"""),"Groupstage - Group A - Round Robin R2 #3") -> Groupstage - Group A - Round Robin R2 #3 | O22: =IFERROR(__xludf.DUMMYFUNCTION("""COMPUTED_VALUE"""),"Team Falcons vs. Rune Eaters") -> Team Falcons vs. Rune Eaters
C23: =IFERROR(__xludf.DUMMYFUNCTION("""COMPUTED_VALUE"""),46211.0) -> 46211 | E23: =IFERROR(__xludf.DUMMYFUNCTION("""COMPUTED_VALUE"""),"MS3") -> MS3 | F23: =IFERROR(__xludf.DUMMYFUNCTION("""COMPUTED_VALUE"""),"Stream A") -> Stream A | G23: =IFERROR(__xludf.DUMMYFUNCTION("""COMPUTED_VALUE"""),"Bo2") -> Bo2 | H23: =IFERROR(__xludf.DUMMYFUNCTION("""COMPUTED_VALUE"""),0.6041666666666666) -> 0.60416667 | N23: =IFERROR(__xludf.DUMMYFUNCTION("""COMPUTED_VALUE"""),"Groupstage - Group B - Round Robin R2 #1") -> Groupstage - Group B - Round Robin R2 #1 | O23: =IFERROR(__xludf.DUMMYFUNCTION("""COMPUTED_VALUE"""),"Nigma Galaxy vs. Aurora Gaming") -> Nigma Galaxy vs. Aurora Gaming
C24: =IFERROR(__xludf.DUMMYFUNCTION("""COMPUTED_VALUE"""),46211.0) -> 46211 | E24: =IFERROR(__xludf.DUMMYFUNCTION("""COMPUTED_VALUE"""),"SS3") -> SS3 | F24: =IFERROR(__xludf.DUMMYFUNCTION("""COMPUTED_VALUE"""),"Stream B") -> Stream B | G24: =IFERROR(__xludf.DUMMYFUNCTION("""COMPUTED_VALUE"""),"Bo2") -> Bo2 | H24: =IFERROR(__xludf.DUMMYFUNCTION("""COMPUTED_VALUE"""),0.5729166666666666) -> 0.57291667 | N24: =IFERROR(__xludf.DUMMYFUNCTION("""COMPUTED_VALUE"""),"Groupstage - Group B - Round Robin R2 #2") -> Groupstage - Group B - Round Robin R2 #2 | O24: =IFERROR(__xludf.DUMMYFUNCTION("""COMPUTED_VALUE"""),"L1 TEAM vs. PTime") -> L1 TEAM vs. PTime
C25: =IFERROR(__xludf.DUMMYFUNCTION("""COMPUTED_VALUE"""),46211.0) -> 46211 | E25: =IFERROR(__xludf.DUMMYFUNCTION("""COMPUTED_VALUE"""),"SS2") -> SS2 | F25: =IFERROR(__xludf.DUMMYFUNCTION("""COMPUTED_VALUE"""),"Stream C") -> Stream C | G25: =IFERROR(__xludf.DUMMYFUNCTION("""COMPUTED_VALUE"""),"Bo2") -> Bo2 | H25: =IFERROR(__xludf.DUMMYFUNCTION("""COMPUTED_VALUE"""),0.579861111111111) -> 0.57986111 | N25: =IFERROR(__xludf.DUMMYFUNCTION("""COMPUTED_VALUE"""),"Groupstage - Group B - Round Robin R2 #3") -> Groupstage - Group B - Round Robin R2 #3 | O25: =IFERROR(__xludf.DUMMYFUNCTION("""COMPUTED_VALUE"""),"Team Liquid vs. Level UP") -> Team Liquid vs. Level UP
C26: =IFERROR(__xludf.DUMMYFUNCTION("""COMPUTED_VALUE"""),46211.0) -> 46211 | E26: =IFERROR(__xludf.DUMMYFUNCTION("""COMPUTED_VALUE"""),"MS3") -> MS3 | F26: =IFERROR(__xludf.DUMMYFUNCTION("""COMPUTED_VALUE"""),"Stream A") -> Stream A | G26: =IFERROR(__xludf.DUMMYFUNCTION("""COMPUTED_VALUE"""),"Bo2") -> Bo2 | H26: =IFERROR(__xludf.DUMMYFUNCTION("""COMPUTED_VALUE"""),0.7430555555555555) -> 0.74305556 | N26: =IFERROR(__xludf.DUMMYFUNCTION("""COMPUTED_VALUE"""),"Groupstage - Group C - Round Robin R2 #1") -> Groupstage - Group C - Round Robin R2 #1 | O26: =IFERROR(__xludf.DUMMYFUNCTION("""COMPUTED_VALUE"""),"Vici Gaming vs. PVISION") -> Vici Gaming vs. PVISION
C27: =IFERROR(__xludf.DUMMYFUNCTION("""COMPUTED_VALUE"""),46211.0) -> 46211 | E27: =IFERROR(__xludf.DUMMYFUNCTION("""COMPUTED_VALUE"""),"SS3") -> SS3 | F27: =IFERROR(__xludf.DUMMYFUNCTION("""COMPUTED_VALUE"""),"Stream B") -> Stream B | G27: =IFERROR(__xludf.DUMMYFUNCTION("""COMPUTED_VALUE"""),"Bo2") -> Bo2 | H27: =IFERROR(__xludf.DUMMYFUNCTION("""COMPUTED_VALUE"""),0.6840277777777778) -> 0.68402778 | N27: =IFERROR(__xludf.DUMMYFUNCTION("""COMPUTED_VALUE"""),"Groupstage - Group C - Round Robin R2 #2") -> Groupstage - Group C - Round Robin R2 #2 | O27: =IFERROR(__xludf.DUMMYFUNCTION("""COMPUTED_VALUE"""),"REKONIX vs. MOUZ") -> REKONIX vs. MOUZ
C28: =IFERROR(__xludf.DUMMYFUNCTION("""COMPUTED_VALUE"""),46211.0) -> 46211 | E28: =IFERROR(__xludf.DUMMYFUNCTION("""COMPUTED_VALUE"""),"SS2") -> SS2 | F28: =IFERROR(__xludf.DUMMYFUNCTION("""COMPUTED_VALUE"""),"Stream C") -> Stream C | G28: =IFERROR(__xludf.DUMMYFUNCTION("""COMPUTED_VALUE"""),"Bo2") -> Bo2 | H28: =IFERROR(__xludf.DUMMYFUNCTION("""COMPUTED_VALUE"""),0.6979166666666666) -> 0.69791667 | N28: =IFERROR(__xludf.DUMMYFUNCTION("""COMPUTED_VALUE"""),"Groupstage - Group C - Round Robin R2 #3") -> Groupstage - Group C - Round Robin R2 #3 | O28: =IFERROR(__xludf.DUMMYFUNCTION("""COMPUTED_VALUE"""),"Team Spirit vs. Team Nemesis") -> Team Spirit vs. Team Nemesis
C29: =IFERROR(__xludf.DUMMYFUNCTION("""COMPUTED_VALUE"""),46211.0) -> 46211 | E29: =IFERROR(__xludf.DUMMYFUNCTION("""COMPUTED_VALUE"""),"MS3") -> MS3 | F29: =IFERROR(__xludf.DUMMYFUNCTION("""COMPUTED_VALUE"""),"Stream A") -> Stream A | G29: =IFERROR(__xludf.DUMMYFUNCTION("""COMPUTED_VALUE"""),"Bo2") -> Bo2 | H29: =IFERROR(__xludf.DUMMYFUNCTION("""COMPUTED_VALUE"""),0.8576388888888888) -> 0.85763889 | N29: =IFERROR(__xludf.DUMMYFUNCTION("""COMPUTED_VALUE"""),"Groupstage - Group D - Round Robin R2 #1") -> Groupstage - Group D - Round Robin R2 #1 | O29: =IFERROR(__xludf.DUMMYFUNCTION("""COMPUTED_VALUE"""),"Virtus.pro vs. 1W") -> Virtus.pro vs. 1W
C30: =IFERROR(__xludf.DUMMYFUNCTION("""COMPUTED_VALUE"""),46211.0) -> 46211 | E30: =IFERROR(__xludf.DUMMYFUNCTION("""COMPUTED_VALUE"""),"SS3") -> SS3 | F30: =IFERROR(__xludf.DUMMYFUNCTION("""COMPUTED_VALUE"""),"Stream B") -> Stream B | G30: =IFERROR(__xludf.DUMMYFUNCTION("""COMPUTED_VALUE"""),"Bo2") -> Bo2 | H30: =IFERROR(__xludf.DUMMYFUNCTION("""COMPUTED_VALUE"""),0.8020833333333333) -> 0.80208333 | N30: =IFERROR(__xludf.DUMMYFUNCTION("""COMPUTED_VALUE"""),"Groupstage - Group D - Round Robin R2 #2") -> Groupstage - Group D - Round Robin R2 #2 | O30: =IFERROR(__xludf.DUMMYFUNCTION("""COMPUTED_VALUE"""),"LGD Gaming vs. OG Esports") -> LGD Gaming vs. OG Esports
C31: =IFERROR(__xludf.DUMMYFUNCTION("""COMPUTED_VALUE"""),46211.0) -> 46211 | E31: =IFERROR(__xludf.DUMMYFUNCTION("""COMPUTED_VALUE"""),"SS2") -> SS2 | F31: =IFERROR(__xludf.DUMMYFUNCTION("""COMPUTED_VALUE"""),"Stream C") -> Stream C | G31: =IFERROR(__xludf.DUMMYFUNCTION("""COMPUTED_VALUE"""),"Bo2") -> Bo2 | H31: =IFERROR(__xludf.DUMMYFUNCTION("""COMPUTED_VALUE"""),0.8229166666666666) -> 0.82291667 | N31: =IFERROR(__xludf.DUMMYFUNCTION("""COMPUTED_VALUE"""),"Groupstage - Group D - Round Robin R2 #3") -> Groupstage - Group D - Round Robin R2 #3 | O31: =IFERROR(__xludf.DUMMYFUNCTION("""COMPUTED_VALUE"""),"Team Yandex vs. IC x Insanity") -> Team Yandex vs. IC x Insanity
C32: =IFERROR(__xludf.DUMMYFUNCTION("""COMPUTED_VALUE"""),46211.0) -> 46211 | H32: =IFERROR(__xludf.DUMMYFUNCTION("""COMPUTED_VALUE"""),0.9409722222222222) -> 0.94097222
B33: =IFERROR(__xludf.DUMMYFUNCTION("""COMPUTED_VALUE"""),3.0) -> 3 | C33: =IFERROR(__xludf.DUMMYFUNCTION("""COMPUTED_VALUE"""),46212.0) -> 46212 | D33: =IFERROR(__xludf.DUMMYFUNCTION("""COMPUTED_VALUE"""),46212.0) -> 46212 | E33: =IFERROR(__xludf.DUMMYFUNCTION("""COMPUTED_VALUE"""),"MS3") -> MS3 | F33: =IFERROR(__xludf.DUMMYFUNCTION("""COMPUTED_VALUE"""),"Stream A") -> Stream A | G33: =IFERROR(__xludf.DUMMYFUNCTION("""COMPUTED_VALUE"""),"Bo2") -> Bo2 | H33: =IFERROR(__xludf.DUMMYFUNCTION("""COMPUTED_VALUE"""),0.5451388888888888) -> 0.54513889 | N33: =IFERROR(__xludf.DUMMYFUNCTION("""COMPUTED_VALUE"""),"Groupstage - Group A - Round Robin R3 #1") -> Groupstage - Group A - Round Robin R3 #1 | O33: =IFERROR(__xludf.DUMMYFUNCTION("""COMPUTED_VALUE"""),"GamerLegion vs. Team Falcons") -> GamerLegion vs. Team Falcons
C34: =IFERROR(__xludf.DUMMYFUNCTION("""COMPUTED_VALUE"""),46212.0) -> 46212 | E34: =IFERROR(__xludf.DUMMYFUNCTION("""COMPUTED_VALUE"""),"SS3") -> SS3 | F34: =IFERROR(__xludf.DUMMYFUNCTION("""COMPUTED_VALUE"""),"Stream B") -> Stream B | G34: =IFERROR(__xludf.DUMMYFUNCTION("""COMPUTED_VALUE"""),"Bo2") -> Bo2 | H34: =IFERROR(__xludf.DUMMYFUNCTION("""COMPUTED_VALUE"""),0.4583333333333333) -> 0.45833333 | N34: =IFERROR(__xludf.DUMMYFUNCTION("""COMPUTED_VALUE"""),"Groupstage - Group A - Round Robin R3 #2") -> Groupstage - Group A - Round Robin R3 #2 | O34: =IFERROR(__xludf.DUMMYFUNCTION("""COMPUTED_VALUE"""),"Poor Rangers vs. Xtreme Gaming") -> Poor Rangers vs. Xtreme Gaming
C35: =IFERROR(__xludf.DUMMYFUNCTION("""COMPUTED_VALUE"""),46212.0) -> 46212 | E35: =IFERROR(__xludf.DUMMYFUNCTION("""COMPUTED_VALUE"""),"SS2") -> SS2 | F35: =IFERROR(__xludf.DUMMYFUNCTION("""COMPUTED_VALUE"""),"Stream C") -> Stream C | G35: =IFERROR(__xludf.DUMMYFUNCTION("""COMPUTED_VALUE"""),"Bo2") -> Bo2 | H35: =IFERROR(__xludf.DUMMYFUNCTION("""COMPUTED_VALUE"""),0.7222222222222222) -> 0.72222222 | N35: =IFERROR(__xludf.DUMMYFUNCTION("""COMPUTED_VALUE"""),"Groupstage - Group A - Round Robin R3 #3") -> Groupstage - Group A - Round Robin R3 #3 | O35: =IFERROR(__xludf.DUMMYFUNCTION("""COMPUTED_VALUE"""),"BB Team vs. Rune Eaters") -> BB Team vs. Rune Eaters
C36: =IFERROR(__xludf.DUMMYFUNCTION("""COMPUTED_VALUE"""),46212.0) -> 46212 | E36: =IFERROR(__xludf.DUMMYFUNCTION("""COMPUTED_VALUE"""),"MS3") -> MS3 | F36: =IFERROR(__xludf.DUMMYFUNCTION("""COMPUTED_VALUE"""),"Stream A") -> Stream A | G36: =IFERROR(__xludf.DUMMYFUNCTION("""COMPUTED_VALUE"""),"Bo2") -> Bo2 | H36: =IFERROR(__xludf.DUMMYFUNCTION("""COMPUTED_VALUE"""),0.6631944444444444) -> 0.66319444 | N36: =IFERROR(__xludf.DUMMYFUNCTION("""COMPUTED_VALUE"""),"Groupstage - Group B - Round Robin R3 #1") -> Groupstage - Group B - Round Robin R3 #1 | O36: =IFERROR(__xludf.DUMMYFUNCTION("""COMPUTED_VALUE"""),"Nigma Galaxy vs. Team Liquid") -> Nigma Galaxy vs. Team Liquid
C37: =IFERROR(__xludf.DUMMYFUNCTION("""COMPUTED_VALUE"""),46212.0) -> 46212 | E37: =IFERROR(__xludf.DUMMYFUNCTION("""COMPUTED_VALUE"""),"SS3") -> SS3 | F37: =IFERROR(__xludf.DUMMYFUNCTION("""COMPUTED_VALUE"""),"Stream B") -> Stream B | G37: =IFERROR(__xludf.DUMMYFUNCTION("""COMPUTED_VALUE"""),"Bo2") -> Bo2 | H37: =IFERROR(__xludf.DUMMYFUNCTION("""COMPUTED_VALUE"""),0.5625) -> 0.5625 | N37: =IFERROR(__xludf.DUMMYFUNCTION("""COMPUTED_VALUE"""),"Groupstage - Group B - Round Robin R3 #2") -> Groupstage - Group B - Round Robin R3 #2 | O37: =IFERROR(__xludf.DUMMYFUNCTION("""COMPUTED_VALUE"""),"L1 TEAM vs. Aurora Gaming") -> L1 TEAM vs. Aurora Gaming
C38: =IFERROR(__xludf.DUMMYFUNCTION("""COMPUTED_VALUE"""),46212.0) -> 46212 | E38: =IFERROR(__xludf.DUMMYFUNCTION("""COMPUTED_VALUE"""),"SS2") -> SS2 | F38: =IFERROR(__xludf.DUMMYFUNCTION("""COMPUTED_VALUE"""),"Stream C") -> Stream C | G38: =IFERROR(__xludf.DUMMYFUNCTION("""COMPUTED_VALUE"""),"Bo2") -> Bo2 | H38: =IFERROR(__xludf.DUMMYFUNCTION("""COMPUTED_VALUE"""),0.8263888888888888) -> 0.82638889 | N38: =IFERROR(__xludf.DUMMYFUNCTION("""COMPUTED_VALUE"""),"Groupstage - Group B - Round Robin R3 #3") -> Groupstage - Group B - Round Robin R3 #3 | O38: =IFERROR(__xludf.DUMMYFUNCTION("""COMPUTED_VALUE"""),"PTime vs. Level UP") -> PTime vs. Level UP
C39: =IFERROR(__xludf.DUMMYFUNCTION("""COMPUTED_VALUE"""),46212.0) -> 46212 | E39: =IFERROR(__xludf.DUMMYFUNCTION("""COMPUTED_VALUE"""),"MS3") -> MS3 | F39: =IFERROR(__xludf.DUMMYFUNCTION("""COMPUTED_VALUE"""),"Stream A") -> Stream A | G39: =IFERROR(__xludf.DUMMYFUNCTION("""COMPUTED_VALUE"""),"Bo2") -> Bo2 | H39: =IFERROR(__xludf.DUMMYFUNCTION("""COMPUTED_VALUE"""),0.767361111111111) -> 0.76736111 | N39: =IFERROR(__xludf.DUMMYFUNCTION("""COMPUTED_VALUE"""),"Groupstage - Group C - Round Robin R3 #1") -> Groupstage - Group C - Round Robin R3 #1 | O39: =IFERROR(__xludf.DUMMYFUNCTION("""COMPUTED_VALUE"""),"Vici Gaming vs. Team Spirit") -> Vici Gaming vs. Team Spirit
C40: =IFERROR(__xludf.DUMMYFUNCTION("""COMPUTED_VALUE"""),46212.0) -> 46212 | E40: =IFERROR(__xludf.DUMMYFUNCTION("""COMPUTED_VALUE"""),"SS3") -> SS3 | F40: =IFERROR(__xludf.DUMMYFUNCTION("""COMPUTED_VALUE"""),"Stream B") -> Stream B | G40: =IFERROR(__xludf.DUMMYFUNCTION("""COMPUTED_VALUE"""),"Bo2") -> Bo2 | H40: =IFERROR(__xludf.DUMMYFUNCTION("""COMPUTED_VALUE"""),0.6666666666666666) -> 0.66666667 | N40: =IFERROR(__xludf.DUMMYFUNCTION("""COMPUTED_VALUE"""),"Groupstage - Group C - Round Robin R3 #2") -> Groupstage - Group C - Round Robin R3 #2 | O40: =IFERROR(__xludf.DUMMYFUNCTION("""COMPUTED_VALUE"""),"MOUZ vs. Team Nemesis") -> MOUZ vs. Team Nemesis
C41: =IFERROR(__xludf.DUMMYFUNCTION("""COMPUTED_VALUE"""),46212.0) -> 46212 | E41: =IFERROR(__xludf.DUMMYFUNCTION("""COMPUTED_VALUE"""),"SS2") -> SS2 | F41: =IFERROR(__xludf.DUMMYFUNCTION("""COMPUTED_VALUE"""),"Stream C") -> Stream C | G41: =IFERROR(__xludf.DUMMYFUNCTION("""COMPUTED_VALUE"""),"Bo2") -> Bo2 | H41: =IFERROR(__xludf.DUMMYFUNCTION("""COMPUTED_VALUE"""),0.9305555555555555) -> 0.93055556 | N41: =IFERROR(__xludf.DUMMYFUNCTION("""COMPUTED_VALUE"""),"Groupstage - Group C - Round Robin R3 #3") -> Groupstage - Group C - Round Robin R3 #3 | O41: =IFERROR(__xludf.DUMMYFUNCTION("""COMPUTED_VALUE"""),"REKONIX vs. PVISION") -> REKONIX vs. PVISION
C42: =IFERROR(__xludf.DUMMYFUNCTION("""COMPUTED_VALUE"""),46212.0) -> 46212 | E42: =IFERROR(__xludf.DUMMYFUNCTION("""COMPUTED_VALUE"""),"MS3") -> MS3 | F42: =IFERROR(__xludf.DUMMYFUNCTION("""COMPUTED_VALUE"""),"Stream A") -> Stream A | G42: =IFERROR(__xludf.DUMMYFUNCTION("""COMPUTED_VALUE"""),"Bo2") -> Bo2 | H42: =IFERROR(__xludf.DUMMYFUNCTION("""COMPUTED_VALUE"""),0.8715277777777777) -> 0.87152778 | N42: =IFERROR(__xludf.DUMMYFUNCTION("""COMPUTED_VALUE"""),"Groupstage - Group D - Round Robin R3 #1") -> Groupstage - Group D - Round Robin R3 #1 | O42: =IFERROR(__xludf.DUMMYFUNCTION("""COMPUTED_VALUE"""),"LGD Gaming vs. 1W") -> LGD Gaming vs. 1W
C43: =IFERROR(__xludf.DUMMYFUNCTION("""COMPUTED_VALUE"""),46212.0) -> 46212 | E43: =IFERROR(__xludf.DUMMYFUNCTION("""COMPUTED_VALUE"""),"SS3") -> SS3 | F43: =IFERROR(__xludf.DUMMYFUNCTION("""COMPUTED_VALUE"""),"Stream B") -> Stream B | G43: =IFERROR(__xludf.DUMMYFUNCTION("""COMPUTED_VALUE"""),"Bo2") -> Bo2 | H43: =IFERROR(__xludf.DUMMYFUNCTION("""COMPUTED_VALUE"""),0.7708333333333333) -> 0.77083333 | N43: =IFERROR(__xludf.DUMMYFUNCTION("""COMPUTED_VALUE"""),"Groupstage - Group D - Round Robin R3 #2") -> Groupstage - Group D - Round Robin R3 #2 | O43: =IFERROR(__xludf.DUMMYFUNCTION("""COMPUTED_VALUE"""),"Virtus.pro vs. Team Yandex") -> Virtus.pro vs. Team Yandex
C44: =IFERROR(__xludf.DUMMYFUNCTION("""COMPUTED_VALUE"""),46212.0) -> 46212 | E44: =IFERROR(__xludf.DUMMYFUNCTION("""COMPUTED_VALUE"""),"SS2") -> SS2 | F44: =IFERROR(__xludf.DUMMYFUNCTION("""COMPUTED_VALUE"""),"Stream C") -> Stream C | G44: =IFERROR(__xludf.DUMMYFUNCTION("""COMPUTED_VALUE"""),"Bo2") -> Bo2 | H44: =IFERROR(__xludf.DUMMYFUNCTION("""COMPUTED_VALUE"""),1.034722222222222) -> 1.0347222 | N44: =IFERROR(__xludf.DUMMYFUNCTION("""COMPUTED_VALUE"""),"Groupstage - Group D - Round Robin R3 #3") -> Groupstage - Group D - Round Robin R3 #3 | O44: =IFERROR(__xludf.DUMMYFUNCTION("""COMPUTED_VALUE"""),"OG Esports vs. IC x Insanity") -> OG Esports vs. IC x Insanity
C45: =IFERROR(__xludf.DUMMYFUNCTION("""COMPUTED_VALUE"""),46212.0) -> 46212 | H45: =IFERROR(__xludf.DUMMYFUNCTION("""COMPUTED_VALUE"""),0.954861111111111) -> 0.95486111
B46: =IFERROR(__xludf.DUMMYFUNCTION("""COMPUTED_VALUE"""),4.0) -> 4 | C46: =IFERROR(__xludf.DUMMYFUNCTION("""COMPUTED_VALUE"""),46213.0) -> 46213 | D46: =IFERROR(__xludf.DUMMYFUNCTION("""COMPUTED_VALUE"""),46213.0) -> 46213 | E46: =IFERROR(__xludf.DUMMYFUNCTION("""COMPUTED_VALUE"""),"MS3") -> MS3 | F46: =IFERROR(__xludf.DUMMYFUNCTION("""COMPUTED_VALUE"""),"Stream A") -> Stream A | G46: =IFERROR(__xludf.DUMMYFUNCTION("""COMPUTED_VALUE"""),"Bo2") -> Bo2 | H46: =IFERROR(__xludf.DUMMYFUNCTION("""COMPUTED_VALUE"""),0.46527777777777773) -> 0.46527778 | N46: =IFERROR(__xludf.DUMMYFUNCTION("""COMPUTED_VALUE"""),"Groupstage - Group A - Round Robin R4 #1") -> Groupstage - Group A - Round Robin R4 #1 | O46: =IFERROR(__xludf.DUMMYFUNCTION("""COMPUTED_VALUE"""),"Xtreme Gaming vs. BB Team") -> Xtreme Gaming vs. BB Team
C47: =IFERROR(__xludf.DUMMYFUNCTION("""COMPUTED_VALUE"""),46213.0) -> 46213 | E47: =IFERROR(__xludf.DUMMYFUNCTION("""COMPUTED_VALUE"""),"SS3") -> SS3 | F47: =IFERROR(__xludf.DUMMYFUNCTION("""COMPUTED_VALUE"""),"Stream B") -> Stream B | G47: =IFERROR(__xludf.DUMMYFUNCTION("""COMPUTED_VALUE"""),"Bo2") -> Bo2 | H47: =IFERROR(__xludf.DUMMYFUNCTION("""COMPUTED_VALUE"""),0.4583333333333333) -> 0.45833333 | N47: =IFERROR(__xludf.DUMMYFUNCTION("""COMPUTED_VALUE"""),"Groupstage - Group A - Round Robin R4 #2") -> Groupstage - Group A - Round Robin R4 #2 | O47: =IFERROR(__xludf.DUMMYFUNCTION("""COMPUTED_VALUE"""),"Poor Rangers vs. Team Falcons") -> Poor Rangers vs. Team Falcons
C48: =IFERROR(__xludf.DUMMYFUNCTION("""COMPUTED_VALUE"""),46213.0) -> 46213 | E48: =IFERROR(__xludf.DUMMYFUNCTION("""COMPUTED_VALUE"""),"SS2") -> SS2 | F48: =IFERROR(__xludf.DUMMYFUNCTION("""COMPUTED_VALUE"""),"Stream C") -> Stream C | G48: =IFERROR(__xludf.DUMMYFUNCTION("""COMPUTED_VALUE"""),"Bo2") -> Bo2 | H48: =IFERROR(__xludf.DUMMYFUNCTION("""COMPUTED_VALUE"""),0.4583333333333333) -> 0.45833333 | N48: =IFERROR(__xludf.DUMMYFUNCTION("""COMPUTED_VALUE"""),"Groupstage - Group A - Round Robin R4 #3") -> Groupstage - Group A - Round Robin R4 #3 | O48: =IFERROR(__xludf.DUMMYFUNCTION("""COMPUTED_VALUE"""),"Rune Eaters vs. GamerLegion") -> Rune Eaters vs. GamerLegion
C49: =IFERROR(__xludf.DUMMYFUNCTION("""COMPUTED_VALUE"""),46213.0) -> 46213 | E49: =IFERROR(__xludf.DUMMYFUNCTION("""COMPUTED_VALUE"""),"MS3") -> MS3 | F49: =IFERROR(__xludf.DUMMYFUNCTION("""COMPUTED_VALUE"""),"Stream A") -> Stream A | G49: =IFERROR(__xludf.DUMMYFUNCTION("""COMPUTED_VALUE"""),"Bo2") -> Bo2 | H49: =IFERROR(__xludf.DUMMYFUNCTION("""COMPUTED_VALUE"""),0.5694444444444444) -> 0.56944444 | N49: =IFERROR(__xludf.DUMMYFUNCTION("""COMPUTED_VALUE"""),"Groupstage - Group B - Round Robin R4 #1") -> Groupstage - Group B - Round Robin R4 #1 | O49: =IFERROR(__xludf.DUMMYFUNCTION("""COMPUTED_VALUE"""),"Aurora Gaming vs. PTime") -> Aurora Gaming vs. PTime
C50: =IFERROR(__xludf.DUMMYFUNCTION("""COMPUTED_VALUE"""),46213.0) -> 46213 | E50: =IFERROR(__xludf.DUMMYFUNCTION("""COMPUTED_VALUE"""),"SS3") -> SS3 | F50: =IFERROR(__xludf.DUMMYFUNCTION("""COMPUTED_VALUE"""),"Stream B") -> Stream B | G50: =IFERROR(__xludf.DUMMYFUNCTION("""COMPUTED_VALUE"""),"Bo2") -> Bo2 | H50: =IFERROR(__xludf.DUMMYFUNCTION("""COMPUTED_VALUE"""),0.5625) -> 0.5625 | N50: =IFERROR(__xludf.DUMMYFUNCTION("""COMPUTED_VALUE"""),"Groupstage - Group B - Round Robin R4 #2") -> Groupstage - Group B - Round Robin R4 #2 | O50: =IFERROR(__xludf.DUMMYFUNCTION("""COMPUTED_VALUE"""),"L1 TEAM vs. Team Liquid") -> L1 TEAM vs. Team Liquid
C51: =IFERROR(__xludf.DUMMYFUNCTION("""COMPUTED_VALUE"""),46213.0) -> 46213 | E51: =IFERROR(__xludf.DUMMYFUNCTION("""COMPUTED_VALUE"""),"SS2") -> SS2 | F51: =IFERROR(__xludf.DUMMYFUNCTION("""COMPUTED_VALUE"""),"Stream C") -> Stream C | G51: =IFERROR(__xludf.DUMMYFUNCTION("""COMPUTED_VALUE"""),"Bo2") -> Bo2 | H51: =IFERROR(__xludf.DUMMYFUNCTION("""COMPUTED_VALUE"""),0.6041666666666666) -> 0.60416667 | N51: =IFERROR(__xludf.DUMMYFUNCTION("""COMPUTED_VALUE"""),"Groupstage - Group B - Round Robin R4 #3") -> Groupstage - Group B - Round Robin R4 #3 | O51: =IFERROR(__xludf.DUMMYFUNCTION("""COMPUTED_VALUE"""),"Level UP vs. Nigma Galaxy") -> Level UP vs. Nigma Galaxy
C52: =IFERROR(__xludf.DUMMYFUNCTION("""COMPUTED_VALUE"""),46213.0) -> 46213 | E52: =IFERROR(__xludf.DUMMYFUNCTION("""COMPUTED_VALUE"""),"MS3") -> MS3 | F52: =IFERROR(__xludf.DUMMYFUNCTION("""COMPUTED_VALUE"""),"Stream A") -> Stream A | G52: =IFERROR(__xludf.DUMMYFUNCTION("""COMPUTED_VALUE"""),"Bo2") -> Bo2 | H52: =IFERROR(__xludf.DUMMYFUNCTION("""COMPUTED_VALUE"""),0.6979166666666666) -> 0.69791667 | N52: =IFERROR(__xludf.DUMMYFUNCTION("""COMPUTED_VALUE"""),"Groupstage - Group C - Round Robin R4 #1") -> Groupstage - Group C - Round Robin R4 #1 | O52: =IFERROR(__xludf.DUMMYFUNCTION("""COMPUTED_VALUE"""),"PVISION vs. MOUZ") -> PVISION vs. MOUZ
C53: =IFERROR(__xludf.DUMMYFUNCTION("""COMPUTED_VALUE"""),46213.0) -> 46213 | E53: =IFERROR(__xludf.DUMMYFUNCTION("""COMPUTED_VALUE"""),"SS3") -> SS3 | F53: =IFERROR(__xludf.DUMMYFUNCTION("""COMPUTED_VALUE"""),"Stream B") -> Stream B | G53: =IFERROR(__xludf.DUMMYFUNCTION("""COMPUTED_VALUE"""),"Bo2") -> Bo2 | H53: =IFERROR(__xludf.DUMMYFUNCTION("""COMPUTED_VALUE"""),0.673611111111111) -> 0.67361111 | N53: =IFERROR(__xludf.DUMMYFUNCTION("""COMPUTED_VALUE"""),"Groupstage - Group C - Round Robin R4 #2") -> Groupstage - Group C - Round Robin R4 #2 | O53: =IFERROR(__xludf.DUMMYFUNCTION("""COMPUTED_VALUE"""),"Team Nemesis vs. Vici Gaming") -> Team Nemesis vs. Vici Gaming
C54: =IFERROR(__xludf.DUMMYFUNCTION("""COMPUTED_VALUE"""),46213.0) -> 46213 | E54: =IFERROR(__xludf.DUMMYFUNCTION("""COMPUTED_VALUE"""),"SS2") -> SS2 | F54: =IFERROR(__xludf.DUMMYFUNCTION("""COMPUTED_VALUE"""),"Stream C") -> Stream C | G54: =IFERROR(__xludf.DUMMYFUNCTION("""COMPUTED_VALUE"""),"Bo2") -> Bo2 | H54: =IFERROR(__xludf.DUMMYFUNCTION("""COMPUTED_VALUE"""),0.7083333333333333) -> 0.70833333 | N54: =IFERROR(__xludf.DUMMYFUNCTION("""COMPUTED_VALUE"""),"Groupstage - Group C - Round Robin R4 #3") -> Groupstage - Group C - Round Robin R4 #3 | O54: =IFERROR(__xludf.DUMMYFUNCTION("""COMPUTED_VALUE"""),"REKONIX vs. Team Spirit") -> REKONIX vs. Team Spirit
C55: =IFERROR(__xludf.DUMMYFUNCTION("""COMPUTED_VALUE"""),46213.0) -> 46213 | E55: =IFERROR(__xludf.DUMMYFUNCTION("""COMPUTED_VALUE"""),"MS3") -> MS3 | F55: =IFERROR(__xludf.DUMMYFUNCTION("""COMPUTED_VALUE"""),"Stream A") -> Stream A | G55: =IFERROR(__xludf.DUMMYFUNCTION("""COMPUTED_VALUE"""),"Bo2") -> Bo2 | H55: =IFERROR(__xludf.DUMMYFUNCTION("""COMPUTED_VALUE"""),0.8090277777777777) -> 0.80902778 | N55: =IFERROR(__xludf.DUMMYFUNCTION("""COMPUTED_VALUE"""),"Groupstage - Group D - Round Robin R4 #1") -> Groupstage - Group D - Round Robin R4 #1 | O55: =IFERROR(__xludf.DUMMYFUNCTION("""COMPUTED_VALUE"""),"LGD Gaming vs. Team Yandex") -> LGD Gaming vs. Team Yandex
C56: =IFERROR(__xludf.DUMMYFUNCTION("""COMPUTED_VALUE"""),46213.0) -> 46213 | E56: =IFERROR(__xludf.DUMMYFUNCTION("""COMPUTED_VALUE"""),"SS3") -> SS3 | F56: =IFERROR(__xludf.DUMMYFUNCTION("""COMPUTED_VALUE"""),"Stream B") -> Stream B | G56: =IFERROR(__xludf.DUMMYFUNCTION("""COMPUTED_VALUE"""),"Bo2") -> Bo2 | H56: =IFERROR(__xludf.DUMMYFUNCTION("""COMPUTED_VALUE"""),0.798611111111111) -> 0.79861111 | N56: =IFERROR(__xludf.DUMMYFUNCTION("""COMPUTED_VALUE"""),"Groupstage - Group D - Round Robin R4 #2") -> Groupstage - Group D - Round Robin R4 #2 | O56: =IFERROR(__xludf.DUMMYFUNCTION("""COMPUTED_VALUE"""),"1W vs. OG Esports") -> 1W vs. OG Esports
C57: =IFERROR(__xludf.DUMMYFUNCTION("""COMPUTED_VALUE"""),46213.0) -> 46213 | E57: =IFERROR(__xludf.DUMMYFUNCTION("""COMPUTED_VALUE"""),"SS2") -> SS2 | F57: =IFERROR(__xludf.DUMMYFUNCTION("""COMPUTED_VALUE"""),"Stream C") -> Stream C | G57: =IFERROR(__xludf.DUMMYFUNCTION("""COMPUTED_VALUE"""),"Bo2") -> Bo2 | H57: =IFERROR(__xludf.DUMMYFUNCTION("""COMPUTED_VALUE"""),0.8194444444444444) -> 0.81944444 | N57: =IFERROR(__xludf.DUMMYFUNCTION("""COMPUTED_VALUE"""),"Groupstage - Group D - Round Robin R4 #3") -> Groupstage - Group D - Round Robin R4 #3 | O57: =IFERROR(__xludf.DUMMYFUNCTION("""COMPUTED_VALUE"""),"IC x Insanity vs. Virtus.pro") -> IC x Insanity vs. Virtus.pro
C58: =IFERROR(__xludf.DUMMYFUNCTION("""COMPUTED_VALUE"""),46213.0) -> 46213 | H58: =IFERROR(__xludf.DUMMYFUNCTION("""COMPUTED_VALUE"""),0.892361111111111) -> 0.89236111
B59: =IFERROR(__xludf.DUMMYFUNCTION("""COMPUTED_VALUE"""),5.0) -> 5 | C59: =IFERROR(__xludf.DUMMYFUNCTION("""COMPUTED_VALUE"""),46214.0) -> 46214 | D59: =IFERROR(__xludf.DUMMYFUNCTION("""COMPUTED_VALUE"""),46214.0) -> 46214 | E59: =IFERROR(__xludf.DUMMYFUNCTION("""COMPUTED_VALUE"""),"MS3") -> MS3 | F59: =IFERROR(__xludf.DUMMYFUNCTION("""COMPUTED_VALUE"""),"Stream A") -> Stream A | G59: =IFERROR(__xludf.DUMMYFUNCTION("""COMPUTED_VALUE"""),"Bo2") -> Bo2 | H59: =IFERROR(__xludf.DUMMYFUNCTION("""COMPUTED_VALUE"""),0.46527777777777773) -> 0.46527778 | N59: =IFERROR(__xludf.DUMMYFUNCTION("""COMPUTED_VALUE"""),"Groupstage - Group A - Round Robin R5 #1") -> Groupstage - Group A - Round Robin R5 #1 | O59: =IFERROR(__xludf.DUMMYFUNCTION("""COMPUTED_VALUE"""),"Xtreme Gaming vs. Team Falcons") -> Xtreme Gaming vs. Team Falcons
C60: =IFERROR(__xludf.DUMMYFUNCTION("""COMPUTED_VALUE"""),46214.0) -> 46214 | E60: =IFERROR(__xludf.DUMMYFUNCTION("""COMPUTED_VALUE"""),"SS3") -> SS3 | F60: =IFERROR(__xludf.DUMMYFUNCTION("""COMPUTED_VALUE"""),"Stream B") -> Stream B | G60: =IFERROR(__xludf.DUMMYFUNCTION("""COMPUTED_VALUE"""),"Bo2") -> Bo2 | H60: =IFERROR(__xludf.DUMMYFUNCTION("""COMPUTED_VALUE"""),0.4583333333333333) -> 0.45833333 | N60: =IFERROR(__xludf.DUMMYFUNCTION("""COMPUTED_VALUE"""),"Groupstage - Group A - Round Robin R5 #2") -> Groupstage - Group A - Round Robin R5 #2 | O60: =IFERROR(__xludf.DUMMYFUNCTION("""COMPUTED_VALUE"""),"BB Team vs. GamerLegion") -> BB Team vs. GamerLegion
C61: =IFERROR(__xludf.DUMMYFUNCTION("""COMPUTED_VALUE"""),46214.0) -> 46214 | E61: =IFERROR(__xludf.DUMMYFUNCTION("""COMPUTED_VALUE"""),"SS2") -> SS2 | F61: =IFERROR(__xludf.DUMMYFUNCTION("""COMPUTED_VALUE"""),"Stream C") -> Stream C | G61: =IFERROR(__xludf.DUMMYFUNCTION("""COMPUTED_VALUE"""),"Bo2") -> Bo2 | H61: =IFERROR(__xludf.DUMMYFUNCTION("""COMPUTED_VALUE"""),0.4583333333333333) -> 0.45833333 | N61: =IFERROR(__xludf.DUMMYFUNCTION("""COMPUTED_VALUE"""),"Groupstage - Group A - Round Robin R5 #3") -> Groupstage - Group A - Round Robin R5 #3 | O61: =IFERROR(__xludf.DUMMYFUNCTION("""COMPUTED_VALUE"""),"Poor Rangers vs. Rune Eaters") -> Poor Rangers vs. Rune Eaters
C62: =IFERROR(__xludf.DUMMYFUNCTION("""COMPUTED_VALUE"""),46214.0) -> 46214 | E62: =IFERROR(__xludf.DUMMYFUNCTION("""COMPUTED_VALUE"""),"MS3") -> MS3 | F62: =IFERROR(__xludf.DUMMYFUNCTION("""COMPUTED_VALUE"""),"Stream A") -> Stream A | G62: =IFERROR(__xludf.DUMMYFUNCTION("""COMPUTED_VALUE"""),"Bo2") -> Bo2 | H62: =IFERROR(__xludf.DUMMYFUNCTION("""COMPUTED_VALUE"""),0.6006944444444444) -> 0.60069444 | N62: =IFERROR(__xludf.DUMMYFUNCTION("""COMPUTED_VALUE"""),"Groupstage - Group B - Round Robin R5 #1") -> Groupstage - Group B - Round Robin R5 #1 | O62: =IFERROR(__xludf.DUMMYFUNCTION("""COMPUTED_VALUE"""),"Aurora Gaming vs. Team Liquid") -> Aurora Gaming vs. Team Liquid
C63: =IFERROR(__xludf.DUMMYFUNCTION("""COMPUTED_VALUE"""),46214.0) -> 46214 | E63: =IFERROR(__xludf.DUMMYFUNCTION("""COMPUTED_VALUE"""),"SS3") -> SS3 | F63: =IFERROR(__xludf.DUMMYFUNCTION("""COMPUTED_VALUE"""),"Stream B") -> Stream B | G63: =IFERROR(__xludf.DUMMYFUNCTION("""COMPUTED_VALUE"""),"Bo2") -> Bo2 | H63: =IFERROR(__xludf.DUMMYFUNCTION("""COMPUTED_VALUE"""),0.5902777777777778) -> 0.59027778 | N63: =IFERROR(__xludf.DUMMYFUNCTION("""COMPUTED_VALUE"""),"Groupstage - Group B - Round Robin R5 #2") -> Groupstage - Group B - Round Robin R5 #2 | O63: =IFERROR(__xludf.DUMMYFUNCTION("""COMPUTED_VALUE"""),"PTime vs. Nigma Galaxy") -> PTime vs. Nigma Galaxy
C64: =IFERROR(__xludf.DUMMYFUNCTION("""COMPUTED_VALUE"""),46214.0) -> 46214 | E64: =IFERROR(__xludf.DUMMYFUNCTION("""COMPUTED_VALUE"""),"SS2") -> SS2 | F64: =IFERROR(__xludf.DUMMYFUNCTION("""COMPUTED_VALUE"""),"Stream C") -> Stream C | G64: =IFERROR(__xludf.DUMMYFUNCTION("""COMPUTED_VALUE"""),"Bo2") -> Bo2 | H64: =IFERROR(__xludf.DUMMYFUNCTION("""COMPUTED_VALUE"""),0.579861111111111) -> 0.57986111 | N64: =IFERROR(__xludf.DUMMYFUNCTION("""COMPUTED_VALUE"""),"Groupstage - Group B - Round Robin R5 #3") -> Groupstage - Group B - Round Robin R5 #3 | O64: =IFERROR(__xludf.DUMMYFUNCTION("""COMPUTED_VALUE"""),"L1 TEAM vs. Level UP") -> L1 TEAM vs. Level UP
C65: =IFERROR(__xludf.DUMMYFUNCTION("""COMPUTED_VALUE"""),46214.0) -> 46214 | E65: =IFERROR(__xludf.DUMMYFUNCTION("""COMPUTED_VALUE"""),"MS3") -> MS3 | F65: =IFERROR(__xludf.DUMMYFUNCTION("""COMPUTED_VALUE"""),"Stream A") -> Stream A | G65: =IFERROR(__xludf.DUMMYFUNCTION("""COMPUTED_VALUE"""),"Bo1/Bo3") -> Bo1/Bo3 | H65: =IFERROR(__xludf.DUMMYFUNCTION("""COMPUTED_VALUE"""),0.704861111111111) -> 0.70486111 | N65: =IFERROR(__xludf.DUMMYFUNCTION("""COMPUTED_VALUE"""),"Groupstage - Tiebreaker spot") -> Groupstage - Tiebreaker spot | O65: =IFERROR(__xludf.DUMMYFUNCTION("""COMPUTED_VALUE"""),"Not") -> Not
C66: =IFERROR(__xludf.DUMMYFUNCTION("""COMPUTED_VALUE"""),46214.0) -> 46214 | E66: =IFERROR(__xludf.DUMMYFUNCTION("""COMPUTED_VALUE"""),"SS3") -> SS3 | F66: =IFERROR(__xludf.DUMMYFUNCTION("""COMPUTED_VALUE"""),"Stream B") -> Stream B | G66: =IFERROR(__xludf.DUMMYFUNCTION("""COMPUTED_VALUE"""),"Bo1/Bo3") -> Bo1/Bo3 | H66: =IFERROR(__xludf.DUMMYFUNCTION("""COMPUTED_VALUE"""),0.704861111111111) -> 0.70486111 | N66: =IFERROR(__xludf.DUMMYFUNCTION("""COMPUTED_VALUE"""),"Groupstage - Tiebreaker spot") -> Groupstage - Tiebreaker spot | O66: =IFERROR(__xludf.DUMMYFUNCTION("""COMPUTED_VALUE"""),"Required") -> Required
C67: =IFERROR(__xludf.DUMMYFUNCTION("""COMPUTED_VALUE"""),46214.0) -> 46214 | E67: =IFERROR(__xludf.DUMMYFUNCTION("""COMPUTED_VALUE"""),"SS2") -> SS2 | F67: =IFERROR(__xludf.DUMMYFUNCTION("""COMPUTED_VALUE"""),"Stream C") -> Stream C | G67: =IFERROR(__xludf.DUMMYFUNCTION("""COMPUTED_VALUE"""),"Bo1/Bo3") -> Bo1/Bo3 | H67: =IFERROR(__xludf.DUMMYFUNCTION("""COMPUTED_VALUE"""),0.704861111111111) -> 0.70486111 | N67: =IFERROR(__xludf.DUMMYFUNCTION("""COMPUTED_VALUE"""),"Groupstage - Tiebreaker spot") -> Groupstage - Tiebreaker spot | O67: =IFERROR(__xludf.DUMMYFUNCTION("""COMPUTED_VALUE"""),"Not") -> Not
C68: =IFERROR(__xludf.DUMMYFUNCTION("""COMPUTED_VALUE"""),46214.0) -> 46214 | E68: =IFERROR(__xludf.DUMMYFUNCTION("""COMPUTED_VALUE"""),"MS3") -> MS3 | F68: =IFERROR(__xludf.DUMMYFUNCTION("""COMPUTED_VALUE"""),"Stream A") -> Stream A | G68: =IFERROR(__xludf.DUMMYFUNCTION("""COMPUTED_VALUE"""),"Bo1/Bo3") -> Bo1/Bo3 | H68: =IFERROR(__xludf.DUMMYFUNCTION("""COMPUTED_VALUE"""),0.829861111111111) -> 0.82986111 | N68: =IFERROR(__xludf.DUMMYFUNCTION("""COMPUTED_VALUE"""),"Groupstage - Tiebreaker spot") -> Groupstage - Tiebreaker spot | O68: =IFERROR(__xludf.DUMMYFUNCTION("""COMPUTED_VALUE"""),"Required") -> Required
C69: =IFERROR(__xludf.DUMMYFUNCTION("""COMPUTED_VALUE"""),46214.0) -> 46214 | E69: =IFERROR(__xludf.DUMMYFUNCTION("""COMPUTED_VALUE"""),"SS3") -> SS3 | F69: =IFERROR(__xludf.DUMMYFUNCTION("""COMPUTED_VALUE"""),"Stream B") -> Stream B | G69: =IFERROR(__xludf.DUMMYFUNCTION("""COMPUTED_VALUE"""),"Bo1/Bo3") -> Bo1/Bo3 | H69: =IFERROR(__xludf.DUMMYFUNCTION("""COMPUTED_VALUE"""),0.829861111111111) -> 0.82986111 | N69: =IFERROR(__xludf.DUMMYFUNCTION("""COMPUTED_VALUE"""),"Groupstage - Tiebreaker spot") -> Groupstage - Tiebreaker spot | O69: =IFERROR(__xludf.DUMMYFUNCTION("""COMPUTED_VALUE"""),"Not") -> Not
C70: =IFERROR(__xludf.DUMMYFUNCTION("""COMPUTED_VALUE"""),46214.0) -> 46214 | E70: =IFERROR(__xludf.DUMMYFUNCTION("""COMPUTED_VALUE"""),"SS2") -> SS2 | F70: =IFERROR(__xludf.DUMMYFUNCTION("""COMPUTED_VALUE"""),"Stream C") -> Stream C | G70: =IFERROR(__xludf.DUMMYFUNCTION("""COMPUTED_VALUE"""),"Bo1/Bo3") -> Bo1/Bo3 | H70: =IFERROR(__xludf.DUMMYFUNCTION("""COMPUTED_VALUE"""),0.829861111111111) -> 0.82986111 | N70: =IFERROR(__xludf.DUMMYFUNCTION("""COMPUTED_VALUE"""),"Groupstage - Tiebreaker spot") -> Groupstage - Tiebreaker spot | O70: =IFERROR(__xludf.DUMMYFUNCTION("""COMPUTED_VALUE"""),"Required") -> Required
C71: =IFERROR(__xludf.DUMMYFUNCTION("""COMPUTED_VALUE"""),46214.0) -> 46214 | H71: =IFERROR(__xludf.DUMMYFUNCTION("""COMPUTED_VALUE"""),0.954861111111111) -> 0.95486111
B72: =IFERROR(__xludf.DUMMYFUNCTION("""COMPUTED_VALUE"""),6.0) -> 6 | C72: =IFERROR(__xludf.DUMMYFUNCTION("""COMPUTED_VALUE"""),46215.0) -> 46215 | D72: =IFERROR(__xludf.DUMMYFUNCTION("""COMPUTED_VALUE"""),46215.0) -> 46215 | E72: =IFERROR(__xludf.DUMMYFUNCTION("""COMPUTED_VALUE"""),"MS3") -> MS3 | F72: =IFERROR(__xludf.DUMMYFUNCTION("""COMPUTED_VALUE"""),"Stream A") -> Stream A | G72: =IFERROR(__xludf.DUMMYFUNCTION("""COMPUTED_VALUE"""),"Bo2") -> Bo2 | H72: =IFERROR(__xludf.DUMMYFUNCTION("""COMPUTED_VALUE"""),0.4618055555555555) -> 0.46180556 | N72: =IFERROR(__xludf.DUMMYFUNCTION("""COMPUTED_VALUE"""),"Groupstage - Group C - Round Robin R5 #1") -> Groupstage - Group C - Round Robin R5 #1 | O72: =IFERROR(__xludf.DUMMYFUNCTION("""COMPUTED_VALUE"""),"PVISION vs. Team Spirit") -> PVISION vs. Team Spirit
C73: =IFERROR(__xludf.DUMMYFUNCTION("""COMPUTED_VALUE"""),46215.0) -> 46215 | E73: =IFERROR(__xludf.DUMMYFUNCTION("""COMPUTED_VALUE"""),"SS3") -> SS3 | F73: =IFERROR(__xludf.DUMMYFUNCTION("""COMPUTED_VALUE"""),"Stream B") -> Stream B | G73: =IFERROR(__xludf.DUMMYFUNCTION("""COMPUTED_VALUE"""),"Bo2") -> Bo2 | H73: =IFERROR(__xludf.DUMMYFUNCTION("""COMPUTED_VALUE"""),0.4583333333333333) -> 0.45833333 | N73: =IFERROR(__xludf.DUMMYFUNCTION("""COMPUTED_VALUE"""),"Groupstage - Group C - Round Robin R5 #2") -> Groupstage - Group C - Round Robin R5 #2 | O73: =IFERROR(__xludf.DUMMYFUNCTION("""COMPUTED_VALUE"""),"MOUZ vs. Vici Gaming") -> MOUZ vs. Vici Gaming
C74: =IFERROR(__xludf.DUMMYFUNCTION("""COMPUTED_VALUE"""),46215.0) -> 46215 | E74: =IFERROR(__xludf.DUMMYFUNCTION("""COMPUTED_VALUE"""),"SS2") -> SS2 | F74: =IFERROR(__xludf.DUMMYFUNCTION("""COMPUTED_VALUE"""),"Stream C") -> Stream C | G74: =IFERROR(__xludf.DUMMYFUNCTION("""COMPUTED_VALUE"""),"Bo2") -> Bo2 | H74: =IFERROR(__xludf.DUMMYFUNCTION("""COMPUTED_VALUE"""),0.4618055555555555) -> 0.46180556 | N74: =IFERROR(__xludf.DUMMYFUNCTION("""COMPUTED_VALUE"""),"Groupstage - Group C - Round Robin R5 #3") -> Groupstage - Group C - Round Robin R5 #3 | O74: =IFERROR(__xludf.DUMMYFUNCTION("""COMPUTED_VALUE"""),"REKONIX vs. Team Nemesis") -> REKONIX vs. Team Nemesis
C75: =IFERROR(__xludf.DUMMYFUNCTION("""COMPUTED_VALUE"""),46215.0) -> 46215 | E75: =IFERROR(__xludf.DUMMYFUNCTION("""COMPUTED_VALUE"""),"MS3") -> MS3 | F75: =IFERROR(__xludf.DUMMYFUNCTION("""COMPUTED_VALUE"""),"Stream A") -> Stream A | G75: =IFERROR(__xludf.DUMMYFUNCTION("""COMPUTED_VALUE"""),"Bo2") -> Bo2 | H75: =IFERROR(__xludf.DUMMYFUNCTION("""COMPUTED_VALUE"""),0.5833333333333333) -> 0.58333333 | N75: =IFERROR(__xludf.DUMMYFUNCTION("""COMPUTED_VALUE"""),"Groupstage - Group D - Round Robin R5 #1") -> Groupstage - Group D - Round Robin R5 #1 | O75: =IFERROR(__xludf.DUMMYFUNCTION("""COMPUTED_VALUE"""),"1W vs. Team Yandex") -> 1W vs. Team Yandex
C76: =IFERROR(__xludf.DUMMYFUNCTION("""COMPUTED_VALUE"""),46215.0) -> 46215 | E76: =IFERROR(__xludf.DUMMYFUNCTION("""COMPUTED_VALUE"""),"SS3") -> SS3 | F76: =IFERROR(__xludf.DUMMYFUNCTION("""COMPUTED_VALUE"""),"Stream B") -> Stream B | G76: =IFERROR(__xludf.DUMMYFUNCTION("""COMPUTED_VALUE"""),"Bo2") -> Bo2 | H76: =IFERROR(__xludf.DUMMYFUNCTION("""COMPUTED_VALUE"""),0.5972222222222222) -> 0.59722222 | N76: =IFERROR(__xludf.DUMMYFUNCTION("""COMPUTED_VALUE"""),"Groupstage - Group D - Round Robin R5 #2") -> Groupstage - Group D - Round Robin R5 #2 | O76: =IFERROR(__xludf.DUMMYFUNCTION("""COMPUTED_VALUE"""),"OG Esports vs. Virtus.pro") -> OG Esports vs. Virtus.pro
C77: =IFERROR(__xludf.DUMMYFUNCTION("""COMPUTED_VALUE"""),46215.0) -> 46215 | E77: =IFERROR(__xludf.DUMMYFUNCTION("""COMPUTED_VALUE"""),"SS2") -> SS2 | F77: =IFERROR(__xludf.DUMMYFUNCTION("""COMPUTED_VALUE"""),"Stream C") -> Stream C | G77: =IFERROR(__xludf.DUMMYFUNCTION("""COMPUTED_VALUE"""),"Bo2") -> Bo2 | H77: =IFERROR(__xludf.DUMMYFUNCTION("""COMPUTED_VALUE"""),0.5868055555555555) -> 0.58680556 | N77: =IFERROR(__xludf.DUMMYFUNCTION("""COMPUTED_VALUE"""),"Groupstage - Group D - Round Robin R5 #3") -> Groupstage - Group D - Round Robin R5 #3 | O77: =IFERROR(__xludf.DUMMYFUNCTION("""COMPUTED_VALUE"""),"LGD Gaming vs. IC x Insanity") -> LGD Gaming vs. IC x Insanity
C78: =IFERROR(__xludf.DUMMYFUNCTION("""COMPUTED_VALUE"""),46215.0) -> 46215 | E78: =IFERROR(__xludf.DUMMYFUNCTION("""COMPUTED_VALUE"""),"MS3") -> MS3 | F78: =IFERROR(__xludf.DUMMYFUNCTION("""COMPUTED_VALUE"""),"Stream A") -> Stream A | G78: =IFERROR(__xludf.DUMMYFUNCTION("""COMPUTED_VALUE"""),"Bo1/Bo3") -> Bo1/Bo3 | H78: =IFERROR(__xludf.DUMMYFUNCTION("""COMPUTED_VALUE"""),0.6874999999999999) -> 0.6875 | N78: =IFERROR(__xludf.DUMMYFUNCTION("""COMPUTED_VALUE"""),"Groupstage - Tiebreaker spot") -> Groupstage - Tiebreaker spot | O78: =IFERROR(__xludf.DUMMYFUNCTION("""COMPUTED_VALUE"""),"Not required") -> Not required
C79: =IFERROR(__xludf.DUMMYFUNCTION("""COMPUTED_VALUE"""),46215.0) -> 46215 | E79: =IFERROR(__xludf.DUMMYFUNCTION("""COMPUTED_VALUE"""),"SS3") -> SS3 | F79: =IFERROR(__xludf.DUMMYFUNCTION("""COMPUTED_VALUE"""),"Stream B") -> Stream B | G79: =IFERROR(__xludf.DUMMYFUNCTION("""COMPUTED_VALUE"""),"Bo1/Bo3") -> Bo1/Bo3 | H79: =IFERROR(__xludf.DUMMYFUNCTION("""COMPUTED_VALUE"""),0.6874999999999999) -> 0.6875 | N79: =IFERROR(__xludf.DUMMYFUNCTION("""COMPUTED_VALUE"""),"Groupstage - Tiebreaker spot") -> Groupstage - Tiebreaker spot | O79: =IFERROR(__xludf.DUMMYFUNCTION("""COMPUTED_VALUE"""),"LGD Gaming vs. Virtus.pro - 1v1") -> LGD Gaming vs. Virtus.pro - 1v1
C80: =IFERROR(__xludf.DUMMYFUNCTION("""COMPUTED_VALUE"""),46215.0) -> 46215 | E80: =IFERROR(__xludf.DUMMYFUNCTION("""COMPUTED_VALUE"""),"SS2") -> SS2 | F80: =IFERROR(__xludf.DUMMYFUNCTION("""COMPUTED_VALUE"""),"Stream C") -> Stream C | G80: =IFERROR(__xludf.DUMMYFUNCTION("""COMPUTED_VALUE"""),"Bo1/Bo3") -> Bo1/Bo3 | H80: =IFERROR(__xludf.DUMMYFUNCTION("""COMPUTED_VALUE"""),0.6874999999999999) -> 0.6875 | N80: =IFERROR(__xludf.DUMMYFUNCTION("""COMPUTED_VALUE"""),"Groupstage - Tiebreaker spot") -> Groupstage - Tiebreaker spot | O80: =IFERROR(__xludf.DUMMYFUNCTION("""COMPUTED_VALUE"""),"Not required") -> Not required
C81: =IFERROR(__xludf.DUMMYFUNCTION("""COMPUTED_VALUE"""),46215.0) -> 46215 | E81: =IFERROR(__xludf.DUMMYFUNCTION("""COMPUTED_VALUE"""),"MS3") -> MS3 | F81: =IFERROR(__xludf.DUMMYFUNCTION("""COMPUTED_VALUE"""),"Stream A") -> Stream A | G81: =IFERROR(__xludf.DUMMYFUNCTION("""COMPUTED_VALUE"""),"Bo1/Bo3") -> Bo1/Bo3 | H81: =IFERROR(__xludf.DUMMYFUNCTION("""COMPUTED_VALUE"""),0.8124999999999999) -> 0.8125 | N81: =IFERROR(__xludf.DUMMYFUNCTION("""COMPUTED_VALUE"""),"Groupstage - Tiebreaker spot") -> Groupstage - Tiebreaker spot | O81: =IFERROR(__xludf.DUMMYFUNCTION("""COMPUTED_VALUE"""),"Not required") -> Not required
C82: =IFERROR(__xludf.DUMMYFUNCTION("""COMPUTED_VALUE"""),46215.0) -> 46215 | E82: =IFERROR(__xludf.DUMMYFUNCTION("""COMPUTED_VALUE"""),"SS3") -> SS3 | F82: =IFERROR(__xludf.DUMMYFUNCTION("""COMPUTED_VALUE"""),"Stream B") -> Stream B | G82: =IFERROR(__xludf.DUMMYFUNCTION("""COMPUTED_VALUE"""),"Bo1/Bo3") -> Bo1/Bo3 | H82: =IFERROR(__xludf.DUMMYFUNCTION("""COMPUTED_VALUE"""),0.8124999999999999) -> 0.8125 | N82: =IFERROR(__xludf.DUMMYFUNCTION("""COMPUTED_VALUE"""),"Groupstage - Tiebreaker spot") -> Groupstage - Tiebreaker spot | O82: =IFERROR(__xludf.DUMMYFUNCTION("""COMPUTED_VALUE"""),"Not required") -> Not required
C83: =IFERROR(__xludf.DUMMYFUNCTION("""COMPUTED_VALUE"""),46215.0) -> 46215 | E83: =IFERROR(__xludf.DUMMYFUNCTION("""COMPUTED_VALUE"""),"SS2") -> SS2 | F83: =IFERROR(__xludf.DUMMYFUNCTION("""COMPUTED_VALUE"""),"Stream C") -> Stream C | G83: =IFERROR(__xludf.DUMMYFUNCTION("""COMPUTED_VALUE"""),"Bo1/Bo3") -> Bo1/Bo3 | H83: =IFERROR(__xludf.DUMMYFUNCTION("""COMPUTED_VALUE"""),0.8124999999999999) -> 0.8125 | N83: =IFERROR(__xludf.DUMMYFUNCTION("""COMPUTED_VALUE"""),"Groupstage - Tiebreaker spot") -> Groupstage - Tiebreaker spot | O83: =IFERROR(__xludf.DUMMYFUNCTION("""COMPUTED_VALUE"""),"Not required") -> Not required
C84: =IFERROR(__xludf.DUMMYFUNCTION("""COMPUTED_VALUE"""),46215.0) -> 46215 | H84: =IFERROR(__xludf.DUMMYFUNCTION("""COMPUTED_VALUE"""),0.9374999999999999) -> 0.9375
B85: =IFERROR(__xludf.DUMMYFUNCTION("""COMPUTED_VALUE"""),7.0) -> 7 | C85: =IFERROR(__xludf.DUMMYFUNCTION("""COMPUTED_VALUE"""),46217.0) -> 46217 | D85: =IFERROR(__xludf.DUMMYFUNCTION("""COMPUTED_VALUE"""),46217.0) -> 46217 | E85: =IFERROR(__xludf.DUMMYFUNCTION("""COMPUTED_VALUE"""),"MS3") -> MS3 | F85: =IFERROR(__xludf.DUMMYFUNCTION("""COMPUTED_VALUE"""),"Stream A") -> Stream A | G85: =IFERROR(__xludf.DUMMYFUNCTION("""COMPUTED_VALUE"""),"Bo3") -> Bo3 | H85: =IFERROR(__xludf.DUMMYFUNCTION("""COMPUTED_VALUE"""),0.5416666666666666) -> 0.54166667 | N85: =IFERROR(__xludf.DUMMYFUNCTION("""COMPUTED_VALUE"""),"Survival - Round 1 - 4v3 #1") -> Survival - Round 1 - 4v3 #1 | O85: =IFERROR(__xludf.DUMMYFUNCTION("""COMPUTED_VALUE"""),"Team Liquid vs. Xtreme Gaming") -> Team Liquid vs. Xtreme Gaming
C86: =IFERROR(__xludf.DUMMYFUNCTION("""COMPUTED_VALUE"""),46217.0) -> 46217 | E86: =IFERROR(__xludf.DUMMYFUNCTION("""COMPUTED_VALUE"""),"SS3") -> SS3 | F86: =IFERROR(__xludf.DUMMYFUNCTION("""COMPUTED_VALUE"""),"Stream B") -> Stream B | G86: =IFERROR(__xludf.DUMMYFUNCTION("""COMPUTED_VALUE"""),"Bo3") -> Bo3 | H86: =IFERROR(__xludf.DUMMYFUNCTION("""COMPUTED_VALUE"""),0.5416666666666666) -> 0.54166667 | N86: =IFERROR(__xludf.DUMMYFUNCTION("""COMPUTED_VALUE"""),"Survival - Round 1 - 4v3 #2") -> Survival - Round 1 - 4v3 #2 | O86: =IFERROR(__xludf.DUMMYFUNCTION("""COMPUTED_VALUE"""),"Rune Eaters vs. Virtus.pro") -> Rune Eaters vs. Virtus.pro
C87: =IFERROR(__xludf.DUMMYFUNCTION("""COMPUTED_VALUE"""),46217.0) -> 46217 | E87: =IFERROR(__xludf.DUMMYFUNCTION("""COMPUTED_VALUE"""),"MS3") -> MS3 | F87: =IFERROR(__xludf.DUMMYFUNCTION("""COMPUTED_VALUE"""),"Stream A") -> Stream A | G87: =IFERROR(__xludf.DUMMYFUNCTION("""COMPUTED_VALUE"""),"Bo3") -> Bo3 | H87: =IFERROR(__xludf.DUMMYFUNCTION("""COMPUTED_VALUE"""),0.6875) -> 0.6875 | N87: =IFERROR(__xludf.DUMMYFUNCTION("""COMPUTED_VALUE"""),"Survival - Round 1 - 4v3 #3") -> Survival - Round 1 - 4v3 #3 | O87: =IFERROR(__xludf.DUMMYFUNCTION("""COMPUTED_VALUE"""),"LGD Gaming vs. MOUZ") -> LGD Gaming vs. MOUZ
C88: =IFERROR(__xludf.DUMMYFUNCTION("""COMPUTED_VALUE"""),46217.0) -> 46217 | E88: =IFERROR(__xludf.DUMMYFUNCTION("""COMPUTED_VALUE"""),"SS3") -> SS3 | F88: =IFERROR(__xludf.DUMMYFUNCTION("""COMPUTED_VALUE"""),"Stream B") -> Stream B | G88: =IFERROR(__xludf.DUMMYFUNCTION("""COMPUTED_VALUE"""),"Bo3") -> Bo3 | H88: =IFERROR(__xludf.DUMMYFUNCTION("""COMPUTED_VALUE"""),0.6875) -> 0.6875 | N88: =IFERROR(__xludf.DUMMYFUNCTION("""COMPUTED_VALUE"""),"Survival - Round 1 - 4v3 #4") -> Survival - Round 1 - 4v3 #4 | O88: =IFERROR(__xludf.DUMMYFUNCTION("""COMPUTED_VALUE"""),"Vici Gaming vs. PTime") -> Vici Gaming vs. PTime | P88: =IFERROR(__xludf.DUMMYFUNCTION("""COMPUTED_VALUE"""),"VG DEFAULT WIN") -> VG DEFAULT WIN
C89: =IFERROR(__xludf.DUMMYFUNCTION("""COMPUTED_VALUE"""),46217.0) -> 46217 | H89: =IFERROR(__xludf.DUMMYFUNCTION("""COMPUTED_VALUE"""),0.8125) -> 0.8125
B90: =IFERROR(__xludf.DUMMYFUNCTION("""COMPUTED_VALUE"""),8.0) -> 8 | C90: =IFERROR(__xludf.DUMMYFUNCTION("""COMPUTED_VALUE"""),46218.0) -> 46218 | D90: =IFERROR(__xludf.DUMMYFUNCTION("""COMPUTED_VALUE"""),46218.0) -> 46218 | E90: =IFERROR(__xludf.DUMMYFUNCTION("""COMPUTED_VALUE"""),"MS3") -> MS3 | G90: =IFERROR(__xludf.DUMMYFUNCTION("""COMPUTED_VALUE"""),"Bo3") -> Bo3 | H90: =IFERROR(__xludf.DUMMYFUNCTION("""COMPUTED_VALUE"""),0.5416666666666666) -> 0.54166667 | N90: =IFERROR(__xludf.DUMMYFUNCTION("""COMPUTED_VALUE"""),"Survival - Round 1 - 4v3 #4") -> Survival - Round 1 - 4v3 #4 | O90: =IFERROR(__xludf.DUMMYFUNCTION("""COMPUTED_VALUE"""),"Vici Gaming vs. PTime") -> Vici Gaming vs. PTime | P90: =IFERROR(__xludf.DUMMYFUNCTION("""COMPUTED_VALUE"""),"VG DEFAULT WIN") -> VG DEFAULT WIN
C91: =IFERROR(__xludf.DUMMYFUNCTION("""COMPUTED_VALUE"""),46218.0) -> 46218 | E91: =IFERROR(__xludf.DUMMYFUNCTION("""COMPUTED_VALUE"""),"MS3") -> MS3 | F91: =IFERROR(__xludf.DUMMYFUNCTION("""COMPUTED_VALUE"""),"Stream A") -> Stream A | G91: =IFERROR(__xludf.DUMMYFUNCTION("""COMPUTED_VALUE"""),"Bo3") -> Bo3 | H91: =IFERROR(__xludf.DUMMYFUNCTION("""COMPUTED_VALUE"""),0.5451388888888888) -> 0.54513889 | N91: =IFERROR(__xludf.DUMMYFUNCTION("""COMPUTED_VALUE"""),"Survival - Round 2 - v2 #1") -> Survival - Round 2 - v2 #1 | O91: =IFERROR(__xludf.DUMMYFUNCTION("""COMPUTED_VALUE"""),"Team Spirit vs. Team Liquid") -> Team Spirit vs. Team Liquid
C92: =IFERROR(__xludf.DUMMYFUNCTION("""COMPUTED_VALUE"""),46218.0) -> 46218 | E92: =IFERROR(__xludf.DUMMYFUNCTION("""COMPUTED_VALUE"""),"SS3") -> SS3 | F92: =IFERROR(__xludf.DUMMYFUNCTION("""COMPUTED_VALUE"""),"Stream B") -> Stream B | G92: =IFERROR(__xludf.DUMMYFUNCTION("""COMPUTED_VALUE"""),"Bo3") -> Bo3 | H92: =IFERROR(__xludf.DUMMYFUNCTION("""COMPUTED_VALUE"""),0.5416666666666666) -> 0.54166667 | N92: =IFERROR(__xludf.DUMMYFUNCTION("""COMPUTED_VALUE"""),"Survival - Round 2 - v2 #2") -> Survival - Round 2 - v2 #2 | O92: =IFERROR(__xludf.DUMMYFUNCTION("""COMPUTED_VALUE"""),"Aurora Gaming vs. Rune Eaters") -> Aurora Gaming vs. Rune Eaters
C93: =IFERROR(__xludf.DUMMYFUNCTION("""COMPUTED_VALUE"""),46218.0) -> 46218 | E93: =IFERROR(__xludf.DUMMYFUNCTION("""COMPUTED_VALUE"""),"MS3") -> MS3 | F93: =IFERROR(__xludf.DUMMYFUNCTION("""COMPUTED_VALUE"""),"Stream A") -> Stream A | G93: =IFERROR(__xludf.DUMMYFUNCTION("""COMPUTED_VALUE"""),"Bo3") -> Bo3 | H93: =IFERROR(__xludf.DUMMYFUNCTION("""COMPUTED_VALUE"""),0.7395833333333333) -> 0.73958333 | N93: =IFERROR(__xludf.DUMMYFUNCTION("""COMPUTED_VALUE"""),"Survival - Round 2 - v2 #3") -> Survival - Round 2 - v2 #3 | O93: =IFERROR(__xludf.DUMMYFUNCTION("""COMPUTED_VALUE"""),"BB Team vs. LGD Gaming") -> BB Team vs. LGD Gaming
C94: =IFERROR(__xludf.DUMMYFUNCTION("""COMPUTED_VALUE"""),46218.0) -> 46218 | E94: =IFERROR(__xludf.DUMMYFUNCTION("""COMPUTED_VALUE"""),"SS3") -> SS3 | F94: =IFERROR(__xludf.DUMMYFUNCTION("""COMPUTED_VALUE"""),"Stream B") -> Stream B | G94: =IFERROR(__xludf.DUMMYFUNCTION("""COMPUTED_VALUE"""),"Bo3") -> Bo3 | H94: =IFERROR(__xludf.DUMMYFUNCTION("""COMPUTED_VALUE"""),0.6701388888888888) -> 0.67013889 | N94: =IFERROR(__xludf.DUMMYFUNCTION("""COMPUTED_VALUE"""),"Survival - Round 2 - v2 #4") -> Survival - Round 2 - v2 #4 | O94: =IFERROR(__xludf.DUMMYFUNCTION("""COMPUTED_VALUE"""),"1W vs. Vici Gaming") -> 1W vs. Vici Gaming
C95: =IFERROR(__xludf.DUMMYFUNCTION("""COMPUTED_VALUE"""),46218.0) -> 46218 | H95: =IFERROR(__xludf.DUMMYFUNCTION("""COMPUTED_VALUE"""),0.8645833333333333) -> 0.86458333
B96: =IFERROR(__xludf.DUMMYFUNCTION("""COMPUTED_VALUE"""),9.0) -> 9 | C96: =IFERROR(__xludf.DUMMYFUNCTION("""COMPUTED_VALUE"""),46219.0) -> 46219 | D96: =IFERROR(__xludf.DUMMYFUNCTION("""COMPUTED_VALUE"""),46219.0) -> 46219 | E96: =IFERROR(__xludf.DUMMYFUNCTION("""COMPUTED_VALUE"""),"MS3") -> MS3 | F96: =IFERROR(__xludf.DUMMYFUNCTION("""COMPUTED_VALUE"""),"Stream A") -> Stream A | G96: =IFERROR(__xludf.DUMMYFUNCTION("""COMPUTED_VALUE"""),"Bo3") -> Bo3 | H96: =IFERROR(__xludf.DUMMYFUNCTION("""COMPUTED_VALUE"""),0.5451388888888888) -> 0.54513889 | N96: =IFERROR(__xludf.DUMMYFUNCTION("""COMPUTED_VALUE"""),"Playoffs - Quarterfinal #1") -> Playoffs - Quarterfinal #1 | O96: =IFERROR(__xludf.DUMMYFUNCTION("""COMPUTED_VALUE"""),"Team Yandex vs. Team Spirit") -> Team Yandex vs. Team Spirit
C97: =IFERROR(__xludf.DUMMYFUNCTION("""COMPUTED_VALUE"""),46219.0) -> 46219 | E97: =IFERROR(__xludf.DUMMYFUNCTION("""COMPUTED_VALUE"""),"MS3") -> MS3 | F97: =IFERROR(__xludf.DUMMYFUNCTION("""COMPUTED_VALUE"""),"Stream A") -> Stream A | G97: =IFERROR(__xludf.DUMMYFUNCTION("""COMPUTED_VALUE"""),"Bo3") -> Bo3 | H97: =IFERROR(__xludf.DUMMYFUNCTION("""COMPUTED_VALUE"""),0.6805555555555555) -> 0.68055556 | N97: =IFERROR(__xludf.DUMMYFUNCTION("""COMPUTED_VALUE"""),"Playoffs - Quarterfinal #2") -> Playoffs - Quarterfinal #2 | O97: =IFERROR(__xludf.DUMMYFUNCTION("""COMPUTED_VALUE"""),"PVISION vs. Rune Eaters") -> PVISION vs. Rune Eaters
C98: =IFERROR(__xludf.DUMMYFUNCTION("""COMPUTED_VALUE"""),46219.0) -> 46219 | H98: =IFERROR(__xludf.DUMMYFUNCTION("""COMPUTED_VALUE"""),0.8055555555555555) -> 0.80555556
B99: =IFERROR(__xludf.DUMMYFUNCTION("""COMPUTED_VALUE"""),10.0) -> 10 | C99: =IFERROR(__xludf.DUMMYFUNCTION("""COMPUTED_VALUE"""),46220.0) -> 46220 | D99: =IFERROR(__xludf.DUMMYFUNCTION("""COMPUTED_VALUE"""),46220.0) -> 46220 | E99: =IFERROR(__xludf.DUMMYFUNCTION("""COMPUTED_VALUE"""),"MS3") -> MS3 | F99: =IFERROR(__xludf.DUMMYFUNCTION("""COMPUTED_VALUE"""),"Stream A") -> Stream A | G99: =IFERROR(__xludf.DUMMYFUNCTION("""COMPUTED_VALUE"""),"Bo3") -> Bo3 | H99: =IFERROR(__xludf.DUMMYFUNCTION("""COMPUTED_VALUE"""),0.5451388888888888) -> 0.54513889 | N99: =IFERROR(__xludf.DUMMYFUNCTION("""COMPUTED_VALUE"""),"Playoffs - Quarterfinal #3") -> Playoffs - Quarterfinal #3 | O99: =IFERROR(__xludf.DUMMYFUNCTION("""COMPUTED_VALUE"""),"Team Falcons vs. Vici Gaming ") -> Team Falcons vs. Vici Gaming
C100: =IFERROR(__xludf.DUMMYFUNCTION("""COMPUTED_VALUE"""),46220.0) -> 46220 | E100: =IFERROR(__xludf.DUMMYFUNCTION("""COMPUTED_VALUE"""),"MS3") -> MS3 | F100: =IFERROR(__xludf.DUMMYFUNCTION("""COMPUTED_VALUE"""),"Stream A") -> Stream A | G100: =IFERROR(__xludf.DUMMYFUNCTION("""COMPUTED_VALUE"""),"Bo3") -> Bo3 | H100: =IFERROR(__xludf.DUMMYFUNCTION("""COMPUTED_VALUE"""),0.6770833333333333) -> 0.67708333 | N100: =IFERROR(__xludf.DUMMYFUNCTION("""COMPUTED_VALUE"""),"Playoffs - Quarterfinal #4") -> Playoffs - Quarterfinal #4 | O100: =IFERROR(__xludf.DUMMYFUNCTION("""COMPUTED_VALUE"""),"Nigma Galaxy vs. BB Team") -> Nigma Galaxy vs. BB Team
C101: =IFERROR(__xludf.DUMMYFUNCTION("""COMPUTED_VALUE"""),46220.0) -> 46220 | H101: =IFERROR(__xludf.DUMMYFUNCTION("""COMPUTED_VALUE"""),0.8020833333333333) -> 0.80208333 | O101: =IFERROR(__xludf.DUMMYFUNCTION("""COMPUTED_VALUE""")," ")
...

Sheet Schedule - Bronze Bracket
N1: Phase 1 | O1: Phase 2 | P1: Playoffs
B4: Tournament Day # | D4: Date | E4: Week | F4: Stream | G4: Best of X | H4: Start Time | N4: Round | O4: Match | P4: Comment
H5: - PUBLIC- - AST - | I5: - PUBLIC- - CEST - | J5: - PUBLIC- - EDT - | K5: - PUBLIC- - BRT - | L5: - PUBLIC- - CST - | M5: - PUBLIC- - AEST-
I6: -1 | J6: -7 | K6: -6 | L6: +5 | M6: +7
B7: 1 | C7: {=iferror( vlookup( row(D7:D110), if( len(D7:D110), { row(D7:D110), D7:D110 } ), 2, true ) ,"")} -> #REF! | E7: {=IF( F7="End", "", IFERROR( INDEX(stage!$C$2:$D$100, MATCH(C7, stage!$B$2:$B$100, 0), IF(OR(F7="Stream A", F7="A End"), 1, 2) ), "" ) )} | F7: Stream A | G7: Bo2 | H7: 0.5 | N7: Group A - Round Robin R1 #1
E8: {=IF( F8="End", "", IFERROR( INDEX(stage!$C$2:$D$100, MATCH(C8, stage!$B$2:$B$100, 0), IF(OR(F8="Stream A", F8="A End"), 1, 2) ), "" ) )} | F8: Stream B | G8: Bo2 | H8: =H7 -> 0.5 | N8: Group A - Round Robin R1 #2
E9: {=IF( F9="End", "", IFERROR( INDEX(stage!$C$2:$D$100, MATCH(C9, stage!$B$2:$B$100, 0), IF(OR(F9="Stream A", F9="A End"), 1, 2) ), "" ) )} | F9: Stream C | G9: Bo2 | H9: =H7 -> 0.5 | N9: Group A - Round Robin R1 #3
E10: {=IF( F10="End", "", IFERROR( INDEX(stage!$C$2:$D$100, MATCH(C10, stage!$B$2:$B$100, 0), IF(OR(F10="Stream A", F10="A End"), 1, 2) ), "" ) )} | F10: Stream A | G10: Bo2 | H10: =H7+"02:30:00" -> 0.60416667 | N10: Group B - Round Robin R1 #1
E11: {=IF( F11="End", "", IFERROR( INDEX(stage!$C$2:$D$100, MATCH(C11, stage!$B$2:$B$100, 0), IF(OR(F11="Stream A", F11="A End"), 1, 2) ), "" ) )} | F11: Stream B | G11: Bo2 | H11: =H10 -> 0.60416667 | N11: Group B - Round Robin R1 #2
E12: {=IF( F12="End", "", IFERROR( INDEX(stage!$C$2:$D$100, MATCH(C12, stage!$B$2:$B$100, 0), IF(OR(F12="Stream A", F12="A End"), 1, 2) ), "" ) )} | F12: Stream C | G12: Bo2 | H12: =H11 -> 0.60416667 | N12: Group B - Round Robin R1 #3
E13: {=IF( F13="End", "", IFERROR( INDEX(stage!$C$2:$D$100, MATCH(C13, stage!$B$2:$B$100, 0), IF(OR(F13="Stream A", F13="A End"), 1, 2) ), "" ) )} | F13: Stream A | G13: Bo2 | H13: =H10+"02:30:00" -> 0.70833333 | N13: Group C - Round Robin R1 #1
E14: {=IF( F14="End", "", IFERROR( INDEX(stage!$C$2:$D$100, MATCH(C14, stage!$B$2:$B$100, 0), IF(OR(F14="Stream A", F14="A End"), 1, 2) ), "" ) )} | F14: Stream B | G14: Bo2 | H14: =H13 -> 0.70833333 | N14: Group C - Round Robin R1 #2
E15: {=IF( F15="End", "", IFERROR( INDEX(stage!$C$2:$D$100, MATCH(C15, stage!$B$2:$B$100, 0), IF(OR(F15="Stream A", F15="A End"), 1, 2) ), "" ) )} | F15: Stream C | G15: Bo2 | H15: =H14 -> 0.70833333 | N15: Group C - Round Robin R1 #3
E16: {=IF( F16="End", "", IFERROR( INDEX(stage!$C$2:$D$100, MATCH(C16, stage!$B$2:$B$100, 0), IF(OR(F16="Stream A", F16="A End"), 1, 2) ), "" ) )} | F16: Stream A | G16: Bo2 | H16: =H13+"02:30:00" -> 0.8125 | N16: Group D - Round Robin R1 #1
E17: {=IF( F17="End", "", IFERROR( INDEX(stage!$C$2:$D$100, MATCH(C17, stage!$B$2:$B$100, 0), IF(OR(F17="Stream A", F17="A End"), 1, 2) ), "" ) )} | F17: Stream B | G17: Bo2 | H17: =H16 -> 0.8125 | N17: Group D - Round Robin R1 #2
E18: {=IF( F18="End", "", IFERROR( INDEX(stage!$C$2:$D$100, MATCH(C18, stage!$B$2:$B$100, 0), IF(OR(F18="Stream A", F18="A End"), 1, 2) ), "" ) )} | F18: Stream C | G18: Bo2 | H18: =H17 -> 0.8125 | N18: Group D - Round Robin R1 #3
E19: {=IF( F19="End", "", IFERROR( INDEX(stage!$C$2:$D$100, MATCH(C19, stage!$B$2:$B$100, 0), IF(OR(F19="Stream A", F19="A End"), 1, 2) ), "" ) )} | H19: =H16+"02:00:00" -> 0.89583333
B20: 2 | E20: {=IF( F20="End", "", IFERROR( INDEX(stage!$C$2:$D$100, MATCH(C20, stage!$B$2:$B$100, 0), IF(OR(F20="Stream A", F20="A End"), 1, 2) ), "" ) )} | F20: Stream A | G20: Bo2 | H20: 0.5 | N20: Group A - Round Robin R2 #1
E21: {=IF( F21="End", "", IFERROR( INDEX(stage!$C$2:$D$100, MATCH(C21, stage!$B$2:$B$100, 0), IF(OR(F21="Stream A", F21="A End"), 1, 2) ), "" ) )} | F21: Stream B | G21: Bo2 | H21: =H20 -> 0.5 | N21: Group A - Round Robin R2 #2
E22: {=IF( F22="End", "", IFERROR( INDEX(stage!$C$2:$D$100, MATCH(C22, stage!$B$2:$B$100, 0), IF(OR(F22="Stream A", F22="A End"), 1, 2) ), "" ) )} | F22: Stream C | G22: Bo2 | H22: =H20 -> 0.5 | N22: Group A - Round Robin R2 #3
E23: {=IF( F23="End", "", IFERROR( INDEX(stage!$C$2:$D$100, MATCH(C23, stage!$B$2:$B$100, 0), IF(OR(F23="Stream A", F23="A End"), 1, 2) ), "" ) )} | F23: Stream A | G23: Bo2 | H23: =H20+"02:30:00" -> 0.60416667 | N23: Group B - Round Robin R2 #1
E24: {=IF( F24="End", "", IFERROR( INDEX(stage!$C$2:$D$100, MATCH(C24, stage!$B$2:$B$100, 0), IF(OR(F24="Stream A", F24="A End"), 1, 2) ), "" ) )} | F24: Stream B | G24: Bo2 | H24: =H23 -> 0.60416667 | N24: Group B - Round Robin R2 #2
E25: {=IF( F25="End", "", IFERROR( INDEX(stage!$C$2:$D$100, MATCH(C25, stage!$B$2:$B$100, 0), IF(OR(F25="Stream A", F25="A End"), 1, 2) ), "" ) )} | F25: Stream C | G25: Bo2 | H25: =H24 -> 0.60416667 | N25: Group B - Round Robin R2 #3
E26: {=IF( F26="End", "", IFERROR( INDEX(stage!$C$2:$D$100, MATCH(C26, stage!$B$2:$B$100, 0), IF(OR(F26="Stream A", F26="A End"), 1, 2) ), "" ) )} | F26: Stream A | G26: Bo2 | H26: =H23+"02:30:00" -> 0.70833333 | N26: Group C - Round Robin R2 #1
E27: {=IF( F27="End", "", IFERROR( INDEX(stage!$C$2:$D$100, MATCH(C27, stage!$B$2:$B$100, 0), IF(OR(F27="Stream A", F27="A End"), 1, 2) ), "" ) )} | F27: Stream B | G27: Bo2 | H27: =H26 -> 0.70833333 | N27: Group C - Round Robin R2 #2
E28: {=IF( F28="End", "", IFERROR( INDEX(stage!$C$2:$D$100, MATCH(C28, stage!$B$2:$B$100, 0), IF(OR(F28="Stream A", F28="A End"), 1, 2) ), "" ) )} | F28: Stream C | G28: Bo2 | H28: =H27 -> 0.70833333 | N28: Group C - Round Robin R2 #3
E29: {=IF( F29="End", "", IFERROR( INDEX(stage!$C$2:$D$100, MATCH(C29, stage!$B$2:$B$100, 0), IF(OR(F29="Stream A", F29="A End"), 1, 2) ), "" ) )} | F29: Stream A | G29: Bo2 | H29: =H26+"02:30:00" -> 0.8125 | N29: Group D - Round Robin R2 #1
E30: {=IF( F30="End", "", IFERROR( INDEX(stage!$C$2:$D$100, MATCH(C30, stage!$B$2:$B$100, 0), IF(OR(F30="Stream A", F30="A End"), 1, 2) ), "" ) )} | F30: Stream B | G30: Bo2 | H30: =H29 -> 0.8125 | N30: Group D - Round Robin R2 #2
E31: {=IF( F31="End", "", IFERROR( INDEX(stage!$C$2:$D$100, MATCH(C31, stage!$B$2:$B$100, 0), IF(OR(F31="Stream A", F31="A End"), 1, 2) ), "" ) )} | F31: Stream C | G31: Bo2 | H31: =H30 -> 0.8125 | N31: Group D - Round Robin R2 #3
E32: {=IF( F32="End", "", IFERROR( INDEX(stage!$C$2:$D$100, MATCH(C32, stage!$B$2:$B$100, 0), IF(OR(F32="Stream A", F32="A End"), 1, 2) ), "" ) )} | H32: =H29+"02:00:00" -> 0.89583333
B33: 3 | E33: {=IF( F33="End", "", IFERROR( INDEX(stage!$C$2:$D$100, MATCH(C33, stage!$B$2:$B$100, 0), IF(OR(F33="Stream A", F33="A End"), 1, 2) ), "" ) )} | F33: Stream A | G33: Bo2 | H33: 0.5 | N33: Group A - Round Robin R3 #1
E34: {=IF( F34="End", "", IFERROR( INDEX(stage!$C$2:$D$100, MATCH(C34, stage!$B$2:$B$100, 0), IF(OR(F34="Stream A", F34="A End"), 1, 2) ), "" ) )} | F34: Stream B | G34: Bo2 | H34: =H33 -> 0.5 | N34: Group A - Round Robin R3 #2
E35: {=IF( F35="End", "", IFERROR( INDEX(stage!$C$2:$D$100, MATCH(C35, stage!$B$2:$B$100, 0), IF(OR(F35="Stream A", F35="A End"), 1, 2) ), "" ) )} | F35: Stream C | G35: Bo2 | H35: =H33 -> 0.5 | N35: Group A - Round Robin R3 #3
E36: {=IF( F36="End", "", IFERROR( INDEX(stage!$C$2:$D$100, MATCH(C36, stage!$B$2:$B$100, 0), IF(OR(F36="Stream A", F36="A End"), 1, 2) ), "" ) )} | F36: Stream A | G36: Bo2 | H36: =H33+"02:30:00" -> 0.60416667 | N36: Group B - Round Robin R3 #1
E37: {=IF( F37="End", "", IFERROR( INDEX(stage!$C$2:$D$100, MATCH(C37, stage!$B$2:$B$100, 0), IF(OR(F37="Stream A", F37="A End"), 1, 2) ), "" ) )} | F37: Stream B | G37: Bo2 | H37: =H36 -> 0.60416667 | N37: Group B - Round Robin R3 #2
E38: {=IF( F38="End", "", IFERROR( INDEX(stage!$C$2:$D$100, MATCH(C38, stage!$B$2:$B$100, 0), IF(OR(F38="Stream A", F38="A End"), 1, 2) ), "" ) )} | F38: Stream C | G38: Bo2 | H38: =H37 -> 0.60416667 | N38: Group B - Round Robin R3 #3
E39: {=IF( F39="End", "", IFERROR( INDEX(stage!$C$2:$D$100, MATCH(C39, stage!$B$2:$B$100, 0), IF(OR(F39="Stream A", F39="A End"), 1, 2) ), "" ) )} | F39: Stream A | G39: Bo2 | H39: =H36+"02:30:00" -> 0.70833333 | N39: Group C - Round Robin R3 #1
E40: {=IF( F40="End", "", IFERROR( INDEX(stage!$C$2:$D$100, MATCH(C40, stage!$B$2:$B$100, 0), IF(OR(F40="Stream A", F40="A End"), 1, 2) ), "" ) )} | F40: Stream B | G40: Bo2 | H40: =H39 -> 0.70833333 | N40: Group C - Round Robin R3 #2
E41: {=IF( F41="End", "", IFERROR( INDEX(stage!$C$2:$D$100, MATCH(C41, stage!$B$2:$B$100, 0), IF(OR(F41="Stream A", F41="A End"), 1, 2) ), "" ) )} | F41: Stream C | G41: Bo2 | H41: =H40 -> 0.70833333 | N41: Group C - Round Robin R3 #3
E42: {=IF( F42="End", "", IFERROR( INDEX(stage!$C$2:$D$100, MATCH(C42, stage!$B$2:$B$100, 0), IF(OR(F42="Stream A", F42="A End"), 1, 2) ), "" ) )} | F42: Stream A | G42: Bo2 | H42: =H39+"02:30:00" -> 0.8125 | N42: Group D - Round Robin R3 #1
E43: {=IF( F43="End", "", IFERROR( INDEX(stage!$C$2:$D$100, MATCH(C43, stage!$B$2:$B$100, 0), IF(OR(F43="Stream A", F43="A End"), 1, 2) ), "" ) )} | F43: Stream B | G43: Bo2 | H43: =H42 -> 0.8125 | N43: Group D - Round Robin R3 #2
E44: {=IF( F44="End", "", IFERROR( INDEX(stage!$C$2:$D$100, MATCH(C44, stage!$B$2:$B$100, 0), IF(OR(F44="Stream A", F44="A End"), 1, 2) ), "" ) )} | F44: Stream C | G44: Bo2 | H44: =H43 -> 0.8125 | N44: Group D - Round Robin R3 #3
E45: {=IF( F45="End", "", IFERROR( INDEX(stage!$C$2:$D$100, MATCH(C45, stage!$B$2:$B$100, 0), IF(OR(F45="Stream A", F45="A End"), 1, 2) ), "" ) )} | H45: =H42+"02:00:00" -> 0.89583333
B46: 4 | F46: Stream A | G46: Bo2 | H46: 0.5 | N46: Group A - Round Robin R4 #1
F47: Stream B | G47: Bo2 | H47: =H46 -> 0.5 | N47: Group A - Round Robin R4 #2
F48: Stream C | G48: Bo2 | H48: =H46 -> 0.5 | N48: Group A - Round Robin R4 #3
F49: Stream A | G49: Bo2 | H49: =H46+"02:30:00" -> 0.60416667 | N49: Group B - Round Robin R4 #1
F50: Stream B | G50: Bo2 | H50: =H49 -> 0.60416667 | N50: Group B - Round Robin R4 #2
F51: Stream C | G51: Bo2 | H51: =H50 -> 0.60416667 | N51: Group B - Round Robin R4 #3
F52: Stream A | G52: Bo2 | H52: =H49+"02:30:00" -> 0.70833333 | N52: Group C - Round Robin R4 #1
F53: Stream B | G53: Bo2 | H53: =H52 -> 0.70833333 | N53: Group C - Round Robin R4 #2
F54: Stream C | G54: Bo2 | H54: =H53 -> 0.70833333 | N54: Group C - Round Robin R4 #3
F55: Stream A | G55: Bo2 | H55: =H52+"02:30:00" -> 0.8125 | N55: Group D - Round Robin R4 #1
F56: Stream B | G56: Bo2 | H56: =H55 -> 0.8125 | N56: Group D - Round Robin R4 #2
F57: Stream C | G57: Bo2 | H57: =H56 -> 0.8125 | N57: Group D - Round Robin R4 #3
H58: =H55+"02:00:00" -> 0.89583333
B59: 5 | F59: Stream A | G59: Bo2 | H59: 0.5 | N59: Group A - Round Robin R5 #1
F60: Stream B | G60: Bo2 | H60: =H59 -> 0.5 | N60: Group A - Round Robin R5 #2
F61: Stream C | G61: Bo2 | H61: =H59 -> 0.5 | N61: Group A - Round Robin R5 #3
F62: Stream A | G62: Bo2 | H62: =H59+"02:30:00" -> 0.60416667 | N62: Group B - Round Robin R5 #1
F63: Stream B | G63: Bo2 | H63: =H62 -> 0.60416667 | N63: Group B - Round Robin R5 #2
F64: Stream C | G64: Bo2 | H64: =H63 -> 0.60416667 | N64: Group B - Round Robin R5 #3
F65: Stream A | G65: Bo1/Bo3 | H65: =H62+"02:30:00" -> 0.70833333 | N65: Tiebreaker spot
F66: Stream B | G66: Bo1/Bo3 | H66: =H65 -> 0.70833333 | N66: Tiebreaker spot
F67: Stream C | G67: Bo1/Bo3 | H67: =H66 -> 0.70833333 | N67: Tiebreaker spot
F68: Stream A | G68: Bo1/Bo3 | H68: =H65+"03:00:00" -> 0.83333333 | N68: Tiebreaker spot
F69: Stream B | G69: Bo1/Bo3 | H69: =H68 -> 0.83333333 | N69: Tiebreaker spot
F70: Stream C | G70: Bo1/Bo3 | H70: =H69 -> 0.83333333 | N70: Tiebreaker spot
H71: =H68+"03:00:00" -> 0.95833333
B72: 6 | F72: Stream A | G72: Bo2 | H72: 0.5 | N72: Group C - Round Robin R5 #1
F73: Stream B | G73: Bo2 | H73: =H72 -> 0.5 | N73: Group C - Round Robin R5 #2
F74: Stream C | G74: Bo2 | H74: =H73 -> 0.5 | N74: Group C - Round Robin R5 #3
F75: Stream A | G75: Bo2 | H75: =H72+"02:30:00" -> 0.60416667 | N75: Group D - Round Robin R5 #1
F76: Stream B | G76: Bo2 | H76: =H75 -> 0.60416667 | N76: Group D - Round Robin R5 #2
F77: Stream C | G77: Bo2 | H77: =H76 -> 0.60416667 | N77: Group D - Round Robin R5 #3
F78: Stream A | G78: Bo1/Bo3 | H78: =H75+"02:30:00" -> 0.70833333 | N78: Tiebreaker spot
F79: Stream B | G79: Bo1/Bo3 | H79: =H78 -> 0.70833333 | N79: Tiebreaker spot
F80: Stream C | G80: Bo1/Bo3 | H80: =H79 -> 0.70833333 | N80: Tiebreaker spot
F81: Stream A | G81: Bo1/Bo3 | H81: =H78+"03:00:00" -> 0.83333333 | N81: Tiebreaker spot
F82: Stream B | G82: Bo1/Bo3 | H82: =H81 -> 0.83333333 | N82: Tiebreaker spot
F83: Stream C | G83: Bo1/Bo3 | H83: =H82 -> 0.83333333 | N83: Tiebreaker spot
H84: =H81+"03:00:00" -> 0.95833333
B85: 7 | F85: Stream A | G85: Bo3 | H85: 0.58333333 | N85: Survival Round 1 - 4v3 #1
F86: Stream B | G86: Bo3 | H86: =H85 -> 0.58333333 | N86: Survival Round 1 - 4v3 #2
F87: Stream A | G87: Bo3 | H87: =H85+"03:30:00" -> 0.72916667 | N87: Survival Round 1 - 4v3 #3
F88: Stream B | G88: Bo3 | H88: =H87 -> 0.72916667 | N88: Survival Round 1 - 4v3 #4
H89: =H87+"03:00:00" -> 0.85416667
B90: 8 | F90: Stream A | G90: Bo3 | H90: 0.58333333 | N90: Survival Round 2 - v2 #1
F91: Stream B | G91: Bo3 | H91: =H90 -> 0.58333333 | N91: Survival Round 2 - v2 #2
F92: Stream A | G92: Bo3 | H92: =H90+"03:30:00" -> 0.72916667 | N92: Survival Round 2 - v2 #3
F93: Stream B | G93: Bo3 | H93: =H92 -> 0.72916667 | N93: Survival Round 2 - v2 #4
H94: =H92+"03:00:00" -> 0.85416667
B95: 9 | F95: Stream A | G95: Bo3 | H95: 0.58333333 | N95: Playoffs - Quarterfinals #1
F96: Stream A | G96: Bo3 | H96: =H95+"03:30:00" -> 0.72916667 | N96: Playoffs - Quarterfinals #2
H97: =H96+"03:00:00" -> 0.85416667
B98: 10 | F98: Stream A | G98: Bo3 | H98: 0.58333333 | N98: Playoffs - Quarterfinals #3
F99: Stream A | G99: Bo3 | H99: =H98+"03:30:00" -> 0.72916667 | N99: Playoffs - Quarterfinals #4
H100: =H99+"03:00:00" -> 0.85416667
B101: 11 | C101: 4 | E101: {=IF( F101="End", "", IFERROR( INDEX(stage!$C$2:$D$100, MATCH(C101, stage!$B$2:$B$100, 0), IF(OR(F101="Stream A", F101="A End"), 1, 2) ), "" ) )} | F101: Stream A | G101: Bo3 | H101: 0.45833333 | I101: =H101-"1:00:00" -> 0.41666667 | J101: =H101-"7:00:00" -> 0.16666667 | K101: =H101-"6:00:00" -> 0.20833333 | L101: =H101+"5:00:00" -> 0.66666667 | M101: =H101+"7:00:00" -> 0.75 | N101: Lower Bracket Round 1 #1
C102: 4 | E102: {=IF( F102="End", "", IFERROR( INDEX(stage!$C$2:$D$100, MATCH(C102, stage!$B$2:$B$100, 0), IF(OR(F102="Stream A", F102="A End"), 1, 2) ), "" ) )} | F102: Stream B | G102: Bo3 | H102: =H101 -> 0.45833333 | I102: =H102-"1:00:00" -> 0.41666667 | J102: =H102-"7:00:00" -> 0.16666667 | K102: =H102-"6:00:00" -> 0.20833333 | L102: =H102+"5:00:00" -> 0.66666667 | M102: =H102+"7:00:00" -> 0.75 | N102: Lower Bracket Round 1 #2
...

Sheet Schedule SE32
N1: Phase 1 | O1: Phase 2 | P1: Playoffs
B4: Tournament Day # | D4: Date | E4: Week | F4: Stream | G4: Best of X | H4: Start Time | N4: Round | O4: Match | P4: Comment
H5: - PUBLIC- - AST - | I5: - PUBLIC- - CEST - | J5: - PUBLIC- - EDT - | K5: - PUBLIC- - BRT - | L5: - PUBLIC- - CST - | M5: - PUBLIC- - AEST-
I6: -1 | J6: -7 | K6: -6 | L6: +5 | M6: +7
B7: 1 | C7: {=iferror( vlookup( row(D7:D126), if( len(D7:D126), { row(D7:D126), D7:D126 } ), 2, true ) ,"")} | E7: {=IF( F7="End", "", IFERROR( INDEX(stage!$C$2:$D$100, MATCH(C7, stage!$B$2:$B$100, 0), IF(OR(F7="Stream A", F7="A End"), 1, 2) ), "" ) )} | F7: Stream A | H7: 0 | N7: Ro32
E8: {=IF( F8="End", "", IFERROR( INDEX(stage!$C$2:$D$100, MATCH(C8, stage!$B$2:$B$100, 0), IF(OR(F8="Stream A", F8="A End"), 1, 2) ), "" ) )} | F8: Stream B | H8: =H7 -> 0 | N8: Ro32
E9: {=IF( F9="End", "", IFERROR( INDEX(stage!$C$2:$D$100, MATCH(C9, stage!$B$2:$B$100, 0), IF(OR(F9="Stream A", F9="A End"), 1, 2) ), "" ) )} | F9: Stream A | H9: =H7+"03:30:00" -> 0.14583333 | N9: Ro32
E10: {=IF( F10="End", "", IFERROR( INDEX(stage!$C$2:$D$100, MATCH(C10, stage!$B$2:$B$100, 0), IF(OR(F10="Stream A", F10="A End"), 1, 2) ), "" ) )} | F10: Stream B | H10: =H9 -> 0.14583333 | N10: Ro32
E11: {=IF( F11="End", "", IFERROR( INDEX(stage!$C$2:$D$100, MATCH(C11, stage!$B$2:$B$100, 0), IF(OR(F11="Stream A", F11="A End"), 1, 2) ), "" ) )} | H11: =H9+"03:00:00" -> 0.27083333
B12: 2 | E12: {=IF( F12="End", "", IFERROR( INDEX(stage!$C$2:$D$100, MATCH(C12, stage!$B$2:$B$100, 0), IF(OR(F12="Stream A", F12="A End"), 1, 2) ), "" ) )} | F12: Stream A | H12: 0 | N12: Ro32
E13: {=IF( F13="End", "", IFERROR( INDEX(stage!$C$2:$D$100, MATCH(C13, stage!$B$2:$B$100, 0), IF(OR(F13="Stream A", F13="A End"), 1, 2) ), "" ) )} | F13: Stream B | H13: =H12 -> 0 | N13: Ro32
E14: {=IF( F14="End", "", IFERROR( INDEX(stage!$C$2:$D$100, MATCH(C14, stage!$B$2:$B$100, 0), IF(OR(F14="Stream A", F14="A End"), 1, 2) ), "" ) )} | F14: Stream A | H14: =H12+"03:30:00" -> 0.14583333 | N14: Ro32
E15: {=IF( F15="End", "", IFERROR( INDEX(stage!$C$2:$D$100, MATCH(C15, stage!$B$2:$B$100, 0), IF(OR(F15="Stream A", F15="A End"), 1, 2) ), "" ) )} | F15: Stream B | H15: =H14 -> 0.14583333 | N15: Ro32
E16: {=IF( F16="End", "", IFERROR( INDEX(stage!$C$2:$D$100, MATCH(C16, stage!$B$2:$B$100, 0), IF(OR(F16="Stream A", F16="A End"), 1, 2) ), "" ) )} | H16: =H14+"03:00:00" -> 0.27083333
B17: 3 | E17: {=IF( F17="End", "", IFERROR( INDEX(stage!$C$2:$D$100, MATCH(C17, stage!$B$2:$B$100, 0), IF(OR(F17="Stream A", F17="A End"), 1, 2) ), "" ) )} | F17: Stream A | H17: 0 | N17: Ro32
E18: {=IF( F18="End", "", IFERROR( INDEX(stage!$C$2:$D$100, MATCH(C18, stage!$B$2:$B$100, 0), IF(OR(F18="Stream A", F18="A End"), 1, 2) ), "" ) )} | F18: Stream B | H18: =H17 -> 0 | N18: Ro32
E19: {=IF( F19="End", "", IFERROR( INDEX(stage!$C$2:$D$100, MATCH(C19, stage!$B$2:$B$100, 0), IF(OR(F19="Stream A", F19="A End"), 1, 2) ), "" ) )} | F19: Stream A | H19: =H17+"03:30:00" -> 0.14583333 | N19: Ro32
E20: {=IF( F20="End", "", IFERROR( INDEX(stage!$C$2:$D$100, MATCH(C20, stage!$B$2:$B$100, 0), IF(OR(F20="Stream A", F20="A End"), 1, 2) ), "" ) )} | F20: Stream B | H20: =H19 -> 0.14583333 | N20: Ro32
E21: {=IF( F21="End", "", IFERROR( INDEX(stage!$C$2:$D$100, MATCH(C21, stage!$B$2:$B$100, 0), IF(OR(F21="Stream A", F21="A End"), 1, 2) ), "" ) )} | H21: =H19+"03:00:00" -> 0.27083333
B22: 4 | E22: {=IF( F22="End", "", IFERROR( INDEX(stage!$C$2:$D$100, MATCH(C22, stage!$B$2:$B$100, 0), IF(OR(F22="Stream A", F22="A End"), 1, 2) ), "" ) )} | F22: Stream A | H22: 0 | N22: Ro32
E23: {=IF( F23="End", "", IFERROR( INDEX(stage!$C$2:$D$100, MATCH(C23, stage!$B$2:$B$100, 0), IF(OR(F23="Stream A", F23="A End"), 1, 2) ), "" ) )} | F23: Stream B | H23: =H22 -> 0 | N23: Ro32
E24: {=IF( F24="End", "", IFERROR( INDEX(stage!$C$2:$D$100, MATCH(C24, stage!$B$2:$B$100, 0), IF(OR(F24="Stream A", F24="A End"), 1, 2) ), "" ) )} | F24: Stream A | H24: =H22+"03:30:00" -> 0.14583333 | N24: Ro32
E25: {=IF( F25="End", "", IFERROR( INDEX(stage!$C$2:$D$100, MATCH(C25, stage!$B$2:$B$100, 0), IF(OR(F25="Stream A", F25="A End"), 1, 2) ), "" ) )} | F25: Stream B | H25: =H24 -> 0.14583333 | N25: Ro32
E26: {=IF( F26="End", "", IFERROR( INDEX(stage!$C$2:$D$100, MATCH(C26, stage!$B$2:$B$100, 0), IF(OR(F26="Stream A", F26="A End"), 1, 2) ), "" ) )} | H26: =H24+"03:00:00" -> 0.27083333
E27: {=IF( F27="End", "", IFERROR( INDEX(stage!$C$2:$D$100, MATCH(C27, stage!$B$2:$B$100, 0), IF(OR(F27="Stream A", F27="A End"), 1, 2) ), "" ) )} | F27: Stream A | H27: 0 | N27: Ro16
E28: {=IF( F28="End", "", IFERROR( INDEX(stage!$C$2:$D$100, MATCH(C28, stage!$B$2:$B$100, 0), IF(OR(F28="Stream A", F28="A End"), 1, 2) ), "" ) )} | F28: Stream A | H28: =H27 -> 0 | N28: Ro16
E29: {=IF( F30="End", "", IFERROR( INDEX(stage!$C$2:$D$100, MATCH(C29, stage!$B$2:$B$100, 0), IF(OR(F30="Stream A", F30="A End"), 1, 2) ), "" ) )}
E30: {=IF( F31="End", "", IFERROR( INDEX(stage!$C$2:$D$100, MATCH(C30, stage!$B$2:$B$100, 0), IF(OR(F31="Stream A", F31="A End"), 1, 2) ), "" ) )} | F30: Stream A | H30: =H27+"03:30:00" -> 0.14583333 | N30: Ro16
E31: {=IF( F32="End", "", IFERROR( INDEX(stage!$C$2:$D$100, MATCH(C31, stage!$B$2:$B$100, 0), IF(OR(F32="Stream A", F32="A End"), 1, 2) ), "" ) )} | F31: Stream A | H31: =H30 -> 0.14583333 | N31: Ro16
E32: {=IF( F33="End", "", IFERROR( INDEX(stage!$C$2:$D$100, MATCH(C32, stage!$B$2:$B$100, 0), IF(OR(F33="Stream A", F33="A End"), 1, 2) ), "" ) )} | H32: =H30+"03:00:00" -> 0.27083333
E33: {=IF( F38="End", "", IFERROR( INDEX(stage!$C$2:$D$100, MATCH(C33, stage!$B$2:$B$100, 0), IF(OR(F38="Stream A", F38="A End"), 1, 2) ), "" ) )} | F33: Stream A | H33: 0 | N33: Ro16
E34: {=IF( F39="End", "", IFERROR( INDEX(stage!$C$2:$D$100, MATCH(C34, stage!$B$2:$B$100, 0), IF(OR(F39="Stream A", F39="A End"), 1, 2) ), "" ) )} | F34: Stream A | H34: =H33 -> 0 | N34: Ro16
E35: {=IF( F40="End", "", IFERROR( INDEX(stage!$C$2:$D$100, MATCH(C35, stage!$B$2:$B$100, 0), IF(OR(F40="Stream A", F40="A End"), 1, 2) ), "" ) )}
E36: {=IF( F41="End", "", IFERROR( INDEX(stage!$C$2:$D$100, MATCH(C36, stage!$B$2:$B$100, 0), IF(OR(F41="Stream A", F41="A End"), 1, 2) ), "" ) )} | F36: Stream A | H36: =H33+"03:30:00" -> 0.14583333 | N36: Ro16
E37: {=IF( F42="End", "", IFERROR( INDEX(stage!$C$2:$D$100, MATCH(C37, stage!$B$2:$B$100, 0), IF(OR(F42="Stream A", F42="A End"), 1, 2) ), "" ) )} | F37: Stream A | H37: =H36 -> 0.14583333 | N37: Ro16
E38: {=IF( F43="End", "", IFERROR( INDEX(stage!$C$2:$D$100, MATCH(C38, stage!$B$2:$B$100, 0), IF(OR(F43="Stream A", F43="A End"), 1, 2) ), "" ) )} | H38: =H36+"03:00:00" -> 0.27083333
E39: {=IF( F44="End", "", IFERROR( INDEX(stage!$C$2:$D$100, MATCH(C39, stage!$B$2:$B$100, 0), IF(OR(F44="Stream A", F44="A End"), 1, 2) ), "" ) )} | F39: Stream A | H39: 0 | N39: Ro8
B40: 9 | E40: {=IF( F45="End", "", IFERROR( INDEX(stage!$C$2:$D$100, MATCH(C40, stage!$B$2:$B$100, 0), IF(OR(F45="Stream A", F45="A End"), 1, 2) ), "" ) )} | F40: Stream A | H40: =H39+"03:30:00" -> 0.14583333 | N40: Ro8
E41: {=IF( F46="End", "", IFERROR( INDEX(stage!$C$2:$D$100, MATCH(C41, stage!$B$2:$B$100, 0), IF(OR(F46="Stream A", F46="A End"), 1, 2) ), "" ) )} | H41: =H40+"03:00:00" -> 0.27083333
E42: {=IF( F47="End", "", IFERROR( INDEX(stage!$C$2:$D$100, MATCH(C42, stage!$B$2:$B$100, 0), IF(OR(F47="Stream A", F47="A End"), 1, 2) ), "" ) )} | F42: Stream A | H42: 0 | N42: Ro8
B43: 10 | F43: Stream A | H43: =H42+"03:30:00" -> 0.14583333 | N43: Ro8
H44: =H43+"03:00:00" -> 0.27083333
F45: Stream A | H45: 0 | N45: Ro4
F46: Stream A | H46: =H45+"03:30:00" -> 0.14583333 | N46: Ro4
H47: =H46+"03:00:00" -> 0.27083333
F48: Stream A | H48: 0 | N48: 3rd place
F49: Stream A | H49: =H48+"03:30:00" -> 0.14583333 | N49: Final
H50: =H49+"03:00:00" -> 0.27083333
E122: {=IF( F122="End", "", IFERROR( INDEX(stage!$C$2:$D$100, MATCH(C122, stage!$B$2:$B$100, 0), IF(OR(F122="Stream A", F122="A End"), 1, 2) ), "" ) )}
E123: {=IF( F123="End", "", IFERROR( INDEX(stage!$C$2:$D$100, MATCH(C123, stage!$B$2:$B$100, 0), IF(OR(F123="Stream A", F123="A End"), 1, 2) ), "" ) )}
E124: {=IF( F124="End", "", IFERROR( INDEX(stage!$C$2:$D$100, MATCH(C124, stage!$B$2:$B$100, 0), IF(OR(F124="Stream A", F124="A End"), 1, 2) ), "" ) )}
E125: {=IF( F125="End", "", IFERROR( INDEX(stage!$C$2:$D$100, MATCH(C125, stage!$B$2:$B$100, 0), IF(OR(F125="Stream A", F125="A End"), 1, 2) ), "" ) )}
C126: . | D126: .

Sheet Swiss 24 -> SE12
N1: Phase 1 | O1: Phase 2 | P1: Playoffs
B4: Tournament Day # | D4: Date | E4: Week | F4: Stream | G4: Best of X | H4: Start Time | N4: Round | O4: Match | P4: Comment
H5: - PUBLIC- - AST - | I5: - PUBLIC- - CEST - | J5: - PUBLIC- - EDT - | K5: - PUBLIC- - BRT - | L5: - PUBLIC- - CST - | M5: - PUBLIC- - AEST-
I6: -1 | J6: -7 | K6: -6 | L6: +5 | M6: +7
C7: {=iferror( vlookup( row(D7:D122), if( len(D7:D122), { row(D7:D122), D7:D122 } ), 2, true ) ,"")} -> 1 | D7: 1 | E7: {=IF( F7="End", "", IFERROR( INDEX(stage!$C$2:$D$100, MATCH(C7, stage!$B$2:$B$100, 0), IF(OR(F7="Stream A", F7="A End"), 1, 2) ), "" ) )} | F7: Stream A | G7: Bo3 | H7: 0 | N7: Swiss Round #1
C8: 1 | E8: {=IF( F8="End", "", IFERROR( INDEX(stage!$C$2:$D$100, MATCH(C8, stage!$B$2:$B$100, 0), IF(OR(F8="Stream A", F8="A End"), 1, 2) ), "" ) )} | F8: Stream B | G8: Bo3 | H8: =H7 -> 0 | N8: Swiss Round #1
C9: 1 | E9: {=IF( F9="End", "", IFERROR( INDEX(stage!$C$2:$D$100, MATCH(C9, stage!$B$2:$B$100, 0), IF(OR(F9="Stream A", F9="A End"), 1, 2) ), "" ) )} | F9: Stream C | G9: Bo3 | H9: =H7 -> 0 | N9: Swiss Round #1
C10: 1 | E10: {=IF( F10="End", "", IFERROR( INDEX(stage!$C$2:$D$100, MATCH(C10, stage!$B$2:$B$100, 0), IF(OR(F10="Stream A", F10="A End"), 1, 2) ), "" ) )} | F10: Stream D | G10: Bo3 | H10: =H7 -> 0 | N10: Swiss Round #1
C11: 1 | E11: {=IF( F11="End", "", IFERROR( INDEX(stage!$C$2:$D$100, MATCH(C11, stage!$B$2:$B$100, 0), IF(OR(F11="Stream A", F11="A End"), 1, 2) ), "" ) )} | F11: Stream A | G11: Bo3 | H11: =H7+"03:30:00" -> 0.14583333 | N11: Swiss Round #1
C12: 1 | E12: {=IF( F12="End", "", IFERROR( INDEX(stage!$C$2:$D$100, MATCH(C12, stage!$B$2:$B$100, 0), IF(OR(F12="Stream A", F12="A End"), 1, 2) ), "" ) )} | F12: Stream B | G12: Bo3 | H12: =H11 -> 0.14583333 | N12: Swiss Round #1
C13: 1 | E13: {=IF( F13="End", "", IFERROR( INDEX(stage!$C$2:$D$100, MATCH(C13, stage!$B$2:$B$100, 0), IF(OR(F13="Stream A", F13="A End"), 1, 2) ), "" ) )} | F13: Stream C | G13: Bo3 | H13: =H11 -> 0.14583333 | N13: Swiss Round #1
C14: 1 | E14: {=IF( F14="End", "", IFERROR( INDEX(stage!$C$2:$D$100, MATCH(C14, stage!$B$2:$B$100, 0), IF(OR(F14="Stream A", F14="A End"), 1, 2) ), "" ) )} | F14: Stream D | G14: Bo3 | H14: =H11 -> 0.14583333 | N14: Swiss Round #1
C15: 1 | E15: {=IF( F15="End", "", IFERROR( INDEX(stage!$C$2:$D$100, MATCH(C15, stage!$B$2:$B$100, 0), IF(OR(F15="Stream A", F15="A End"), 1, 2) ), "" ) )} | F15: Stream A | G15: Bo3 | H15: =H11+"03:30:00" -> 0.29166667 | N15: Swiss Round #1
C16: 1 | E16: {=IF( F16="End", "", IFERROR( INDEX(stage!$C$2:$D$100, MATCH(C16, stage!$B$2:$B$100, 0), IF(OR(F16="Stream A", F16="A End"), 1, 2) ), "" ) )} | F16: Stream B | G16: Bo3 | H16: =H15 -> 0.29166667 | N16: Swiss Round #1
C17: 1 | E17: {=IF( F17="End", "", IFERROR( INDEX(stage!$C$2:$D$100, MATCH(C17, stage!$B$2:$B$100, 0), IF(OR(F17="Stream A", F17="A End"), 1, 2) ), "" ) )} | F17: Stream C | G17: Bo3 | H17: =H15 -> 0.29166667 | N17: Swiss Round #1
C18: 1 | E18: {=IF( F18="End", "", IFERROR( INDEX(stage!$C$2:$D$100, MATCH(C18, stage!$B$2:$B$100, 0), IF(OR(F18="Stream A", F18="A End"), 1, 2) ), "" ) )} | F18: Stream D | G18: Bo3 | H18: =H15 -> 0.29166667 | N18: Swiss Round #1
C19: 1 | E19: {=IF( F19="End", "", IFERROR( INDEX(stage!$C$2:$D$100, MATCH(C19, stage!$B$2:$B$100, 0), IF(OR(F19="Stream A", F19="A End"), 1, 2) ), "" ) )} | H19: =H15+"03:15:00" -> 0.42708333
C20: 2 | D20: 2 | E20: {=IF( F20="End", "", IFERROR( INDEX(stage!$C$2:$D$100, MATCH(C20, stage!$B$2:$B$100, 0), IF(OR(F20="Stream A", F20="A End"), 1, 2) ), "" ) )} | F20: Stream A | G20: Bo3 | H20: 0 | N20: Swiss Round #2
C21: 2 | E21: {=IF( F21="End", "", IFERROR( INDEX(stage!$C$2:$D$100, MATCH(C21, stage!$B$2:$B$100, 0), IF(OR(F21="Stream A", F21="A End"), 1, 2) ), "" ) )} | F21: Stream B | G21: Bo3 | H21: =H20 -> 0 | N21: Swiss Round #2
C22: 2 | E22: {=IF( F22="End", "", IFERROR( INDEX(stage!$C$2:$D$100, MATCH(C22, stage!$B$2:$B$100, 0), IF(OR(F22="Stream A", F22="A End"), 1, 2) ), "" ) )} | F22: Stream C | G22: Bo3 | H22: =H20 -> 0 | N22: Swiss Round #2
C23: 2 | E23: {=IF( F23="End", "", IFERROR( INDEX(stage!$C$2:$D$100, MATCH(C23, stage!$B$2:$B$100, 0), IF(OR(F23="Stream A", F23="A End"), 1, 2) ), "" ) )} | F23: Stream D | G23: Bo3 | H23: =H20 -> 0 | N23: Swiss Round #2
C24: 2 | E24: {=IF( F24="End", "", IFERROR( INDEX(stage!$C$2:$D$100, MATCH(C24, stage!$B$2:$B$100, 0), IF(OR(F24="Stream A", F24="A End"), 1, 2) ), "" ) )} | F24: Stream A | G24: Bo3 | H24: =H20+"03:30:00" -> 0.14583333 | N24: Swiss Round #2
C25: 2 | E25: {=IF( F25="End", "", IFERROR( INDEX(stage!$C$2:$D$100, MATCH(C25, stage!$B$2:$B$100, 0), IF(OR(F25="Stream A", F25="A End"), 1, 2) ), "" ) )} | F25: Stream B | G25: Bo3 | H25: =H24 -> 0.14583333 | N25: Swiss Round #2
C26: 2 | E26: {=IF( F26="End", "", IFERROR( INDEX(stage!$C$2:$D$100, MATCH(C26, stage!$B$2:$B$100, 0), IF(OR(F26="Stream A", F26="A End"), 1, 2) ), "" ) )} | F26: Stream C | G26: Bo3 | H26: =H24 -> 0.14583333 | N26: Swiss Round #2
C27: 2 | E27: {=IF( F27="End", "", IFERROR( INDEX(stage!$C$2:$D$100, MATCH(C27, stage!$B$2:$B$100, 0), IF(OR(F27="Stream A", F27="A End"), 1, 2) ), "" ) )} | F27: Stream D | G27: Bo3 | H27: =H24 -> 0.14583333 | N27: Swiss Round #2
C28: 2 | E28: {=IF( F28="End", "", IFERROR( INDEX(stage!$C$2:$D$100, MATCH(C28, stage!$B$2:$B$100, 0), IF(OR(F28="Stream A", F28="A End"), 1, 2) ), "" ) )} | F28: Stream A | G28: Bo3 | H28: =H24+"03:30:00" -> 0.29166667 | N28: Swiss Round #2
C29: 2 | E29: {=IF( F30="End", "", IFERROR( INDEX(stage!$C$2:$D$100, MATCH(C29, stage!$B$2:$B$100, 0), IF(OR(F30="Stream A", F30="A End"), 1, 2) ), "" ) )} | F29: Stream B | G29: Bo3 | H29: =H28 -> 0.29166667 | N29: Swiss Round #2
C30: 2 | E30: {=IF( F31="End", "", IFERROR( INDEX(stage!$C$2:$D$100, MATCH(C30, stage!$B$2:$B$100, 0), IF(OR(F31="Stream A", F31="A End"), 1, 2) ), "" ) )} | F30: Stream C | G30: Bo3 | H30: =H28 -> 0.29166667 | N30: Swiss Round #2
C31: 2 | E31: {=IF( F32="End", "", IFERROR( INDEX(stage!$C$2:$D$100, MATCH(C31, stage!$B$2:$B$100, 0), IF(OR(F32="Stream A", F32="A End"), 1, 2) ), "" ) )} | F31: Stream D | G31: Bo3 | H31: =H28 -> 0.29166667 | N31: Swiss Round #2
C32: 2 | E32: {=IF( F33="End", "", IFERROR( INDEX(stage!$C$2:$D$100, MATCH(C32, stage!$B$2:$B$100, 0), IF(OR(F33="Stream A", F33="A End"), 1, 2) ), "" ) )} | H32: =H28+"03:15:00" -> 0.42708333
C33: 3 | D33: 3 | E33: {=IF( F38="End", "", IFERROR( INDEX(stage!$C$2:$D$100, MATCH(C33, stage!$B$2:$B$100, 0), IF(OR(F38="Stream A", F38="A End"), 1, 2) ), "" ) )} | F33: Stream A | G33: Bo3 | H33: 0 | N33: Swiss Round #3
C34: 3 | E34: {=IF( F39="End", "", IFERROR( INDEX(stage!$C$2:$D$100, MATCH(C34, stage!$B$2:$B$100, 0), IF(OR(F39="Stream A", F39="A End"), 1, 2) ), "" ) )} | F34: Stream B | G34: Bo3 | H34: =H33 -> 0 | N34: Swiss Round #3
C35: 3 | E35: {=IF( F40="End", "", IFERROR( INDEX(stage!$C$2:$D$100, MATCH(C35, stage!$B$2:$B$100, 0), IF(OR(F40="Stream A", F40="A End"), 1, 2) ), "" ) )} | F35: Stream C | G35: Bo3 | H35: =H33 -> 0 | N35: Swiss Round #3
C36: 3 | E36: {=IF( F41="End", "", IFERROR( INDEX(stage!$C$2:$D$100, MATCH(C36, stage!$B$2:$B$100, 0), IF(OR(F41="Stream A", F41="A End"), 1, 2) ), "" ) )} | F36: Stream D | G36: Bo3 | H36: =H33 -> 0 | N36: Swiss Round #3
C37: 3 | E37: {=IF( F42="End", "", IFERROR( INDEX(stage!$C$2:$D$100, MATCH(C37, stage!$B$2:$B$100, 0), IF(OR(F42="Stream A", F42="A End"), 1, 2) ), "" ) )} | F37: Stream A | G37: Bo3 | H37: =H33+"03:30:00" -> 0.14583333 | N37: Swiss Round #3
C38: 3 | E38: {=IF( F43="End", "", IFERROR( INDEX(stage!$C$2:$D$100, MATCH(C38, stage!$B$2:$B$100, 0), IF(OR(F43="Stream A", F43="A End"), 1, 2) ), "" ) )} | F38: Stream B | G38: Bo3 | H38: =H37 -> 0.14583333 | N38: Swiss Round #3
C39: 3 | E39: {=IF( F44="End", "", IFERROR( INDEX(stage!$C$2:$D$100, MATCH(C39, stage!$B$2:$B$100, 0), IF(OR(F44="Stream A", F44="A End"), 1, 2) ), "" ) )} | F39: Stream C | G39: Bo3 | H39: =H37 -> 0.14583333 | N39: Swiss Round #3
C40: 3 | E40: {=IF( F45="End", "", IFERROR( INDEX(stage!$C$2:$D$100, MATCH(C40, stage!$B$2:$B$100, 0), IF(OR(F45="Stream A", F45="A End"), 1, 2) ), "" ) )} | F40: Stream D | G40: Bo3 | H40: =H37 -> 0.14583333 | N40: Swiss Round #3
C41: 3 | E41: {=IF( F46="End", "", IFERROR( INDEX(stage!$C$2:$D$100, MATCH(C41, stage!$B$2:$B$100, 0), IF(OR(F46="Stream A", F46="A End"), 1, 2) ), "" ) )} | F41: Stream A | G41: Bo3 | H41: =H37+"03:30:00" -> 0.29166667 | N41: Swiss Round #3
C42: 3 | E42: {=IF( F47="End", "", IFERROR( INDEX(stage!$C$2:$D$100, MATCH(C42, stage!$B$2:$B$100, 0), IF(OR(F47="Stream A", F47="A End"), 1, 2) ), "" ) )} | F42: Stream B | G42: Bo3 | H42: =H41 -> 0.29166667 | N42: Swiss Round #3
C43: 3 | F43: Stream C | G43: Bo3 | H43: =H41 -> 0.29166667 | N43: Swiss Round #3
C44: 3 | F44: Stream D | G44: Bo3 | H44: =H41 -> 0.29166667 | N44: Swiss Round #3
C45: 3 | H45: =H41+"03:15:00" -> 0.42708333
C46: 4 | D46: 4 | F46: Stream A | G46: Bo3 | H46: 0 | N46: Swiss Round #4
C47: 4 | F47: Stream B | G47: Bo3 | H47: =H46 -> 0 | N47: Swiss Round #4
C48: 4 | F48: Stream C | G48: Bo3 | H48: =H46 -> 0 | N48: Swiss Round #4
C49: 4 | F49: Stream D | G49: Bo3 | H49: =H46 -> 0 | N49: Swiss Round #4
C50: 4 | F50: Stream A | G50: Bo3 | H50: =H46+"03:30:00" -> 0.14583333 | N50: Swiss Round #4
C51: 4 | F51: Stream B | G51: Bo3 | H51: =H50 -> 0.14583333 | N51: Swiss Round #4
C52: 4 | F52: Stream C | G52: Bo3 | H52: =H50 -> 0.14583333 | N52: Swiss Round #4
C53: 4 | F53: Stream D | G53: Bo3 | H53: =H50 -> 0.14583333 | N53: Swiss Round #4
C54: 4 | F54: Stream A | G54: Bo3 | H54: =H50+"03:30:00" -> 0.29166667 | N54: Swiss Round #4
C55: 4 | F55: Stream B | G55: Bo3 | H55: =H54 -> 0.29166667 | N55: Swiss Round #4
C56: 4 | F56: Stream C | G56: Bo3 | H56: =H54 -> 0.29166667 | N56: Swiss Round #4
C57: 4 | F57: Stream D | G57: Bo3 | H57: =H54 -> 0.29166667 | N57: Swiss Round #4
C58: 4 | H58: =H54+"03:15:00" -> 0.42708333
C59: 5 | D59: 5 | F59: Stream A | G59: Bo3 | H59: 0 | N59: Swiss Round #5
C60: 5 | F60: Stream B | G60: Bo3 | H60: =H59 -> 0 | N60: Swiss Round #5
C61: 5 | F61: Stream C | G61: Bo3 | H61: =H59 -> 0 | N61: Swiss Round #5
C62: 5 | F62: Stream D | G62: Bo3 | H62: =H59 -> 0 | N62: Swiss Round #5
C63: 5 | F63: Stream A | G63: Bo3 | H63: =H59+"03:30:00" -> 0.14583333 | N63: Swiss Round #5
C64: 5 | F64: Stream B | G64: Bo3 | H64: =H63 -> 0.14583333 | N64: Swiss Round #5
C65: 5 | F65: Stream C | G65: Bo3 | H65: =H63 -> 0.14583333 | N65: Swiss Round #5
C66: 5 | F66: Stream D | G66: Bo3 | H66: =H63 -> 0.14583333 | N66: Swiss Round #5
C67: 5 | F67: Stream A | G67: Bo3 | H67: =H63+"03:30:00" -> 0.29166667 | N67: Swiss Round #5
C68: 5 | F68: Stream B | G68: Bo3 | H68: =H67 -> 0.29166667 | N68: Swiss Round #5
C69: 5 | F69: Stream C | G69: Bo3 | H69: =H67 -> 0.29166667 | N69: Swiss Round #5
C70: 5 | F70: Stream D | G70: Bo3 | H70: =H67 -> 0.29166667 | N70: Swiss Round #5
C71: 5 | H71: =H67+"03:15:00" -> 0.42708333
C72: 6 | D72: 6 | F72: Stream A | G72: Bo3 | H72: 0 | N72: Swiss Round #6
C73: 6 | F73: Stream B | G73: Bo3 | H73: =H72 -> 0 | N73: Swiss Round #6
C74: 6 | F74: Stream C | G74: Bo3 | H74: =H72 -> 0 | N74: Swiss Round #6
C75: 6 | F75: Stream D | G75: Bo3 | H75: =H72 -> 0 | N75: Swiss Round #6
C76: 6 | F76: Stream A | G76: Bo3 | H76: =H72+"03:30:00" -> 0.14583333 | N76: Swiss Round #6
C77: 6 | F77: Stream B | G77: Bo3 | H77: =H76 -> 0.14583333 | N77: Swiss Round #6
C78: 6 | F78: Stream C | G78: Bo3 | H78: =H76 -> 0.14583333 | N78: Swiss Round #6
C79: 6 | F79: Stream D | G79: Bo3 | H79: =H76 -> 0.14583333 | N79: Swiss Round #6
C80: 6 | F80: Stream A | G80: Bo3 | H80: =H76+"03:30:00" -> 0.29166667 | N80: Swiss Round #6
C81: 6 | F81: Stream B | G81: Bo3 | H81: =H80 -> 0.29166667 | N81: Swiss Round #6
C82: 6 | F82: Stream C | G82: Bo3 | H82: =H80 -> 0.29166667 | N82: Swiss Round #6
C83: 6 | F83: Stream D | G83: Bo3 | H83: =H80 -> 0.29166667 | N83: Swiss Round #6
C84: 6 | H84: =H80+"03:15:00" -> 0.42708333
C85: 7 | D85: 7 | F85: Stream A | G85: Bo3 | H85: 0 | N85: Tiebreakers (if needed) | P85: tiebreaker day
C86: 7 | F86: Stream B | G86: Bo3 | H86: =H85 -> 0 | N86: Tiebreakers (if needed)
C87: 7 | F87: Stream C | G87: Bo3 | H87: =H85 -> 0 | N87: Tiebreakers (if needed)
C88: 7 | F88: Stream D | G88: Bo3 | H88: =H85 -> 0 | N88: Tiebreakers (if needed)
C89: 7 | F89: Stream A | G89: Bo3 | H89: =H85+"03:30:00" -> 0.14583333 | N89: Tiebreakers (if needed)
C90: 7 | F90: Stream B | G90: Bo3 | H90: =H89 -> 0.14583333 | N90: Tiebreakers (if needed)
C91: 7 | F91: Stream C | G91: Bo3 | H91: =H89 -> 0.14583333 | N91: Tiebreakers (if needed)
C92: 7 | F92: Stream D | G92: Bo3 | H92: =H89 -> 0.14583333 | N92: Tiebreakers (if needed)
C93: 7 | H93: =H89+"03:15:00" -> 0.28125
C94: 8 | D94: 8 | F94: Stream A | G94: Bo3 | H94: 0 | N94: Ro12
C95: 8 | F95: Stream B | G95: Bo3 | H95: =H94 -> 0 | N95: Ro12
C96: 8 | F96: Stream A | G96: Bo3 | H96: =H94+"03:30:00" -> 0.14583333 | N96: Ro12
C97: 8 | F97: Stream B | G97: Bo3 | H97: =H96 -> 0.14583333 | N97: Ro12
C98: 8 | H98: =H96+"03:15:00" -> 0.28125
C99: 9 | D99: 9 | F99: Stream A | G99: Bo3 | H99: 0 | N99: Quarterfinal #1
C100: 9 | F100: Stream A | G100: Bo3 | H100: =H99+"03:30:00" -> 0.14583333 | N100: Quarterfinal #2
C101: 9 | H101: =H100+"03:15:00" -> 0.28125
C102: 10 | D102: 10 | F102: Stream A | G102: Bo3 | H102: 0 | N102: Quarterfinal #3
...

Sheet Qualification Details
A1: =IFERROR(__xludf.DUMMYFUNCTION("if('Make Public'!C9=""Yes"",importrange('Make Public'!B3,""Qualification Details!a1:L""),""TBD"")"),"")
B2: =IFERROR(__xludf.DUMMYFUNCTION("""COMPUTED_VALUE"""),"Slot #") -> Slot # | C2: =IFERROR(__xludf.DUMMYFUNCTION("""COMPUTED_VALUE"""),"Slot Type") -> Slot Type | D2: =IFERROR(__xludf.DUMMYFUNCTION("""COMPUTED_VALUE"""),"Slot status") -> Slot status | E2: =IFERROR(__xludf.DUMMYFUNCTION("""COMPUTED_VALUE"""),"Operated by") -> Operated by | F2: =IFERROR(__xludf.DUMMYFUNCTION("""COMPUTED_VALUE"""),"Source") -> Source | G2: =IFERROR(__xludf.DUMMYFUNCTION("""COMPUTED_VALUE"""),"Team Name") -> Team Name | H2: =IFERROR(__xludf.DUMMYFUNCTION("""COMPUTED_VALUE"""),"Player Name") -> Player Name | I2: =IFERROR(__xludf.DUMMYFUNCTION("""COMPUTED_VALUE"""),"Region") -> Region | J2: =IFERROR(__xludf.DUMMYFUNCTION("""COMPUTED_VALUE"""),"Sub-Region") -> Sub-Region | K2: =IFERROR(__xludf.DUMMYFUNCTION("""COMPUTED_VALUE"""),"Country") -> Country | L2: =IFERROR(__xludf.DUMMYFUNCTION("""COMPUTED_VALUE"""),"Determined Date") -> Determined Date
B3: =IFERROR(__xludf.DUMMYFUNCTION("""COMPUTED_VALUE"""),1.0) -> 1 | C3: =IFERROR(__xludf.DUMMYFUNCTION("""COMPUTED_VALUE"""),"Title Defender") -> Title Defender | D3: =IFERROR(__xludf.DUMMYFUNCTION("""COMPUTED_VALUE"""),"Confirmed") -> Confirmed | F3: =IFERROR(__xludf.DUMMYFUNCTION("""COMPUTED_VALUE"""),"Title Defender") -> Title Defender | G3: =IFERROR(__xludf.DUMMYFUNCTION("""COMPUTED_VALUE"""),"Team Spirit") -> Team Spirit | I3: =IFERROR(__xludf.DUMMYFUNCTION("""COMPUTED_VALUE"""),"Global") -> Global | L3: =IFERROR(__xludf.DUMMYFUNCTION("""COMPUTED_VALUE"""),45857.0) -> 45857
B4: =IFERROR(__xludf.DUMMYFUNCTION("""COMPUTED_VALUE"""),2.0) -> 2 | C4: =IFERROR(__xludf.DUMMYFUNCTION("""COMPUTED_VALUE"""),"Game Ecosystem (Publisher + Industry)") -> Game Ecosystem (Publisher + Industry) | D4: =IFERROR(__xludf.DUMMYFUNCTION("""COMPUTED_VALUE"""),"Confirmed") -> Confirmed | F4: =IFERROR(__xludf.DUMMYFUNCTION("""COMPUTED_VALUE"""),"EPT Tour Ranking") -> EPT Tour Ranking | G4: =IFERROR(__xludf.DUMMYFUNCTION("""COMPUTED_VALUE"""),"1W") -> 1W | I4: =IFERROR(__xludf.DUMMYFUNCTION("""COMPUTED_VALUE"""),"Global") -> Global | J4: =IFERROR(__xludf.DUMMYFUNCTION("""COMPUTED_VALUE"""),"") | K4: =IFERROR(__xludf.DUMMYFUNCTION("""COMPUTED_VALUE"""),"") | L4: =IFERROR(__xludf.DUMMYFUNCTION("""COMPUTED_VALUE"""),46166.0) -> 46166
B5: =IFERROR(__xludf.DUMMYFUNCTION("""COMPUTED_VALUE"""),3.0) -> 3 | C5: =IFERROR(__xludf.DUMMYFUNCTION("""COMPUTED_VALUE"""),"Game Ecosystem (Publisher + Industry)") -> Game Ecosystem (Publisher + Industry) | D5: =IFERROR(__xludf.DUMMYFUNCTION("""COMPUTED_VALUE"""),"Confirmed") -> Confirmed | F5: =IFERROR(__xludf.DUMMYFUNCTION("""COMPUTED_VALUE"""),"EPT Tour Ranking") -> EPT Tour Ranking | G5: =IFERROR(__xludf.DUMMYFUNCTION("""COMPUTED_VALUE"""),"PVISION") -> PVISION | I5: =IFERROR(__xludf.DUMMYFUNCTION("""COMPUTED_VALUE"""),"Global") -> Global | J5: =IFERROR(__xludf.DUMMYFUNCTION("""COMPUTED_VALUE"""),"") | K5: =IFERROR(__xludf.DUMMYFUNCTION("""COMPUTED_VALUE"""),"") | L5: =IFERROR(__xludf.DUMMYFUNCTION("""COMPUTED_VALUE"""),46166.0) -> 46166
B6: =IFERROR(__xludf.DUMMYFUNCTION("""COMPUTED_VALUE"""),4.0) -> 4 | C6: =IFERROR(__xludf.DUMMYFUNCTION("""COMPUTED_VALUE"""),"Game Ecosystem (Publisher + Industry)") -> Game Ecosystem (Publisher + Industry) | D6: =IFERROR(__xludf.DUMMYFUNCTION("""COMPUTED_VALUE"""),"Confirmed") -> Confirmed | F6: =IFERROR(__xludf.DUMMYFUNCTION("""COMPUTED_VALUE"""),"EPT Tour Ranking") -> EPT Tour Ranking | G6: =IFERROR(__xludf.DUMMYFUNCTION("""COMPUTED_VALUE"""),"Aurora Gaming") -> Aurora Gaming | I6: =IFERROR(__xludf.DUMMYFUNCTION("""COMPUTED_VALUE"""),"Global") -> Global | J6: =IFERROR(__xludf.DUMMYFUNCTION("""COMPUTED_VALUE"""),"") | K6: =IFERROR(__xludf.DUMMYFUNCTION("""COMPUTED_VALUE"""),"") | L6: =IFERROR(__xludf.DUMMYFUNCTION("""COMPUTED_VALUE"""),46166.0) -> 46166
B7: =IFERROR(__xludf.DUMMYFUNCTION("""COMPUTED_VALUE"""),5.0) -> 5 | C7: =IFERROR(__xludf.DUMMYFUNCTION("""COMPUTED_VALUE"""),"Game Ecosystem (Publisher + Industry)") -> Game Ecosystem (Publisher + Industry) | D7: =IFERROR(__xludf.DUMMYFUNCTION("""COMPUTED_VALUE"""),"Confirmed") -> Confirmed | F7: =IFERROR(__xludf.DUMMYFUNCTION("""COMPUTED_VALUE"""),"EPT Tour Ranking") -> EPT Tour Ranking | G7: =IFERROR(__xludf.DUMMYFUNCTION("""COMPUTED_VALUE"""),"Xtreme Gaming") -> Xtreme Gaming | I7: =IFERROR(__xludf.DUMMYFUNCTION("""COMPUTED_VALUE"""),"Global") -> Global | J7: =IFERROR(__xludf.DUMMYFUNCTION("""COMPUTED_VALUE"""),"") | K7: =IFERROR(__xludf.DUMMYFUNCTION("""COMPUTED_VALUE"""),"") | L7: =IFERROR(__xludf.DUMMYFUNCTION("""COMPUTED_VALUE"""),46166.0) -> 46166
B8: =IFERROR(__xludf.DUMMYFUNCTION("""COMPUTED_VALUE"""),6.0) -> 6 | C8: =IFERROR(__xludf.DUMMYFUNCTION("""COMPUTED_VALUE"""),"Game Ecosystem (Publisher + Industry)") -> Game Ecosystem (Publisher + Industry) | D8: =IFERROR(__xludf.DUMMYFUNCTION("""COMPUTED_VALUE"""),"Confirmed") -> Confirmed | F8: =IFERROR(__xludf.DUMMYFUNCTION("""COMPUTED_VALUE"""),"EPT Tour Ranking") -> EPT Tour Ranking | G8: =IFERROR(__xludf.DUMMYFUNCTION("""COMPUTED_VALUE"""),"Team Yandex") -> Team Yandex | I8: =IFERROR(__xludf.DUMMYFUNCTION("""COMPUTED_VALUE"""),"Global") -> Global | J8: =IFERROR(__xludf.DUMMYFUNCTION("""COMPUTED_VALUE"""),"") | K8: =IFERROR(__xludf.DUMMYFUNCTION("""COMPUTED_VALUE"""),"") | L8: =IFERROR(__xludf.DUMMYFUNCTION("""COMPUTED_VALUE"""),46166.0) -> 46166
B9: =IFERROR(__xludf.DUMMYFUNCTION("""COMPUTED_VALUE"""),7.0) -> 7 | C9: =IFERROR(__xludf.DUMMYFUNCTION("""COMPUTED_VALUE"""),"Game Ecosystem (Publisher + Industry)") -> Game Ecosystem (Publisher + Industry) | D9: =IFERROR(__xludf.DUMMYFUNCTION("""COMPUTED_VALUE"""),"Confirmed") -> Confirmed | F9: =IFERROR(__xludf.DUMMYFUNCTION("""COMPUTED_VALUE"""),"EPT Tour Ranking") -> EPT Tour Ranking | G9: =IFERROR(__xludf.DUMMYFUNCTION("""COMPUTED_VALUE"""),"Team Falcons") -> Team Falcons | I9: =IFERROR(__xludf.DUMMYFUNCTION("""COMPUTED_VALUE"""),"Global") -> Global | J9: =IFERROR(__xludf.DUMMYFUNCTION("""COMPUTED_VALUE"""),"") | K9: =IFERROR(__xludf.DUMMYFUNCTION("""COMPUTED_VALUE"""),"") | L9: =IFERROR(__xludf.DUMMYFUNCTION("""COMPUTED_VALUE"""),46166.0) -> 46166
B10: =IFERROR(__xludf.DUMMYFUNCTION("""COMPUTED_VALUE"""),8.0) -> 8 | C10: =IFERROR(__xludf.DUMMYFUNCTION("""COMPUTED_VALUE"""),"Game Ecosystem (Publisher + Industry)") -> Game Ecosystem (Publisher + Industry) | D10: =IFERROR(__xludf.DUMMYFUNCTION("""COMPUTED_VALUE"""),"Confirmed") -> Confirmed | F10: =IFERROR(__xludf.DUMMYFUNCTION("""COMPUTED_VALUE"""),"EPT Tour Ranking") -> EPT Tour Ranking | G10: =IFERROR(__xludf.DUMMYFUNCTION("""COMPUTED_VALUE"""),"Team Liquid") -> Team Liquid | I10: =IFERROR(__xludf.DUMMYFUNCTION("""COMPUTED_VALUE"""),"Global") -> Global | J10: =IFERROR(__xludf.DUMMYFUNCTION("""COMPUTED_VALUE"""),"") | K10: =IFERROR(__xludf.DUMMYFUNCTION("""COMPUTED_VALUE"""),"") | L10: =IFERROR(__xludf.DUMMYFUNCTION("""COMPUTED_VALUE"""),46166.0) -> 46166
B11: =IFERROR(__xludf.DUMMYFUNCTION("""COMPUTED_VALUE"""),9.0) -> 9 | C11: =IFERROR(__xludf.DUMMYFUNCTION("""COMPUTED_VALUE"""),"Game Ecosystem (Publisher + Industry)") -> Game Ecosystem (Publisher + Industry) | D11: =IFERROR(__xludf.DUMMYFUNCTION("""COMPUTED_VALUE"""),"Confirmed") -> Confirmed | F11: =IFERROR(__xludf.DUMMYFUNCTION("""COMPUTED_VALUE"""),"EPT Tour Ranking") -> EPT Tour Ranking | G11: =IFERROR(__xludf.DUMMYFUNCTION("""COMPUTED_VALUE"""),"BB Team") -> BB Team | I11: =IFERROR(__xludf.DUMMYFUNCTION("""COMPUTED_VALUE"""),"Global") -> Global | J11: =IFERROR(__xludf.DUMMYFUNCTION("""COMPUTED_VALUE"""),"") | K11: =IFERROR(__xludf.DUMMYFUNCTION("""COMPUTED_VALUE"""),"") | L11: =IFERROR(__xludf.DUMMYFUNCTION("""COMPUTED_VALUE"""),46166.0) -> 46166
B12: =IFERROR(__xludf.DUMMYFUNCTION("""COMPUTED_VALUE"""),10.0) -> 10 | C12: =IFERROR(__xludf.DUMMYFUNCTION("""COMPUTED_VALUE"""),"Game Ecosystem (Publisher + Industry)") -> Game Ecosystem (Publisher + Industry) | D12: =IFERROR(__xludf.DUMMYFUNCTION("""COMPUTED_VALUE"""),"Confirmed") -> Confirmed | F12: =IFERROR(__xludf.DUMMYFUNCTION("""COMPUTED_VALUE"""),"EPT Tour Ranking") -> EPT Tour Ranking | G12: =IFERROR(__xludf.DUMMYFUNCTION("""COMPUTED_VALUE"""),"MOUZ") -> MOUZ | I12: =IFERROR(__xludf.DUMMYFUNCTION("""COMPUTED_VALUE"""),"Global") -> Global | J12: =IFERROR(__xludf.DUMMYFUNCTION("""COMPUTED_VALUE"""),"") | K12: =IFERROR(__xludf.DUMMYFUNCTION("""COMPUTED_VALUE"""),"") | L12: =IFERROR(__xludf.DUMMYFUNCTION("""COMPUTED_VALUE"""),46166.0) -> 46166
B13: =IFERROR(__xludf.DUMMYFUNCTION("""COMPUTED_VALUE"""),11.0) -> 11 | C13: =IFERROR(__xludf.DUMMYFUNCTION("""COMPUTED_VALUE"""),"Game Ecosystem (Publisher + Industry)") -> Game Ecosystem (Publisher + Industry) | D13: =IFERROR(__xludf.DUMMYFUNCTION("""COMPUTED_VALUE"""),"Confirmed") -> Confirmed | F13: =IFERROR(__xludf.DUMMYFUNCTION("""COMPUTED_VALUE"""),"EPT Tour Ranking") -> EPT Tour Ranking | G13: =IFERROR(__xludf.DUMMYFUNCTION("""COMPUTED_VALUE"""),"PTime") -> PTime | I13: =IFERROR(__xludf.DUMMYFUNCTION("""COMPUTED_VALUE"""),"Global") -> Global | J13: =IFERROR(__xludf.DUMMYFUNCTION("""COMPUTED_VALUE"""),"") | K13: =IFERROR(__xludf.DUMMYFUNCTION("""COMPUTED_VALUE"""),"") | L13: =IFERROR(__xludf.DUMMYFUNCTION("""COMPUTED_VALUE"""),46166.0) -> 46166
B14: =IFERROR(__xludf.DUMMYFUNCTION("""COMPUTED_VALUE"""),12.0) -> 12 | C14: =IFERROR(__xludf.DUMMYFUNCTION("""COMPUTED_VALUE"""),"Game Ecosystem (Publisher + Industry)") -> Game Ecosystem (Publisher + Industry) | D14: =IFERROR(__xludf.DUMMYFUNCTION("""COMPUTED_VALUE"""),"Confirmed") -> Confirmed | F14: =IFERROR(__xludf.DUMMYFUNCTION("""COMPUTED_VALUE"""),"EPT Tour Ranking") -> EPT Tour Ranking | G14: =IFERROR(__xludf.DUMMYFUNCTION("""COMPUTED_VALUE"""),"OG Esports") -> OG Esports | I14: =IFERROR(__xludf.DUMMYFUNCTION("""COMPUTED_VALUE"""),"Global") -> Global | J14: =IFERROR(__xludf.DUMMYFUNCTION("""COMPUTED_VALUE"""),"") | K14: =IFERROR(__xludf.DUMMYFUNCTION("""COMPUTED_VALUE"""),"") | L14: =IFERROR(__xludf.DUMMYFUNCTION("""COMPUTED_VALUE"""),46166.0) -> 46166
B15: =IFERROR(__xludf.DUMMYFUNCTION("""COMPUTED_VALUE"""),13.0) -> 13 | C15: =IFERROR(__xludf.DUMMYFUNCTION("""COMPUTED_VALUE"""),"Game Ecosystem (Publisher + Industry)") -> Game Ecosystem (Publisher + Industry) | D15: =IFERROR(__xludf.DUMMYFUNCTION("""COMPUTED_VALUE"""),"Confirmed") -> Confirmed | F15: =IFERROR(__xludf.DUMMYFUNCTION("""COMPUTED_VALUE"""),"EPT Tour Ranking") -> EPT Tour Ranking | G15: =IFERROR(__xludf.DUMMYFUNCTION("""COMPUTED_VALUE"""),"Virtus.pro") -> Virtus.pro | I15: =IFERROR(__xludf.DUMMYFUNCTION("""COMPUTED_VALUE"""),"Global") -> Global | J15: =IFERROR(__xludf.DUMMYFUNCTION("""COMPUTED_VALUE"""),"") | K15: =IFERROR(__xludf.DUMMYFUNCTION("""COMPUTED_VALUE"""),"") | L15: =IFERROR(__xludf.DUMMYFUNCTION("""COMPUTED_VALUE"""),46166.0) -> 46166
B16: =IFERROR(__xludf.DUMMYFUNCTION("""COMPUTED_VALUE"""),14.0) -> 14 | C16: =IFERROR(__xludf.DUMMYFUNCTION("""COMPUTED_VALUE"""),"Game Ecosystem (Publisher + Industry)") -> Game Ecosystem (Publisher + Industry) | D16: =IFERROR(__xludf.DUMMYFUNCTION("""COMPUTED_VALUE"""),"Confirmed") -> Confirmed | F16: =IFERROR(__xludf.DUMMYFUNCTION("""COMPUTED_VALUE"""),"Asian Champions League (ACL): China") -> Asian Champions League (ACL): China | G16: =IFERROR(__xludf.DUMMYFUNCTION("""COMPUTED_VALUE"""),"Vici Gaming") -> Vici Gaming | I16: =IFERROR(__xludf.DUMMYFUNCTION("""COMPUTED_VALUE"""),"Asia") -> Asia | J16: =IFERROR(__xludf.DUMMYFUNCTION("""COMPUTED_VALUE"""),"") | K16: =IFERROR(__xludf.DUMMYFUNCTION("""COMPUTED_VALUE"""),"China") -> China | L16: =IFERROR(__xludf.DUMMYFUNCTION("""COMPUTED_VALUE"""),46145.0) -> 46145
B17: =IFERROR(__xludf.DUMMYFUNCTION("""COMPUTED_VALUE"""),15.0) -> 15 | C17: =IFERROR(__xludf.DUMMYFUNCTION("""COMPUTED_VALUE"""),"Game Ecosystem (Publisher + Industry)") -> Game Ecosystem (Publisher + Industry) | D17: =IFERROR(__xludf.DUMMYFUNCTION("""COMPUTED_VALUE"""),"Confirmed") -> Confirmed | F17: =IFERROR(__xludf.DUMMYFUNCTION("""COMPUTED_VALUE"""),"Dota 2 at ROAD TO EWC 26: Online Qualifier - Southeast Asia") -> Dota 2 at ROAD TO EWC 26: Online Qualifier - Southeast Asia | G17: =IFERROR(__xludf.DUMMYFUNCTION("""COMPUTED_VALUE"""),"REKONIX") -> REKONIX | I17: =IFERROR(__xludf.DUMMYFUNCTION("""COMPUTED_VALUE"""),"Asia") -> Asia | J17: =IFERROR(__xludf.DUMMYFUNCTION("""COMPUTED_VALUE"""),"SEA") -> SEA | K17: =IFERROR(__xludf.DUMMYFUNCTION("""COMPUTED_VALUE"""),"") | L17: =IFERROR(__xludf.DUMMYFUNCTION("""COMPUTED_VALUE"""),46178.0) -> 46178
B18: =IFERROR(__xludf.DUMMYFUNCTION("""COMPUTED_VALUE"""),16.0) -> 16 | C18: =IFERROR(__xludf.DUMMYFUNCTION("""COMPUTED_VALUE"""),"EWC Qualifier") -> EWC Qualifier | D18: =IFERROR(__xludf.DUMMYFUNCTION("""COMPUTED_VALUE"""),"Confirmed") -> Confirmed | F18: =IFERROR(__xludf.DUMMYFUNCTION("""COMPUTED_VALUE"""),"Dota 2 at ROAD TO EWC 26: Online Qualifier - South America") -> Dota 2 at ROAD TO EWC 26: Online Qualifier - South America | G18: =IFERROR(__xludf.DUMMYFUNCTION("""COMPUTED_VALUE"""),"Team Nemesis") -> Team Nemesis | I18: =IFERROR(__xludf.DUMMYFUNCTION("""COMPUTED_VALUE"""),"Americas") -> Americas | J18: =IFERROR(__xludf.DUMMYFUNCTION("""COMPUTED_VALUE"""),"South America") -> South America | K18: =IFERROR(__xludf.DUMMYFUNCTION("""COMPUTED_VALUE"""),"") | L18: =IFERROR(__xludf.DUMMYFUNCTION("""COMPUTED_VALUE"""),46176.0) -> 46176
B19: =IFERROR(__xludf.DUMMYFUNCTION("""COMPUTED_VALUE"""),17.0) -> 17 | C19: =IFERROR(__xludf.DUMMYFUNCTION("""COMPUTED_VALUE"""),"EWC Qualifier") -> EWC Qualifier | D19: =IFERROR(__xludf.DUMMYFUNCTION("""COMPUTED_VALUE"""),"Confirmed") -> Confirmed | F19: =IFERROR(__xludf.DUMMYFUNCTION("""COMPUTED_VALUE"""),"Dota 2 at ROAD TO EWC 26: Online Qualifier - North America") -> Dota 2 at ROAD TO EWC 26: Online Qualifier - North America | G19: =IFERROR(__xludf.DUMMYFUNCTION("""COMPUTED_VALUE"""),"GamerLegion") -> GamerLegion | I19: =IFERROR(__xludf.DUMMYFUNCTION("""COMPUTED_VALUE"""),"Americas") -> Americas | J19: =IFERROR(__xludf.DUMMYFUNCTION("""COMPUTED_VALUE"""),"North America") -> North America | K19: =IFERROR(__xludf.DUMMYFUNCTION("""COMPUTED_VALUE"""),"") | L19: =IFERROR(__xludf.DUMMYFUNCTION("""COMPUTED_VALUE"""),46177.0) -> 46177
B20: =IFERROR(__xludf.DUMMYFUNCTION("""COMPUTED_VALUE"""),18.0) -> 18 | C20: =IFERROR(__xludf.DUMMYFUNCTION("""COMPUTED_VALUE"""),"EWC Qualifier") -> EWC Qualifier | D20: =IFERROR(__xludf.DUMMYFUNCTION("""COMPUTED_VALUE"""),"Confirmed") -> Confirmed | F20: =IFERROR(__xludf.DUMMYFUNCTION("""COMPUTED_VALUE"""),"Dota 2 at ROAD TO EWC 26: Online Qualifier - Middle East Southwest Asia") -> Dota 2 at ROAD TO EWC 26: Online Qualifier - Middle East Southwest Asia | G20: =IFERROR(__xludf.DUMMYFUNCTION("""COMPUTED_VALUE"""),"Nigma Galaxy") -> Nigma Galaxy | I20: =IFERROR(__xludf.DUMMYFUNCTION("""COMPUTED_VALUE"""),"EMEA") -> EMEA | J20: =IFERROR(__xludf.DUMMYFUNCTION("""COMPUTED_VALUE"""),"MESWA") -> MESWA | K20: =IFERROR(__xludf.DUMMYFUNCTION("""COMPUTED_VALUE"""),"") | L20: =IFERROR(__xludf.DUMMYFUNCTION("""COMPUTED_VALUE"""),46176.0) -> 46176
B21: =IFERROR(__xludf.DUMMYFUNCTION("""COMPUTED_VALUE"""),19.0) -> 19 | C21: =IFERROR(__xludf.DUMMYFUNCTION("""COMPUTED_VALUE"""),"EWC Qualifier") -> EWC Qualifier | D21: =IFERROR(__xludf.DUMMYFUNCTION("""COMPUTED_VALUE"""),"Confirmed") -> Confirmed | F21: =IFERROR(__xludf.DUMMYFUNCTION("""COMPUTED_VALUE"""),"Dota 2 at ROAD TO EWC 26: Online Qualifier - Eastern Europe") -> Dota 2 at ROAD TO EWC 26: Online Qualifier - Eastern Europe | G21: =IFERROR(__xludf.DUMMYFUNCTION("""COMPUTED_VALUE"""),"Level UP") -> Level UP | I21: =IFERROR(__xludf.DUMMYFUNCTION("""COMPUTED_VALUE"""),"EMEA") -> EMEA | J21: =IFERROR(__xludf.DUMMYFUNCTION("""COMPUTED_VALUE"""),"EEU") -> EEU | K21: =IFERROR(__xludf.DUMMYFUNCTION("""COMPUTED_VALUE"""),"") | L21: =IFERROR(__xludf.DUMMYFUNCTION("""COMPUTED_VALUE"""),46176.0) -> 46176
B22: =IFERROR(__xludf.DUMMYFUNCTION("""COMPUTED_VALUE"""),20.0) -> 20 | C22: =IFERROR(__xludf.DUMMYFUNCTION("""COMPUTED_VALUE"""),"EWC Qualifier") -> EWC Qualifier | D22: =IFERROR(__xludf.DUMMYFUNCTION("""COMPUTED_VALUE"""),"Confirmed") -> Confirmed | F22: =IFERROR(__xludf.DUMMYFUNCTION("""COMPUTED_VALUE"""),"Dota 2 at ROAD TO EWC 26: Online Qualifier - Eastern Europe") -> Dota 2 at ROAD TO EWC 26: Online Qualifier - Eastern Europe | G22: =IFERROR(__xludf.DUMMYFUNCTION("""COMPUTED_VALUE"""),"Poor Rangers") -> Poor Rangers | I22: =IFERROR(__xludf.DUMMYFUNCTION("""COMPUTED_VALUE"""),"EMEA") -> EMEA | J22: =IFERROR(__xludf.DUMMYFUNCTION("""COMPUTED_VALUE"""),"EEU") -> EEU | K22: =IFERROR(__xludf.DUMMYFUNCTION("""COMPUTED_VALUE"""),"") | L22: =IFERROR(__xludf.DUMMYFUNCTION("""COMPUTED_VALUE"""),46176.0) -> 46176
B23: =IFERROR(__xludf.DUMMYFUNCTION("""COMPUTED_VALUE"""),21.0) -> 21 | C23: =IFERROR(__xludf.DUMMYFUNCTION("""COMPUTED_VALUE"""),"EWC Qualifier") -> EWC Qualifier | D23: =IFERROR(__xludf.DUMMYFUNCTION("""COMPUTED_VALUE"""),"Confirmed") -> Confirmed | F23: =IFERROR(__xludf.DUMMYFUNCTION("""COMPUTED_VALUE"""),"Dota 2 at ROAD TO EWC 26: Online Qualifier - Eastern Europe") -> Dota 2 at ROAD TO EWC 26: Online Qualifier - Eastern Europe | G23: =IFERROR(__xludf.DUMMYFUNCTION("""COMPUTED_VALUE"""),"L1 TEAM") -> L1 TEAM | I23: =IFERROR(__xludf.DUMMYFUNCTION("""COMPUTED_VALUE"""),"EMEA") -> EMEA | J23: =IFERROR(__xludf.DUMMYFUNCTION("""COMPUTED_VALUE"""),"EEU") -> EEU | K23: =IFERROR(__xludf.DUMMYFUNCTION("""COMPUTED_VALUE"""),"") | L23: =IFERROR(__xludf.DUMMYFUNCTION("""COMPUTED_VALUE"""),46176.0) -> 46176
B24: =IFERROR(__xludf.DUMMYFUNCTION("""COMPUTED_VALUE"""),22.0) -> 22 | C24: =IFERROR(__xludf.DUMMYFUNCTION("""COMPUTED_VALUE"""),"EWC Qualifier") -> EWC Qualifier | D24: =IFERROR(__xludf.DUMMYFUNCTION("""COMPUTED_VALUE"""),"Confirmed") -> Confirmed | F24: =IFERROR(__xludf.DUMMYFUNCTION("""COMPUTED_VALUE"""),"Dota 2 at ROAD TO EWC 26: Online Qualifier - Eastern Europe") -> Dota 2 at ROAD TO EWC 26: Online Qualifier - Eastern Europe | G24: =IFERROR(__xludf.DUMMYFUNCTION("""COMPUTED_VALUE"""),"IC x Insanity") -> IC x Insanity | I24: =IFERROR(__xludf.DUMMYFUNCTION("""COMPUTED_VALUE"""),"EMEA") -> EMEA | J24: =IFERROR(__xludf.DUMMYFUNCTION("""COMPUTED_VALUE"""),"EEU") -> EEU | K24: =IFERROR(__xludf.DUMMYFUNCTION("""COMPUTED_VALUE"""),"") | L24: =IFERROR(__xludf.DUMMYFUNCTION("""COMPUTED_VALUE"""),46176.0) -> 46176
B25: =IFERROR(__xludf.DUMMYFUNCTION("""COMPUTED_VALUE"""),23.0) -> 23 | C25: =IFERROR(__xludf.DUMMYFUNCTION("""COMPUTED_VALUE"""),"EWC Qualifier") -> EWC Qualifier | D25: =IFERROR(__xludf.DUMMYFUNCTION("""COMPUTED_VALUE"""),"Confirmed") -> Confirmed | F25: =IFERROR(__xludf.DUMMYFUNCTION("""COMPUTED_VALUE"""),"Dota 2 at ROAD TO EWC 26: Online Qualifier - Western Europe") -> Dota 2 at ROAD TO EWC 26: Online Qualifier - Western Europe | G25: =IFERROR(__xludf.DUMMYFUNCTION("""COMPUTED_VALUE"""),"LGD Gaming") -> LGD Gaming | I25: =IFERROR(__xludf.DUMMYFUNCTION("""COMPUTED_VALUE"""),"EMEA") -> EMEA | J25: =IFERROR(__xludf.DUMMYFUNCTION("""COMPUTED_VALUE"""),"WEU") -> WEU | K25: =IFERROR(__xludf.DUMMYFUNCTION("""COMPUTED_VALUE"""),"") | L25: =IFERROR(__xludf.DUMMYFUNCTION("""COMPUTED_VALUE"""),46175.0) -> 46175
B26: =IFERROR(__xludf.DUMMYFUNCTION("""COMPUTED_VALUE"""),24.0) -> 24 | C26: =IFERROR(__xludf.DUMMYFUNCTION("""COMPUTED_VALUE"""),"EWC Qualifier") -> EWC Qualifier | D26: =IFERROR(__xludf.DUMMYFUNCTION("""COMPUTED_VALUE"""),"Confirmed") -> Confirmed | F26: =IFERROR(__xludf.DUMMYFUNCTION("""COMPUTED_VALUE"""),"Dota 2 at ROAD TO EWC 26: Online Qualifier - Western Europe") -> Dota 2 at ROAD TO EWC 26: Online Qualifier - Western Europe | G26: =IFERROR(__xludf.DUMMYFUNCTION("""COMPUTED_VALUE"""),"Rune Eaters") -> Rune Eaters | I26: =IFERROR(__xludf.DUMMYFUNCTION("""COMPUTED_VALUE"""),"EMEA") -> EMEA | J26: =IFERROR(__xludf.DUMMYFUNCTION("""COMPUTED_VALUE"""),"WEU") -> WEU | K26: =IFERROR(__xludf.DUMMYFUNCTION("""COMPUTED_VALUE"""),"") | L26: =IFERROR(__xludf.DUMMYFUNCTION("""COMPUTED_VALUE"""),46175.0) -> 46175

Sheet Visualization
A1: =IFERROR(__xludf.DUMMYFUNCTION("if('Make Public'!C12=""Yes"",importrange('Make Public'!B3,""Visualization!a1:ah""),""TBD"")"),"")
A2: =IFERROR(__xludf.DUMMYFUNCTION("""COMPUTED_VALUE"""),"GROUPSTAGE") -> GROUPSTAGE | F2: =IFERROR(__xludf.DUMMYFUNCTION("""COMPUTED_VALUE"""),"SURVIVAL") -> SURVIVAL | R2: =IFERROR(__xludf.DUMMYFUNCTION("""COMPUTED_VALUE"""),"PLAYOFFS") -> PLAYOFFS
C4: =IFERROR(__xludf.DUMMYFUNCTION("""COMPUTED_VALUE"""),"Group A") -> Group A
C5: =IFERROR(__xludf.DUMMYFUNCTION("""COMPUTED_VALUE"""),1.0) -> 1 | D5: =IFERROR(__xludf.DUMMYFUNCTION("""COMPUTED_VALUE"""),"Xtreme Gaming") -> Xtreme Gaming | H5: =IFERROR(__xludf.DUMMYFUNCTION("""COMPUTED_VALUE"""),"4v3") -> 4v3 | L5: =IFERROR(__xludf.DUMMYFUNCTION("""COMPUTED_VALUE"""),"v2") -> v2 | T5: =IFERROR(__xludf.DUMMYFUNCTION("""COMPUTED_VALUE"""),"Ro8 (Quarter-finals)") -> Ro8 (Quarter-finals) | X5: =IFERROR(__xludf.DUMMYFUNCTION("""COMPUTED_VALUE"""),"Ro4 (Semi-finals)") -> Ro4 (Semi-finals) | AD5: =IFERROR(__xludf.DUMMYFUNCTION("""COMPUTED_VALUE"""),"Grand Final") -> Grand Final
C6: =IFERROR(__xludf.DUMMYFUNCTION("""COMPUTED_VALUE"""),2.0) -> 2 | D6: =IFERROR(__xludf.DUMMYFUNCTION("""COMPUTED_VALUE"""),"Team Falcons") -> Team Falcons
C7: =IFERROR(__xludf.DUMMYFUNCTION("""COMPUTED_VALUE"""),3.0) -> 3 | D7: =IFERROR(__xludf.DUMMYFUNCTION("""COMPUTED_VALUE"""),"BB Team") -> BB Team | H7: =IFERROR(__xludf.DUMMYFUNCTION("""COMPUTED_VALUE"""),"Survival - R1 - Match 1") -> Survival - R1 - Match 1 | T7: =IFERROR(__xludf.DUMMYFUNCTION("""COMPUTED_VALUE"""),"Quarterfinal 1") -> Quarterfinal 1 | U7: =IFERROR(__xludf.DUMMYFUNCTION("""COMPUTED_VALUE"""),"(loser out)") -> (loser out)
C8: =IFERROR(__xludf.DUMMYFUNCTION("""COMPUTED_VALUE"""),4.0) -> 4 | D8: =IFERROR(__xludf.DUMMYFUNCTION("""COMPUTED_VALUE"""),"GamerLegion") -> GamerLegion | H8: =IFERROR(__xludf.DUMMYFUNCTION("""COMPUTED_VALUE"""),"LGD Gaming") -> LGD Gaming | I8: =IFERROR(__xludf.DUMMYFUNCTION("""COMPUTED_VALUE"""),2.0) -> 2 | T8: =IFERROR(__xludf.DUMMYFUNCTION("""COMPUTED_VALUE"""),"Nigma Galaxy") -> Nigma Galaxy | U8: =IFERROR(__xludf.DUMMYFUNCTION("""COMPUTED_VALUE"""),0.0) -> 0
C9: =IFERROR(__xludf.DUMMYFUNCTION("""COMPUTED_VALUE"""),5.0) -> 5 | D9: =IFERROR(__xludf.DUMMYFUNCTION("""COMPUTED_VALUE"""),"Poor Rangers") -> Poor Rangers | H9: =IFERROR(__xludf.DUMMYFUNCTION("""COMPUTED_VALUE"""),"MOUZ") -> MOUZ | I9: =IFERROR(__xludf.DUMMYFUNCTION("""COMPUTED_VALUE"""),0.0) -> 0 | L9: =IFERROR(__xludf.DUMMYFUNCTION("""COMPUTED_VALUE"""),"Survival - R2 - Match 1") -> Survival - R2 - Match 1 | T9: =IFERROR(__xludf.DUMMYFUNCTION("""COMPUTED_VALUE"""),"BB Team") -> BB Team | U9: =IFERROR(__xludf.DUMMYFUNCTION("""COMPUTED_VALUE"""),2.0) -> 2 | X9: =IFERROR(__xludf.DUMMYFUNCTION("""COMPUTED_VALUE"""),"Semifinal 1") -> Semifinal 1 | Y9: =IFERROR(__xludf.DUMMYFUNCTION("""COMPUTED_VALUE"""),"(loser out)") -> (loser out)
C10: =IFERROR(__xludf.DUMMYFUNCTION("""COMPUTED_VALUE"""),6.0) -> 6 | D10: =IFERROR(__xludf.DUMMYFUNCTION("""COMPUTED_VALUE"""),"Rune Eaters") -> Rune Eaters | H10: =IFERROR(__xludf.DUMMYFUNCTION("""COMPUTED_VALUE"""),"(loser out)") -> (loser out) | L10: =IFERROR(__xludf.DUMMYFUNCTION("""COMPUTED_VALUE"""),"BB Team") -> BB Team | M10: =IFERROR(__xludf.DUMMYFUNCTION("""COMPUTED_VALUE"""),2.0) -> 2 | O10: =IFERROR(__xludf.DUMMYFUNCTION("""COMPUTED_VALUE"""),"BB Team") -> BB Team | P10: =IFERROR(__xludf.DUMMYFUNCTION("""COMPUTED_VALUE"""),"Q") -> Q | X10: =IFERROR(__xludf.DUMMYFUNCTION("""COMPUTED_VALUE"""),"BB Team") -> BB Team | Y10: =IFERROR(__xludf.DUMMYFUNCTION("""COMPUTED_VALUE"""),"")
L11: =IFERROR(__xludf.DUMMYFUNCTION("""COMPUTED_VALUE"""),"LGD Gaming") -> LGD Gaming | M11: =IFERROR(__xludf.DUMMYFUNCTION("""COMPUTED_VALUE"""),0.0) -> 0 | T11: =IFERROR(__xludf.DUMMYFUNCTION("""COMPUTED_VALUE"""),"Quarterfinal 2") -> Quarterfinal 2 | U11: =IFERROR(__xludf.DUMMYFUNCTION("""COMPUTED_VALUE"""),"(loser out)") -> (loser out) | X11: =IFERROR(__xludf.DUMMYFUNCTION("""COMPUTED_VALUE"""),"Vici Gaming") -> Vici Gaming | Y11: =IFERROR(__xludf.DUMMYFUNCTION("""COMPUTED_VALUE"""),"")
C12: =IFERROR(__xludf.DUMMYFUNCTION("""COMPUTED_VALUE"""),"Group B") -> Group B | H12: =IFERROR(__xludf.DUMMYFUNCTION("""COMPUTED_VALUE"""),"Survival - R1 - Match 2") -> Survival - R1 - Match 2 | L12: =IFERROR(__xludf.DUMMYFUNCTION("""COMPUTED_VALUE"""),"(loser out)") -> (loser out) | T12: =IFERROR(__xludf.DUMMYFUNCTION("""COMPUTED_VALUE"""),"Team Falcons") -> Team Falcons | U12: =IFERROR(__xludf.DUMMYFUNCTION("""COMPUTED_VALUE"""),0.0) -> 0
C13: =IFERROR(__xludf.DUMMYFUNCTION("""COMPUTED_VALUE"""),1.0) -> 1 | D13: =IFERROR(__xludf.DUMMYFUNCTION("""COMPUTED_VALUE"""),"Aurora Gaming") -> Aurora Gaming | H13: =IFERROR(__xludf.DUMMYFUNCTION("""COMPUTED_VALUE"""),"Vici Gaming") -> Vici Gaming | I13: =IFERROR(__xludf.DUMMYFUNCTION("""COMPUTED_VALUE"""),2.0) -> 2 | T13: =IFERROR(__xludf.DUMMYFUNCTION("""COMPUTED_VALUE"""),"Vici Gaming") -> Vici Gaming | U13: =IFERROR(__xludf.DUMMYFUNCTION("""COMPUTED_VALUE"""),2.0) -> 2
C14: =IFERROR(__xludf.DUMMYFUNCTION("""COMPUTED_VALUE"""),2.0) -> 2 | D14: =IFERROR(__xludf.DUMMYFUNCTION("""COMPUTED_VALUE"""),"Team Liquid") -> Team Liquid | H14: =IFERROR(__xludf.DUMMYFUNCTION("""COMPUTED_VALUE"""),"PTime") -> PTime | I14: =IFERROR(__xludf.DUMMYFUNCTION("""COMPUTED_VALUE"""),0.0) -> 0 | L14: =IFERROR(__xludf.DUMMYFUNCTION("""COMPUTED_VALUE"""),"Survival - R2 - Match 2") -> Survival - R2 - Match 2 | AD14: =IFERROR(__xludf.DUMMYFUNCTION("""COMPUTED_VALUE"""),"Winner of SF 1") -> Winner of SF 1 | AE14: =IFERROR(__xludf.DUMMYFUNCTION("""COMPUTED_VALUE"""),"") | AG14: =IFERROR(__xludf.DUMMYFUNCTION("""COMPUTED_VALUE"""),"Winner of Grand Final") -> Winner of Grand Final
C15: =IFERROR(__xludf.DUMMYFUNCTION("""COMPUTED_VALUE"""),3.0) -> 3 | D15: =IFERROR(__xludf.DUMMYFUNCTION("""COMPUTED_VALUE"""),"PTime") -> PTime | H15: =IFERROR(__xludf.DUMMYFUNCTION("""COMPUTED_VALUE"""),"(loser out)") -> (loser out) | L15: =IFERROR(__xludf.DUMMYFUNCTION("""COMPUTED_VALUE"""),"1W") -> 1W | M15: =IFERROR(__xludf.DUMMYFUNCTION("""COMPUTED_VALUE"""),1.0) -> 1 | O15: =IFERROR(__xludf.DUMMYFUNCTION("""COMPUTED_VALUE"""),"Vici Gaming") -> Vici Gaming | P15: =IFERROR(__xludf.DUMMYFUNCTION("""COMPUTED_VALUE"""),"Q") -> Q | T15: =IFERROR(__xludf.DUMMYFUNCTION("""COMPUTED_VALUE"""),"Quarterfinal 3") -> Quarterfinal 3 | U15: =IFERROR(__xludf.DUMMYFUNCTION("""COMPUTED_VALUE"""),"(loser out)") -> (loser out) | AD15: =IFERROR(__xludf.DUMMYFUNCTION("""COMPUTED_VALUE"""),"Winner of SF 2") -> Winner of SF 2 | AE15: =IFERROR(__xludf.DUMMYFUNCTION("""COMPUTED_VALUE"""),"")
C16: =IFERROR(__xludf.DUMMYFUNCTION("""COMPUTED_VALUE"""),4.0) -> 4 | D16: =IFERROR(__xludf.DUMMYFUNCTION("""COMPUTED_VALUE"""),"Nigma Galaxy") -> Nigma Galaxy | L16: =IFERROR(__xludf.DUMMYFUNCTION("""COMPUTED_VALUE"""),"Vici Gaming") -> Vici Gaming | M16: =IFERROR(__xludf.DUMMYFUNCTION("""COMPUTED_VALUE"""),2.0) -> 2 | T16: =IFERROR(__xludf.DUMMYFUNCTION("""COMPUTED_VALUE"""),"Team Yandex") -> Team Yandex | U16: =IFERROR(__xludf.DUMMYFUNCTION("""COMPUTED_VALUE"""),2.0) -> 2
C17: =IFERROR(__xludf.DUMMYFUNCTION("""COMPUTED_VALUE"""),5.0) -> 5 | D17: =IFERROR(__xludf.DUMMYFUNCTION("""COMPUTED_VALUE"""),"L1 TEAM") -> L1 TEAM | H17: =IFERROR(__xludf.DUMMYFUNCTION("""COMPUTED_VALUE"""),"Survival - R1 - Match 3") -> Survival - R1 - Match 3 | L17: =IFERROR(__xludf.DUMMYFUNCTION("""COMPUTED_VALUE"""),"(loser out)") -> (loser out) | T17: =IFERROR(__xludf.DUMMYFUNCTION("""COMPUTED_VALUE"""),"Team Spirit") -> Team Spirit | U17: =IFERROR(__xludf.DUMMYFUNCTION("""COMPUTED_VALUE"""),0.0) -> 0 | X17: =IFERROR(__xludf.DUMMYFUNCTION("""COMPUTED_VALUE"""),"Semifinal 2") -> Semifinal 2 | Y17: =IFERROR(__xludf.DUMMYFUNCTION("""COMPUTED_VALUE"""),"(loser out)") -> (loser out)
C18: =IFERROR(__xludf.DUMMYFUNCTION("""COMPUTED_VALUE"""),6.0) -> 6 | D18: =IFERROR(__xludf.DUMMYFUNCTION("""COMPUTED_VALUE"""),"Level UP") -> Level UP | H18: =IFERROR(__xludf.DUMMYFUNCTION("""COMPUTED_VALUE"""),"Team Liquid") -> Team Liquid | I18: =IFERROR(__xludf.DUMMYFUNCTION("""COMPUTED_VALUE"""),2.0) -> 2 | X18: =IFERROR(__xludf.DUMMYFUNCTION("""COMPUTED_VALUE"""),"Team Yandex") -> Team Yandex | Y18: =IFERROR(__xludf.DUMMYFUNCTION("""COMPUTED_VALUE"""),"")
H19: =IFERROR(__xludf.DUMMYFUNCTION("""COMPUTED_VALUE"""),"Xtreme Gaming") -> Xtreme Gaming | I19: =IFERROR(__xludf.DUMMYFUNCTION("""COMPUTED_VALUE"""),1.0) -> 1 | L19: =IFERROR(__xludf.DUMMYFUNCTION("""COMPUTED_VALUE"""),"Survival - R2 - Match 3") -> Survival - R2 - Match 3 | T19: =IFERROR(__xludf.DUMMYFUNCTION("""COMPUTED_VALUE"""),"Quarterfinal 4") -> Quarterfinal 4 | U19: =IFERROR(__xludf.DUMMYFUNCTION("""COMPUTED_VALUE"""),"(loser out)") -> (loser out) | X19: =IFERROR(__xludf.DUMMYFUNCTION("""COMPUTED_VALUE"""),"PVISION") -> PVISION | Y19: =IFERROR(__xludf.DUMMYFUNCTION("""COMPUTED_VALUE"""),"")
C20: =IFERROR(__xludf.DUMMYFUNCTION("""COMPUTED_VALUE"""),"Group C") -> Group C | H20: =IFERROR(__xludf.DUMMYFUNCTION("""COMPUTED_VALUE"""),"(loser out)") -> (loser out) | L20: =IFERROR(__xludf.DUMMYFUNCTION("""COMPUTED_VALUE"""),"Team Spirit") -> Team Spirit | M20: =IFERROR(__xludf.DUMMYFUNCTION("""COMPUTED_VALUE"""),2.0) -> 2 | O20: =IFERROR(__xludf.DUMMYFUNCTION("""COMPUTED_VALUE"""),"Team Spirit") -> Team Spirit | P20: =IFERROR(__xludf.DUMMYFUNCTION("""COMPUTED_VALUE"""),"Q") -> Q | T20: =IFERROR(__xludf.DUMMYFUNCTION("""COMPUTED_VALUE"""),"PVISION") -> PVISION | U20: =IFERROR(__xludf.DUMMYFUNCTION("""COMPUTED_VALUE"""),2.0) -> 2
C21: =IFERROR(__xludf.DUMMYFUNCTION("""COMPUTED_VALUE"""),1.0) -> 1 | D21: =IFERROR(__xludf.DUMMYFUNCTION("""COMPUTED_VALUE"""),"PVISION") -> PVISION | L21: =IFERROR(__xludf.DUMMYFUNCTION("""COMPUTED_VALUE"""),"Team Liquid") -> Team Liquid | M21: =IFERROR(__xludf.DUMMYFUNCTION("""COMPUTED_VALUE"""),1.0) -> 1 | T21: =IFERROR(__xludf.DUMMYFUNCTION("""COMPUTED_VALUE"""),"Rune Eaters") -> Rune Eaters | U21: =IFERROR(__xludf.DUMMYFUNCTION("""COMPUTED_VALUE"""),0.0) -> 0 | X21: =IFERROR(__xludf.DUMMYFUNCTION("""COMPUTED_VALUE"""),"3rd Place") -> 3rd Place
C22: =IFERROR(__xludf.DUMMYFUNCTION("""COMPUTED_VALUE"""),2.0) -> 2 | D22: =IFERROR(__xludf.DUMMYFUNCTION("""COMPUTED_VALUE"""),"Team Spirit") -> Team Spirit | H22: =IFERROR(__xludf.DUMMYFUNCTION("""COMPUTED_VALUE"""),"Survival - R1 - Match 4") -> Survival - R1 - Match 4 | L22: =IFERROR(__xludf.DUMMYFUNCTION("""COMPUTED_VALUE"""),"(loser out)") -> (loser out) | X22: =IFERROR(__xludf.DUMMYFUNCTION("""COMPUTED_VALUE"""),"Loser of SF 1") -> Loser of SF 1 | Y22: =IFERROR(__xludf.DUMMYFUNCTION("""COMPUTED_VALUE"""),"") | AA22: =IFERROR(__xludf.DUMMYFUNCTION("""COMPUTED_VALUE"""),"Winner of 3rd Place") -> Winner of 3rd Place
C23: =IFERROR(__xludf.DUMMYFUNCTION("""COMPUTED_VALUE"""),3.0) -> 3 | D23: =IFERROR(__xludf.DUMMYFUNCTION("""COMPUTED_VALUE"""),"MOUZ") -> MOUZ | H23: =IFERROR(__xludf.DUMMYFUNCTION("""COMPUTED_VALUE"""),"Rune Eaters") -> Rune Eaters | I23: =IFERROR(__xludf.DUMMYFUNCTION("""COMPUTED_VALUE"""),2.0) -> 2 | X23: =IFERROR(__xludf.DUMMYFUNCTION("""COMPUTED_VALUE"""),"Loser of SF 2") -> Loser of SF 2 | Y23: =IFERROR(__xludf.DUMMYFUNCTION("""COMPUTED_VALUE"""),"")
C24: =IFERROR(__xludf.DUMMYFUNCTION("""COMPUTED_VALUE"""),4.0) -> 4 | D24: =IFERROR(__xludf.DUMMYFUNCTION("""COMPUTED_VALUE"""),"Vici Gaming") -> Vici Gaming | H24: =IFERROR(__xludf.DUMMYFUNCTION("""COMPUTED_VALUE"""),"Virtus.pro") -> Virtus.pro | I24: =IFERROR(__xludf.DUMMYFUNCTION("""COMPUTED_VALUE"""),1.0) -> 1 | L24: =IFERROR(__xludf.DUMMYFUNCTION("""COMPUTED_VALUE"""),"Survival - R2 - Match 4") -> Survival - R2 - Match 4
C25: =IFERROR(__xludf.DUMMYFUNCTION("""COMPUTED_VALUE"""),5.0) -> 5 | D25: =IFERROR(__xludf.DUMMYFUNCTION("""COMPUTED_VALUE"""),"REKONIX") -> REKONIX | H25: =IFERROR(__xludf.DUMMYFUNCTION("""COMPUTED_VALUE"""),"(loser out)") -> (loser out) | L25: =IFERROR(__xludf.DUMMYFUNCTION("""COMPUTED_VALUE"""),"Aurora Gaming") -> Aurora Gaming | M25: =IFERROR(__xludf.DUMMYFUNCTION("""COMPUTED_VALUE"""),0.0) -> 0 | O25: =IFERROR(__xludf.DUMMYFUNCTION("""COMPUTED_VALUE"""),"Rune Eaters") -> Rune Eaters | P25: =IFERROR(__xludf.DUMMYFUNCTION("""COMPUTED_VALUE"""),"Q") -> Q
C26: =IFERROR(__xludf.DUMMYFUNCTION("""COMPUTED_VALUE"""),6.0) -> 6 | D26: =IFERROR(__xludf.DUMMYFUNCTION("""COMPUTED_VALUE"""),"Team Nemesis") -> Team Nemesis | L26: =IFERROR(__xludf.DUMMYFUNCTION("""COMPUTED_VALUE"""),"Rune Eaters") -> Rune Eaters | M26: =IFERROR(__xludf.DUMMYFUNCTION("""COMPUTED_VALUE"""),2.0) -> 2
L27: =IFERROR(__xludf.DUMMYFUNCTION("""COMPUTED_VALUE"""),"(loser out)") -> (loser out)
C28: =IFERROR(__xludf.DUMMYFUNCTION("""COMPUTED_VALUE"""),"Group D") -> Group D | O28: =IFERROR(__xludf.DUMMYFUNCTION("""COMPUTED_VALUE"""),"Group Winners") -> Group Winners
C29: =IFERROR(__xludf.DUMMYFUNCTION("""COMPUTED_VALUE"""),1.0) -> 1 | D29: =IFERROR(__xludf.DUMMYFUNCTION("""COMPUTED_VALUE"""),"1W") -> 1W | O29: =IFERROR(__xludf.DUMMYFUNCTION("""COMPUTED_VALUE"""),"BB Team") -> BB Team | P29: =IFERROR(__xludf.DUMMYFUNCTION("""COMPUTED_VALUE"""),"Q") -> Q
C30: =IFERROR(__xludf.DUMMYFUNCTION("""COMPUTED_VALUE"""),2.0) -> 2 | D30: =IFERROR(__xludf.DUMMYFUNCTION("""COMPUTED_VALUE"""),"Team Yandex") -> Team Yandex | O30: =IFERROR(__xludf.DUMMYFUNCTION("""COMPUTED_VALUE"""),"Vici Gaming") -> Vici Gaming | P30: =IFERROR(__xludf.DUMMYFUNCTION("""COMPUTED_VALUE"""),"Q") -> Q
C31: =IFERROR(__xludf.DUMMYFUNCTION("""COMPUTED_VALUE"""),3.0) -> 3 | D31: =IFERROR(__xludf.DUMMYFUNCTION("""COMPUTED_VALUE"""),"OG Esports") -> OG Esports | O31: =IFERROR(__xludf.DUMMYFUNCTION("""COMPUTED_VALUE"""),"Team Spirit") -> Team Spirit | P31: =IFERROR(__xludf.DUMMYFUNCTION("""COMPUTED_VALUE"""),"Q") -> Q
C32: =IFERROR(__xludf.DUMMYFUNCTION("""COMPUTED_VALUE"""),4.0) -> 4 | D32: =IFERROR(__xludf.DUMMYFUNCTION("""COMPUTED_VALUE"""),"Virtus.pro") -> Virtus.pro | O32: =IFERROR(__xludf.DUMMYFUNCTION("""COMPUTED_VALUE"""),"Rune Eaters") -> Rune Eaters | P32: =IFERROR(__xludf.DUMMYFUNCTION("""COMPUTED_VALUE"""),"Q") -> Q
C33: =IFERROR(__xludf.DUMMYFUNCTION("""COMPUTED_VALUE"""),5.0) -> 5 | D33: =IFERROR(__xludf.DUMMYFUNCTION("""COMPUTED_VALUE"""),"LGD Gaming") -> LGD Gaming | O33: =IFERROR(__xludf.DUMMYFUNCTION("""COMPUTED_VALUE"""),"Team Falcons") -> Team Falcons | P33: =IFERROR(__xludf.DUMMYFUNCTION("""COMPUTED_VALUE"""),"Q") -> Q
C34: =IFERROR(__xludf.DUMMYFUNCTION("""COMPUTED_VALUE"""),6.0) -> 6 | D34: =IFERROR(__xludf.DUMMYFUNCTION("""COMPUTED_VALUE"""),"IC x Insanity") -> IC x Insanity | O34: =IFERROR(__xludf.DUMMYFUNCTION("""COMPUTED_VALUE"""),"Nigma Galaxy") -> Nigma Galaxy | P34: =IFERROR(__xludf.DUMMYFUNCTION("""COMPUTED_VALUE"""),"Q") -> Q
O35: =IFERROR(__xludf.DUMMYFUNCTION("""COMPUTED_VALUE"""),"PVISION") -> PVISION | P35: =IFERROR(__xludf.DUMMYFUNCTION("""COMPUTED_VALUE"""),"Q") -> Q
O36: =IFERROR(__xludf.DUMMYFUNCTION("""COMPUTED_VALUE"""),"Team Yandex") -> Team Yandex | P36: =IFERROR(__xludf.DUMMYFUNCTION("""COMPUTED_VALUE"""),"Q") -> Q
H83: =IFERROR(__xludf.DUMMYFUNCTION("""COMPUTED_VALUE"""),"13-16") -> 13-16 | L83: =IFERROR(__xludf.DUMMYFUNCTION("""COMPUTED_VALUE"""),46000.0) -> 46000 | O83: =IFERROR(__xludf.DUMMYFUNCTION("""COMPUTED_VALUE"""),45874.0) -> 45874 | T83: =IFERROR(__xludf.DUMMYFUNCTION("""COMPUTED_VALUE"""),45874.0) -> 45874 | X83: =IFERROR(__xludf.DUMMYFUNCTION("""COMPUTED_VALUE"""),4.0) -> 4 | AA83: =IFERROR(__xludf.DUMMYFUNCTION("""COMPUTED_VALUE"""),3.0) -> 3 | AD83: =IFERROR(__xludf.DUMMYFUNCTION("""COMPUTED_VALUE"""),2.0) -> 2 | AG83: =IFERROR(__xludf.DUMMYFUNCTION("""COMPUTED_VALUE"""),1.0) -> 1

Sheet TO UPDATE Visualization

Sheet Participant Information
A1: =IFERROR(__xludf.DUMMYFUNCTION("if('Make Public'!C10=""Yes"",importrange('Make Public'!B3,""Participant Information!A1:M""),""TBD"")"),"")
B2: =IFERROR(__xludf.DUMMYFUNCTION("""COMPUTED_VALUE"""),"Tournament Participants - IMPORT") -> Tournament Participants - IMPORT | H2: =IFERROR(__xludf.DUMMYFUNCTION("""COMPUTED_VALUE"""),"Tournament Seeding") -> Tournament Seeding | K2: =IFERROR(__xludf.DUMMYFUNCTION("""COMPUTED_VALUE"""),"Tournament Groups") -> Tournament Groups
B3: =IFERROR(__xludf.DUMMYFUNCTION("""COMPUTED_VALUE"""),"#") -> # | C3: =IFERROR(__xludf.DUMMYFUNCTION("""COMPUTED_VALUE"""),"Slot") -> Slot | D3: =IFERROR(__xludf.DUMMYFUNCTION("""COMPUTED_VALUE"""),"Determined when") -> Determined when | E3: =IFERROR(__xludf.DUMMYFUNCTION("""COMPUTED_VALUE"""),"Team") -> Team | K3: =IFERROR(__xludf.DUMMYFUNCTION("""COMPUTED_VALUE"""),"Group Stage") -> Group Stage
B4: =IFERROR(__xludf.DUMMYFUNCTION("""COMPUTED_VALUE"""),1.0) -> 1 | C4: =IFERROR(__xludf.DUMMYFUNCTION("""COMPUTED_VALUE"""),"Title Defender") -> Title Defender | D4: =IFERROR(__xludf.DUMMYFUNCTION("""COMPUTED_VALUE"""),45857.0) -> 45857 | E4: =IFERROR(__xludf.DUMMYFUNCTION("""COMPUTED_VALUE"""),"Team Spirit") -> Team Spirit | H4: =IFERROR(__xludf.DUMMYFUNCTION("""COMPUTED_VALUE"""),"#") -> # | I4: =IFERROR(__xludf.DUMMYFUNCTION("""COMPUTED_VALUE"""),"Seed") -> Seed | K4: =IFERROR(__xludf.DUMMYFUNCTION("""COMPUTED_VALUE"""),"#") -> # | L4: =IFERROR(__xludf.DUMMYFUNCTION("""COMPUTED_VALUE"""),"Group A") -> Group A | M4: =IFERROR(__xludf.DUMMYFUNCTION("""COMPUTED_VALUE"""),"Group B") -> Group B
B5: =IFERROR(__xludf.DUMMYFUNCTION("""COMPUTED_VALUE"""),2.0) -> 2 | C5: =IFERROR(__xludf.DUMMYFUNCTION("""COMPUTED_VALUE"""),"EPT Tour Ranking") -> EPT Tour Ranking | D5: =IFERROR(__xludf.DUMMYFUNCTION("""COMPUTED_VALUE"""),46166.0) -> 46166 | E5: =IFERROR(__xludf.DUMMYFUNCTION("""COMPUTED_VALUE"""),"1W") -> 1W | H5: =IFERROR(__xludf.DUMMYFUNCTION("""COMPUTED_VALUE"""),1.0) -> 1 | K5: =IFERROR(__xludf.DUMMYFUNCTION("""COMPUTED_VALUE"""),1.0) -> 1 | L5: =IFERROR(__xludf.DUMMYFUNCTION("""COMPUTED_VALUE"""),"Xtreme Gaming") -> Xtreme Gaming | M5: =IFERROR(__xludf.DUMMYFUNCTION("""COMPUTED_VALUE"""),"Aurora Gaming") -> Aurora Gaming
B6: =IFERROR(__xludf.DUMMYFUNCTION("""COMPUTED_VALUE"""),3.0) -> 3 | C6: =IFERROR(__xludf.DUMMYFUNCTION("""COMPUTED_VALUE"""),"EPT Tour Ranking") -> EPT Tour Ranking | D6: =IFERROR(__xludf.DUMMYFUNCTION("""COMPUTED_VALUE"""),46166.0) -> 46166 | E6: =IFERROR(__xludf.DUMMYFUNCTION("""COMPUTED_VALUE"""),"PVISION") -> PVISION | H6: =IFERROR(__xludf.DUMMYFUNCTION("""COMPUTED_VALUE"""),2.0) -> 2 | K6: =IFERROR(__xludf.DUMMYFUNCTION("""COMPUTED_VALUE"""),2.0) -> 2 | L6: =IFERROR(__xludf.DUMMYFUNCTION("""COMPUTED_VALUE"""),"Team Falcons") -> Team Falcons | M6: =IFERROR(__xludf.DUMMYFUNCTION("""COMPUTED_VALUE"""),"Team Liquid") -> Team Liquid
B7: =IFERROR(__xludf.DUMMYFUNCTION("""COMPUTED_VALUE"""),4.0) -> 4 | C7: =IFERROR(__xludf.DUMMYFUNCTION("""COMPUTED_VALUE"""),"EPT Tour Ranking") -> EPT Tour Ranking | D7: =IFERROR(__xludf.DUMMYFUNCTION("""COMPUTED_VALUE"""),46166.0) -> 46166 | E7: =IFERROR(__xludf.DUMMYFUNCTION("""COMPUTED_VALUE"""),"Aurora Gaming") -> Aurora Gaming | H7: =IFERROR(__xludf.DUMMYFUNCTION("""COMPUTED_VALUE"""),3.0) -> 3 | K7: =IFERROR(__xludf.DUMMYFUNCTION("""COMPUTED_VALUE"""),3.0) -> 3 | L7: =IFERROR(__xludf.DUMMYFUNCTION("""COMPUTED_VALUE"""),"BB Team") -> BB Team | M7: =IFERROR(__xludf.DUMMYFUNCTION("""COMPUTED_VALUE"""),"PTime") -> PTime
B8: =IFERROR(__xludf.DUMMYFUNCTION("""COMPUTED_VALUE"""),5.0) -> 5 | C8: =IFERROR(__xludf.DUMMYFUNCTION("""COMPUTED_VALUE"""),"EPT Tour Ranking") -> EPT Tour Ranking | D8: =IFERROR(__xludf.DUMMYFUNCTION("""COMPUTED_VALUE"""),46166.0) -> 46166 | E8: =IFERROR(__xludf.DUMMYFUNCTION("""COMPUTED_VALUE"""),"Xtreme Gaming") -> Xtreme Gaming | H8: =IFERROR(__xludf.DUMMYFUNCTION("""COMPUTED_VALUE"""),4.0) -> 4 | K8: =IFERROR(__xludf.DUMMYFUNCTION("""COMPUTED_VALUE"""),4.0) -> 4 | L8: =IFERROR(__xludf.DUMMYFUNCTION("""COMPUTED_VALUE"""),"GamerLegion") -> GamerLegion | M8: =IFERROR(__xludf.DUMMYFUNCTION("""COMPUTED_VALUE"""),"Nigma Galaxy") -> Nigma Galaxy
B9: =IFERROR(__xludf.DUMMYFUNCTION("""COMPUTED_VALUE"""),6.0) -> 6 | C9: =IFERROR(__xludf.DUMMYFUNCTION("""COMPUTED_VALUE"""),"EPT Tour Ranking") -> EPT Tour Ranking | D9: =IFERROR(__xludf.DUMMYFUNCTION("""COMPUTED_VALUE"""),46166.0) -> 46166 | E9: =IFERROR(__xludf.DUMMYFUNCTION("""COMPUTED_VALUE"""),"Team Yandex") -> Team Yandex | H9: =IFERROR(__xludf.DUMMYFUNCTION("""COMPUTED_VALUE"""),5.0) -> 5 | K9: =IFERROR(__xludf.DUMMYFUNCTION("""COMPUTED_VALUE"""),5.0) -> 5 | L9: =IFERROR(__xludf.DUMMYFUNCTION("""COMPUTED_VALUE"""),"Poor Rangers") -> Poor Rangers | M9: =IFERROR(__xludf.DUMMYFUNCTION("""COMPUTED_VALUE"""),"L1 TEAM") -> L1 TEAM
B10: =IFERROR(__xludf.DUMMYFUNCTION("""COMPUTED_VALUE"""),7.0) -> 7 | C10: =IFERROR(__xludf.DUMMYFUNCTION("""COMPUTED_VALUE"""),"EPT Tour Ranking") -> EPT Tour Ranking | D10: =IFERROR(__xludf.DUMMYFUNCTION("""COMPUTED_VALUE"""),46166.0) -> 46166 | E10: =IFERROR(__xludf.DUMMYFUNCTION("""COMPUTED_VALUE"""),"Team Falcons") -> Team Falcons | H10: =IFERROR(__xludf.DUMMYFUNCTION("""COMPUTED_VALUE"""),6.0) -> 6 | K10: =IFERROR(__xludf.DUMMYFUNCTION("""COMPUTED_VALUE"""),6.0) -> 6 | L10: =IFERROR(__xludf.DUMMYFUNCTION("""COMPUTED_VALUE"""),"Rune Eaters") -> Rune Eaters | M10: =IFERROR(__xludf.DUMMYFUNCTION("""COMPUTED_VALUE"""),"Level UP") -> Level UP
B11: =IFERROR(__xludf.DUMMYFUNCTION("""COMPUTED_VALUE"""),8.0) -> 8 | C11: =IFERROR(__xludf.DUMMYFUNCTION("""COMPUTED_VALUE"""),"EPT Tour Ranking") -> EPT Tour Ranking | D11: =IFERROR(__xludf.DUMMYFUNCTION("""COMPUTED_VALUE"""),46166.0) -> 46166 | E11: =IFERROR(__xludf.DUMMYFUNCTION("""COMPUTED_VALUE"""),"Team Liquid") -> Team Liquid | H11: =IFERROR(__xludf.DUMMYFUNCTION("""COMPUTED_VALUE"""),7.0) -> 7 | K11: =IFERROR(__xludf.DUMMYFUNCTION("""COMPUTED_VALUE"""),"#") -> # | L11: =IFERROR(__xludf.DUMMYFUNCTION("""COMPUTED_VALUE"""),"Group C") -> Group C | M11: =IFERROR(__xludf.DUMMYFUNCTION("""COMPUTED_VALUE"""),"Group D") -> Group D
B12: =IFERROR(__xludf.DUMMYFUNCTION("""COMPUTED_VALUE"""),9.0) -> 9 | C12: =IFERROR(__xludf.DUMMYFUNCTION("""COMPUTED_VALUE"""),"EPT Tour Ranking") -> EPT Tour Ranking | D12: =IFERROR(__xludf.DUMMYFUNCTION("""COMPUTED_VALUE"""),46166.0) -> 46166 | E12: =IFERROR(__xludf.DUMMYFUNCTION("""COMPUTED_VALUE"""),"BB Team") -> BB Team | H12: =IFERROR(__xludf.DUMMYFUNCTION("""COMPUTED_VALUE"""),8.0) -> 8 | K12: =IFERROR(__xludf.DUMMYFUNCTION("""COMPUTED_VALUE"""),1.0) -> 1 | L12: =IFERROR(__xludf.DUMMYFUNCTION("""COMPUTED_VALUE"""),"PVISION") -> PVISION | M12: =IFERROR(__xludf.DUMMYFUNCTION("""COMPUTED_VALUE"""),"1W") -> 1W
B13: =IFERROR(__xludf.DUMMYFUNCTION("""COMPUTED_VALUE"""),10.0) -> 10 | C13: =IFERROR(__xludf.DUMMYFUNCTION("""COMPUTED_VALUE"""),"EPT Tour Ranking") -> EPT Tour Ranking | D13: =IFERROR(__xludf.DUMMYFUNCTION("""COMPUTED_VALUE"""),46166.0) -> 46166 | E13: =IFERROR(__xludf.DUMMYFUNCTION("""COMPUTED_VALUE"""),"MOUZ") -> MOUZ | H13: =IFERROR(__xludf.DUMMYFUNCTION("""COMPUTED_VALUE"""),9.0) -> 9 | K13: =IFERROR(__xludf.DUMMYFUNCTION("""COMPUTED_VALUE"""),2.0) -> 2 | L13: =IFERROR(__xludf.DUMMYFUNCTION("""COMPUTED_VALUE"""),"Team Spirit") -> Team Spirit | M13: =IFERROR(__xludf.DUMMYFUNCTION("""COMPUTED_VALUE"""),"Team Yandex") -> Team Yandex
B14: =IFERROR(__xludf.DUMMYFUNCTION("""COMPUTED_VALUE"""),11.0) -> 11 | C14: =IFERROR(__xludf.DUMMYFUNCTION("""COMPUTED_VALUE"""),"EPT Tour Ranking") -> EPT Tour Ranking | D14: =IFERROR(__xludf.DUMMYFUNCTION("""COMPUTED_VALUE"""),46166.0) -> 46166 | E14: =IFERROR(__xludf.DUMMYFUNCTION("""COMPUTED_VALUE"""),"PTime") -> PTime | H14: =IFERROR(__xludf.DUMMYFUNCTION("""COMPUTED_VALUE"""),10.0) -> 10 | K14: =IFERROR(__xludf.DUMMYFUNCTION("""COMPUTED_VALUE"""),3.0) -> 3 | L14: =IFERROR(__xludf.DUMMYFUNCTION("""COMPUTED_VALUE"""),"MOUZ") -> MOUZ | M14: =IFERROR(__xludf.DUMMYFUNCTION("""COMPUTED_VALUE"""),"OG Esports") -> OG Esports
B15: =IFERROR(__xludf.DUMMYFUNCTION("""COMPUTED_VALUE"""),12.0) -> 12 | C15: =IFERROR(__xludf.DUMMYFUNCTION("""COMPUTED_VALUE"""),"EPT Tour Ranking") -> EPT Tour Ranking | D15: =IFERROR(__xludf.DUMMYFUNCTION("""COMPUTED_VALUE"""),46166.0) -> 46166 | E15: =IFERROR(__xludf.DUMMYFUNCTION("""COMPUTED_VALUE"""),"OG Esports") -> OG Esports | H15: =IFERROR(__xludf.DUMMYFUNCTION("""COMPUTED_VALUE"""),11.0) -> 11 | K15: =IFERROR(__xludf.DUMMYFUNCTION("""COMPUTED_VALUE"""),4.0) -> 4 | L15: =IFERROR(__xludf.DUMMYFUNCTION("""COMPUTED_VALUE"""),"Vici Gaming") -> Vici Gaming | M15: =IFERROR(__xludf.DUMMYFUNCTION("""COMPUTED_VALUE"""),"Virtus.pro") -> Virtus.pro
B16: =IFERROR(__xludf.DUMMYFUNCTION("""COMPUTED_VALUE"""),13.0) -> 13 | C16: =IFERROR(__xludf.DUMMYFUNCTION("""COMPUTED_VALUE"""),"EPT Tour Ranking") -> EPT Tour Ranking | D16: =IFERROR(__xludf.DUMMYFUNCTION("""COMPUTED_VALUE"""),46166.0) -> 46166 | E16: =IFERROR(__xludf.DUMMYFUNCTION("""COMPUTED_VALUE"""),"Virtus.pro") -> Virtus.pro | H16: =IFERROR(__xludf.DUMMYFUNCTION("""COMPUTED_VALUE"""),12.0) -> 12 | K16: =IFERROR(__xludf.DUMMYFUNCTION("""COMPUTED_VALUE"""),5.0) -> 5 | L16: =IFERROR(__xludf.DUMMYFUNCTION("""COMPUTED_VALUE"""),"REKONIX") -> REKONIX | M16: =IFERROR(__xludf.DUMMYFUNCTION("""COMPUTED_VALUE"""),"LGD Gaming") -> LGD Gaming
B17: =IFERROR(__xludf.DUMMYFUNCTION("""COMPUTED_VALUE"""),14.0) -> 14 | C17: =IFERROR(__xludf.DUMMYFUNCTION("""COMPUTED_VALUE"""),"Asian Champions League (ACL): China") -> Asian Champions League (ACL): China | D17: =IFERROR(__xludf.DUMMYFUNCTION("""COMPUTED_VALUE"""),46145.0) -> 46145 | E17: =IFERROR(__xludf.DUMMYFUNCTION("""COMPUTED_VALUE"""),"Vici Gaming") -> Vici Gaming | H17: =IFERROR(__xludf.DUMMYFUNCTION("""COMPUTED_VALUE"""),13.0) -> 13 | K17: =IFERROR(__xludf.DUMMYFUNCTION("""COMPUTED_VALUE"""),6.0) -> 6 | L17: =IFERROR(__xludf.DUMMYFUNCTION("""COMPUTED_VALUE"""),"Team Nemesis") -> Team Nemesis | M17: =IFERROR(__xludf.DUMMYFUNCTION("""COMPUTED_VALUE"""),"Inner Circle x Insanity") -> Inner Circle x Insanity
B18: =IFERROR(__xludf.DUMMYFUNCTION("""COMPUTED_VALUE"""),15.0) -> 15 | C18: =IFERROR(__xludf.DUMMYFUNCTION("""COMPUTED_VALUE"""),"Dota 2 at ROAD TO EWC 26: Online Qualifier - Southeast Asia") -> Dota 2 at ROAD TO EWC 26: Online Qualifier - Southeast Asia | D18: =IFERROR(__xludf.DUMMYFUNCTION("""COMPUTED_VALUE"""),46178.0) -> 46178 | E18: =IFERROR(__xludf.DUMMYFUNCTION("""COMPUTED_VALUE"""),"REKONIX") -> REKONIX | H18: =IFERROR(__xludf.DUMMYFUNCTION("""COMPUTED_VALUE"""),14.0) -> 14
B19: =IFERROR(__xludf.DUMMYFUNCTION("""COMPUTED_VALUE"""),16.0) -> 16 | C19: =IFERROR(__xludf.DUMMYFUNCTION("""COMPUTED_VALUE"""),"Dota 2 at ROAD TO EWC 26: Online Qualifier - South America") -> Dota 2 at ROAD TO EWC 26: Online Qualifier - South America | D19: =IFERROR(__xludf.DUMMYFUNCTION("""COMPUTED_VALUE"""),46176.0) -> 46176 | E19: =IFERROR(__xludf.DUMMYFUNCTION("""COMPUTED_VALUE"""),"Team Nemesis") -> Team Nemesis | H19: =IFERROR(__xludf.DUMMYFUNCTION("""COMPUTED_VALUE"""),15.0) -> 15
B20: =IFERROR(__xludf.DUMMYFUNCTION("""COMPUTED_VALUE"""),17.0) -> 17 | C20: =IFERROR(__xludf.DUMMYFUNCTION("""COMPUTED_VALUE"""),"Dota 2 at ROAD TO EWC 26: Online Qualifier - North America") -> Dota 2 at ROAD TO EWC 26: Online Qualifier - North America | D20: =IFERROR(__xludf.DUMMYFUNCTION("""COMPUTED_VALUE"""),46177.0) -> 46177 | E20: =IFERROR(__xludf.DUMMYFUNCTION("""COMPUTED_VALUE"""),"GamerLegion") -> GamerLegion | H20: =IFERROR(__xludf.DUMMYFUNCTION("""COMPUTED_VALUE"""),16.0) -> 16
B21: =IFERROR(__xludf.DUMMYFUNCTION("""COMPUTED_VALUE"""),18.0) -> 18 | C21: =IFERROR(__xludf.DUMMYFUNCTION("""COMPUTED_VALUE"""),"Dota 2 at ROAD TO EWC 26: Online Qualifier - Middle East Southwest Asia") -> Dota 2 at ROAD TO EWC 26: Online Qualifier - Middle East Southwest Asia | D21: =IFERROR(__xludf.DUMMYFUNCTION("""COMPUTED_VALUE"""),46176.0) -> 46176 | E21: =IFERROR(__xludf.DUMMYFUNCTION("""COMPUTED_VALUE"""),"Nigma Galaxy") -> Nigma Galaxy | H21: =IFERROR(__xludf.DUMMYFUNCTION("""COMPUTED_VALUE"""),17.0) -> 17
B22: =IFERROR(__xludf.DUMMYFUNCTION("""COMPUTED_VALUE"""),19.0) -> 19 | C22: =IFERROR(__xludf.DUMMYFUNCTION("""COMPUTED_VALUE"""),"Dota 2 at ROAD TO EWC 26: Online Qualifier - Eastern Europe") -> Dota 2 at ROAD TO EWC 26: Online Qualifier - Eastern Europe | D22: =IFERROR(__xludf.DUMMYFUNCTION("""COMPUTED_VALUE"""),46176.0) -> 46176 | E22: =IFERROR(__xludf.DUMMYFUNCTION("""COMPUTED_VALUE"""),"Level UP") -> Level UP | H22: =IFERROR(__xludf.DUMMYFUNCTION("""COMPUTED_VALUE"""),18.0) -> 18
B23: =IFERROR(__xludf.DUMMYFUNCTION("""COMPUTED_VALUE"""),20.0) -> 20 | C23: =IFERROR(__xludf.DUMMYFUNCTION("""COMPUTED_VALUE"""),"Dota 2 at ROAD TO EWC 26: Online Qualifier - Eastern Europe") -> Dota 2 at ROAD TO EWC 26: Online Qualifier - Eastern Europe | D23: =IFERROR(__xludf.DUMMYFUNCTION("""COMPUTED_VALUE"""),46176.0) -> 46176 | E23: =IFERROR(__xludf.DUMMYFUNCTION("""COMPUTED_VALUE"""),"Poor Rangers") -> Poor Rangers | H23: =IFERROR(__xludf.DUMMYFUNCTION("""COMPUTED_VALUE"""),19.0) -> 19
B24: =IFERROR(__xludf.DUMMYFUNCTION("""COMPUTED_VALUE"""),21.0) -> 21 | C24: =IFERROR(__xludf.DUMMYFUNCTION("""COMPUTED_VALUE"""),"Dota 2 at ROAD TO EWC 26: Online Qualifier - Eastern Europe") -> Dota 2 at ROAD TO EWC 26: Online Qualifier - Eastern Europe | D24: =IFERROR(__xludf.DUMMYFUNCTION("""COMPUTED_VALUE"""),46176.0) -> 46176 | E24: =IFERROR(__xludf.DUMMYFUNCTION("""COMPUTED_VALUE"""),"L1 TEAM") -> L1 TEAM | H24: =IFERROR(__xludf.DUMMYFUNCTION("""COMPUTED_VALUE"""),20.0) -> 20
B25: =IFERROR(__xludf.DUMMYFUNCTION("""COMPUTED_VALUE"""),22.0) -> 22 | C25: =IFERROR(__xludf.DUMMYFUNCTION("""COMPUTED_VALUE"""),"Dota 2 at ROAD TO EWC 26: Online Qualifier - Eastern Europe") -> Dota 2 at ROAD TO EWC 26: Online Qualifier - Eastern Europe | D25: =IFERROR(__xludf.DUMMYFUNCTION("""COMPUTED_VALUE"""),46176.0) -> 46176 | E25: =IFERROR(__xludf.DUMMYFUNCTION("""COMPUTED_VALUE"""),"IC x Insanity") -> IC x Insanity | H25: =IFERROR(__xludf.DUMMYFUNCTION("""COMPUTED_VALUE"""),21.0) -> 21
B26: =IFERROR(__xludf.DUMMYFUNCTION("""COMPUTED_VALUE"""),23.0) -> 23 | C26: =IFERROR(__xludf.DUMMYFUNCTION("""COMPUTED_VALUE"""),"Dota 2 at ROAD TO EWC 26: Online Qualifier - Western Europe") -> Dota 2 at ROAD TO EWC 26: Online Qualifier - Western Europe | D26: =IFERROR(__xludf.DUMMYFUNCTION("""COMPUTED_VALUE"""),46175.0) -> 46175 | E26: =IFERROR(__xludf.DUMMYFUNCTION("""COMPUTED_VALUE"""),"LGD Gaming") -> LGD Gaming | H26: =IFERROR(__xludf.DUMMYFUNCTION("""COMPUTED_VALUE"""),22.0) -> 22
B27: =IFERROR(__xludf.DUMMYFUNCTION("""COMPUTED_VALUE"""),24.0) -> 24 | C27: =IFERROR(__xludf.DUMMYFUNCTION("""COMPUTED_VALUE"""),"Dota 2 at ROAD TO EWC 26: Online Qualifier - Western Europe") -> Dota 2 at ROAD TO EWC 26: Online Qualifier - Western Europe | D27: =IFERROR(__xludf.DUMMYFUNCTION("""COMPUTED_VALUE"""),46175.0) -> 46175 | E27: =IFERROR(__xludf.DUMMYFUNCTION("""COMPUTED_VALUE"""),"Rune Eaters") -> Rune Eaters | H27: =IFERROR(__xludf.DUMMYFUNCTION("""COMPUTED_VALUE"""),23.0) -> 23
H28: =IFERROR(__xludf.DUMMYFUNCTION("""COMPUTED_VALUE"""),24.0) -> 24

Sheet Participant Rosters
A1: =IFERROR(__xludf.DUMMYFUNCTION("if('Make Public'!C11=""Yes"",importrange('Make Public'!B3,""Participant Rosters!A1:j""),""TBD"")"),"")
B4: =IFERROR(__xludf.DUMMYFUNCTION("""COMPUTED_VALUE"""),"Team Name") -> Team Name | C4: =IFERROR(__xludf.DUMMYFUNCTION("""COMPUTED_VALUE"""),"Player/Coach") -> Player/Coach | D4: =IFERROR(__xludf.DUMMYFUNCTION("""COMPUTED_VALUE"""),"In Game Position") -> In Game Position | E4: =IFERROR(__xludf.DUMMYFUNCTION("""COMPUTED_VALUE"""),"First Name") -> First Name | F4: =IFERROR(__xludf.DUMMYFUNCTION("""COMPUTED_VALUE"""),"Last Name") -> Last Name | G4: =IFERROR(__xludf.DUMMYFUNCTION("""COMPUTED_VALUE"""),"Nickname") -> Nickname | H4: =IFERROR(__xludf.DUMMYFUNCTION("""COMPUTED_VALUE"""),"Nationality") -> Nationality | I4: =IFERROR(__xludf.DUMMYFUNCTION("""COMPUTED_VALUE"""),"Seating Position") -> Seating Position
B5: =IFERROR(__xludf.DUMMYFUNCTION("""COMPUTED_VALUE"""),"Team Spirit") -> Team Spirit | C5: =IFERROR(__xludf.DUMMYFUNCTION("""COMPUTED_VALUE"""),"Player") -> Player | D5: =IFERROR(__xludf.DUMMYFUNCTION("""COMPUTED_VALUE"""),1.0) -> 1 | E5: =IFERROR(__xludf.DUMMYFUNCTION("""COMPUTED_VALUE"""),"Yatoro") -> Yatoro | F5: =IFERROR(__xludf.DUMMYFUNCTION("""COMPUTED_VALUE"""),"Illia") -> Illia | G5: =IFERROR(__xludf.DUMMYFUNCTION("""COMPUTED_VALUE"""),"Muliarchuk") -> Muliarchuk | H5: =IFERROR(__xludf.DUMMYFUNCTION("""COMPUTED_VALUE"""),"Ukraine") -> Ukraine | I5: =IFERROR(__xludf.DUMMYFUNCTION("""COMPUTED_VALUE"""),1.0) -> 1
B6: =IFERROR(__xludf.DUMMYFUNCTION("""COMPUTED_VALUE"""),"Team Spirit") -> Team Spirit | C6: =IFERROR(__xludf.DUMMYFUNCTION("""COMPUTED_VALUE"""),"Player") -> Player | D6: =IFERROR(__xludf.DUMMYFUNCTION("""COMPUTED_VALUE"""),2.0) -> 2 | E6: =IFERROR(__xludf.DUMMYFUNCTION("""COMPUTED_VALUE"""),"Larl") -> Larl | F6: =IFERROR(__xludf.DUMMYFUNCTION("""COMPUTED_VALUE"""),"Denis") -> Denis | G6: =IFERROR(__xludf.DUMMYFUNCTION("""COMPUTED_VALUE"""),"Sigitov") -> Sigitov | H6: =IFERROR(__xludf.DUMMYFUNCTION("""COMPUTED_VALUE"""),"Russia") -> Russia | I6: =IFERROR(__xludf.DUMMYFUNCTION("""COMPUTED_VALUE"""),"3") -> 3
B7: =IFERROR(__xludf.DUMMYFUNCTION("""COMPUTED_VALUE"""),"Team Spirit") -> Team Spirit | C7: =IFERROR(__xludf.DUMMYFUNCTION("""COMPUTED_VALUE"""),"Player") -> Player | D7: =IFERROR(__xludf.DUMMYFUNCTION("""COMPUTED_VALUE"""),3.0) -> 3 | E7: =IFERROR(__xludf.DUMMYFUNCTION("""COMPUTED_VALUE"""),"Collapse") -> Collapse | F7: =IFERROR(__xludf.DUMMYFUNCTION("""COMPUTED_VALUE"""),"Magomed") -> Magomed | G7: =IFERROR(__xludf.DUMMYFUNCTION("""COMPUTED_VALUE"""),"Khalilov") -> Khalilov | H7: =IFERROR(__xludf.DUMMYFUNCTION("""COMPUTED_VALUE"""),"Russia") -> Russia | I7: =IFERROR(__xludf.DUMMYFUNCTION("""COMPUTED_VALUE"""),"5") -> 5
B8: =IFERROR(__xludf.DUMMYFUNCTION("""COMPUTED_VALUE"""),"Team Spirit") -> Team Spirit | C8: =IFERROR(__xludf.DUMMYFUNCTION("""COMPUTED_VALUE"""),"Player") -> Player | D8: =IFERROR(__xludf.DUMMYFUNCTION("""COMPUTED_VALUE"""),4.0) -> 4 | E8: =IFERROR(__xludf.DUMMYFUNCTION("""COMPUTED_VALUE"""),"not me") -> not me | F8: =IFERROR(__xludf.DUMMYFUNCTION("""COMPUTED_VALUE"""),"Alexsei") -> Alexsei | G8: =IFERROR(__xludf.DUMMYFUNCTION("""COMPUTED_VALUE"""),"Kosmynin") -> Kosmynin | H8: =IFERROR(__xludf.DUMMYFUNCTION("""COMPUTED_VALUE"""),"Russia") -> Russia | I8: =IFERROR(__xludf.DUMMYFUNCTION("""COMPUTED_VALUE"""),"4") -> 4
B9: =IFERROR(__xludf.DUMMYFUNCTION("""COMPUTED_VALUE"""),"Team Spirit") -> Team Spirit | C9: =IFERROR(__xludf.DUMMYFUNCTION("""COMPUTED_VALUE"""),"Player") -> Player | D9: =IFERROR(__xludf.DUMMYFUNCTION("""COMPUTED_VALUE"""),5.0) -> 5 | E9: =IFERROR(__xludf.DUMMYFUNCTION("""COMPUTED_VALUE"""),"rue") -> rue | F9: =IFERROR(__xludf.DUMMYFUNCTION("""COMPUTED_VALUE"""),"Aleksandr") -> Aleksandr | G9: =IFERROR(__xludf.DUMMYFUNCTION("""COMPUTED_VALUE"""),"Filin") -> Filin | H9: =IFERROR(__xludf.DUMMYFUNCTION("""COMPUTED_VALUE"""),"Russia") -> Russia | I9: =IFERROR(__xludf.DUMMYFUNCTION("""COMPUTED_VALUE"""),"2") -> 2
B10: =IFERROR(__xludf.DUMMYFUNCTION("""COMPUTED_VALUE"""),"Team Spirit") -> Team Spirit | C10: =IFERROR(__xludf.DUMMYFUNCTION("""COMPUTED_VALUE"""),"Coach") -> Coach | D10: =IFERROR(__xludf.DUMMYFUNCTION("""COMPUTED_VALUE"""),"Coach") -> Coach | E10: =IFERROR(__xludf.DUMMYFUNCTION("""COMPUTED_VALUE"""),"Miposhka") -> Miposhka | F10: =IFERROR(__xludf.DUMMYFUNCTION("""COMPUTED_VALUE"""),"Iaroslav") -> Iaroslav | G10: =IFERROR(__xludf.DUMMYFUNCTION("""COMPUTED_VALUE"""),"Naidenov") -> Naidenov | H10: =IFERROR(__xludf.DUMMYFUNCTION("""COMPUTED_VALUE"""),"Russia") -> Russia
B12: =IFERROR(__xludf.DUMMYFUNCTION("""COMPUTED_VALUE"""),"1W") -> 1W | C12: =IFERROR(__xludf.DUMMYFUNCTION("""COMPUTED_VALUE"""),"Player") -> Player | D12: =IFERROR(__xludf.DUMMYFUNCTION("""COMPUTED_VALUE"""),1.0) -> 1 | E12: =IFERROR(__xludf.DUMMYFUNCTION("""COMPUTED_VALUE"""),"Pure") -> Pure | F12: =IFERROR(__xludf.DUMMYFUNCTION("""COMPUTED_VALUE"""),"Ivan") -> Ivan | G12: =IFERROR(__xludf.DUMMYFUNCTION("""COMPUTED_VALUE"""),"Moskalenko") -> Moskalenko | H12: =IFERROR(__xludf.DUMMYFUNCTION("""COMPUTED_VALUE"""),"Russia") -> Russia | I12: =IFERROR(__xludf.DUMMYFUNCTION("""COMPUTED_VALUE"""),"5") -> 5
B13: =IFERROR(__xludf.DUMMYFUNCTION("""COMPUTED_VALUE"""),"1W") -> 1W | C13: =IFERROR(__xludf.DUMMYFUNCTION("""COMPUTED_VALUE"""),"Player") -> Player | D13: =IFERROR(__xludf.DUMMYFUNCTION("""COMPUTED_VALUE"""),2.0) -> 2 | E13: =IFERROR(__xludf.DUMMYFUNCTION("""COMPUTED_VALUE"""),"bzm") -> bzm | F13: =IFERROR(__xludf.DUMMYFUNCTION("""COMPUTED_VALUE"""),"Bozhidar") -> Bozhidar | G13: =IFERROR(__xludf.DUMMYFUNCTION("""COMPUTED_VALUE"""),"Bogdanov") -> Bogdanov | H13: =IFERROR(__xludf.DUMMYFUNCTION("""COMPUTED_VALUE"""),"Bulgaria") -> Bulgaria | I13: =IFERROR(__xludf.DUMMYFUNCTION("""COMPUTED_VALUE"""),"1") -> 1
B14: =IFERROR(__xludf.DUMMYFUNCTION("""COMPUTED_VALUE"""),"1W") -> 1W | C14: =IFERROR(__xludf.DUMMYFUNCTION("""COMPUTED_VALUE"""),"Player") -> Player | D14: =IFERROR(__xludf.DUMMYFUNCTION("""COMPUTED_VALUE"""),3.0) -> 3 | E14: =IFERROR(__xludf.DUMMYFUNCTION("""COMPUTED_VALUE"""),33.0) -> 33 | F14: =IFERROR(__xludf.DUMMYFUNCTION("""COMPUTED_VALUE"""),"Neta") -> Neta | G14: =IFERROR(__xludf.DUMMYFUNCTION("""COMPUTED_VALUE"""),"Shapira") -> Shapira | H14: =IFERROR(__xludf.DUMMYFUNCTION("""COMPUTED_VALUE"""),"Israel") -> Israel | I14: =IFERROR(__xludf.DUMMYFUNCTION("""COMPUTED_VALUE"""),"3") -> 3
B15: =IFERROR(__xludf.DUMMYFUNCTION("""COMPUTED_VALUE"""),"1W") -> 1W | C15: =IFERROR(__xludf.DUMMYFUNCTION("""COMPUTED_VALUE"""),"Player") -> Player | D15: =IFERROR(__xludf.DUMMYFUNCTION("""COMPUTED_VALUE"""),4.0) -> 4 | E15: =IFERROR(__xludf.DUMMYFUNCTION("""COMPUTED_VALUE"""),"Ari") -> Ari | F15: =IFERROR(__xludf.DUMMYFUNCTION("""COMPUTED_VALUE"""),"Matt") -> Matt | G15: =IFERROR(__xludf.DUMMYFUNCTION("""COMPUTED_VALUE"""),"Walker") -> Walker | H15: =IFERROR(__xludf.DUMMYFUNCTION("""COMPUTED_VALUE"""),"United Kingdom") -> United Kingdom | I15: =IFERROR(__xludf.DUMMYFUNCTION("""COMPUTED_VALUE"""),"2") -> 2
B16: =IFERROR(__xludf.DUMMYFUNCTION("""COMPUTED_VALUE"""),"1W") -> 1W | C16: =IFERROR(__xludf.DUMMYFUNCTION("""COMPUTED_VALUE"""),"Player") -> Player | D16: =IFERROR(__xludf.DUMMYFUNCTION("""COMPUTED_VALUE"""),"5") -> 5 | E16: =IFERROR(__xludf.DUMMYFUNCTION("""COMPUTED_VALUE"""),"Whitemon") -> Whitemon | F16: =IFERROR(__xludf.DUMMYFUNCTION("""COMPUTED_VALUE"""),"Matthew") -> Matthew | G16: =IFERROR(__xludf.DUMMYFUNCTION("""COMPUTED_VALUE"""),"Filemon") -> Filemon | H16: =IFERROR(__xludf.DUMMYFUNCTION("""COMPUTED_VALUE"""),"Indonesia") -> Indonesia | I16: =IFERROR(__xludf.DUMMYFUNCTION("""COMPUTED_VALUE"""),"4") -> 4
B17: =IFERROR(__xludf.DUMMYFUNCTION("""COMPUTED_VALUE"""),"1W") -> 1W | C17: =IFERROR(__xludf.DUMMYFUNCTION("""COMPUTED_VALUE"""),"Coach") -> Coach | D17: =IFERROR(__xludf.DUMMYFUNCTION("""COMPUTED_VALUE"""),"Coach") -> Coach | E17: =IFERROR(__xludf.DUMMYFUNCTION("""COMPUTED_VALUE"""),"MoonMeander") -> MoonMeander | F17: =IFERROR(__xludf.DUMMYFUNCTION("""COMPUTED_VALUE"""),"David") -> David | G17: =IFERROR(__xludf.DUMMYFUNCTION("""COMPUTED_VALUE"""),"Tan") -> Tan | H17: =IFERROR(__xludf.DUMMYFUNCTION("""COMPUTED_VALUE"""),"Canada") -> Canada
B19: =IFERROR(__xludf.DUMMYFUNCTION("""COMPUTED_VALUE"""),"PVISION") -> PVISION | C19: =IFERROR(__xludf.DUMMYFUNCTION("""COMPUTED_VALUE"""),"Player") -> Player | D19: =IFERROR(__xludf.DUMMYFUNCTION("""COMPUTED_VALUE"""),1.0) -> 1 | E19: =IFERROR(__xludf.DUMMYFUNCTION("""COMPUTED_VALUE"""),"Satanic") -> Satanic | F19: =IFERROR(__xludf.DUMMYFUNCTION("""COMPUTED_VALUE"""),"Alan") -> Alan | G19: =IFERROR(__xludf.DUMMYFUNCTION("""COMPUTED_VALUE"""),"Gallyamov") -> Gallyamov | H19: =IFERROR(__xludf.DUMMYFUNCTION("""COMPUTED_VALUE"""),"Russia") -> Russia | I19: =IFERROR(__xludf.DUMMYFUNCTION("""COMPUTED_VALUE"""),"1") -> 1
B20: =IFERROR(__xludf.DUMMYFUNCTION("""COMPUTED_VALUE"""),"PVISION") -> PVISION | C20: =IFERROR(__xludf.DUMMYFUNCTION("""COMPUTED_VALUE"""),"Player") -> Player | D20: =IFERROR(__xludf.DUMMYFUNCTION("""COMPUTED_VALUE"""),2.0) -> 2 | E20: =IFERROR(__xludf.DUMMYFUNCTION("""COMPUTED_VALUE"""),"No[o]ne-") -> No[o]ne- | F20: =IFERROR(__xludf.DUMMYFUNCTION("""COMPUTED_VALUE"""),"Volodymyr ") -> Volodymyr | G20: =IFERROR(__xludf.DUMMYFUNCTION("""COMPUTED_VALUE"""),"Minenko") -> Minenko | H20: =IFERROR(__xludf.DUMMYFUNCTION("""COMPUTED_VALUE"""),"Ukraine") -> Ukraine | I20: =IFERROR(__xludf.DUMMYFUNCTION("""COMPUTED_VALUE"""),"3") -> 3
B21: =IFERROR(__xludf.DUMMYFUNCTION("""COMPUTED_VALUE"""),"PVISION") -> PVISION | C21: =IFERROR(__xludf.DUMMYFUNCTION("""COMPUTED_VALUE"""),"Player") -> Player | D21: =IFERROR(__xludf.DUMMYFUNCTION("""COMPUTED_VALUE"""),3.0) -> 3 | E21: =IFERROR(__xludf.DUMMYFUNCTION("""COMPUTED_VALUE"""),"Noticed") -> Noticed | F21: =IFERROR(__xludf.DUMMYFUNCTION("""COMPUTED_VALUE"""),"Ignatenko") -> Ignatenko | G21: =IFERROR(__xludf.DUMMYFUNCTION("""COMPUTED_VALUE"""),"Evgeniy") -> Evgeniy | H21: =IFERROR(__xludf.DUMMYFUNCTION("""COMPUTED_VALUE"""),"Russia") -> Russia | I21: =IFERROR(__xludf.DUMMYFUNCTION("""COMPUTED_VALUE"""),"5") -> 5
B22: =IFERROR(__xludf.DUMMYFUNCTION("""COMPUTED_VALUE"""),"PVISION") -> PVISION | C22: =IFERROR(__xludf.DUMMYFUNCTION("""COMPUTED_VALUE"""),"Player") -> Player | D22: =IFERROR(__xludf.DUMMYFUNCTION("""COMPUTED_VALUE"""),4.0) -> 4 | E22: =IFERROR(__xludf.DUMMYFUNCTION("""COMPUTED_VALUE"""),"9Class") -> 9Class | F22: =IFERROR(__xludf.DUMMYFUNCTION("""COMPUTED_VALUE"""),"Edgar") -> Edgar | G22: =IFERROR(__xludf.DUMMYFUNCTION("""COMPUTED_VALUE"""),"Naltakian") -> Naltakian | H22: =IFERROR(__xludf.DUMMYFUNCTION("""COMPUTED_VALUE"""),"Russia") -> Russia | I22: =IFERROR(__xludf.DUMMYFUNCTION("""COMPUTED_VALUE"""),"4") -> 4
B23: =IFERROR(__xludf.DUMMYFUNCTION("""COMPUTED_VALUE"""),"PVISION") -> PVISION | C23: =IFERROR(__xludf.DUMMYFUNCTION("""COMPUTED_VALUE"""),"Player") -> Player | D23: =IFERROR(__xludf.DUMMYFUNCTION("""COMPUTED_VALUE"""),5.0) -> 5 | E23: =IFERROR(__xludf.DUMMYFUNCTION("""COMPUTED_VALUE"""),"Dukalis") -> Dukalis | F23: =IFERROR(__xludf.DUMMYFUNCTION("""COMPUTED_VALUE"""),"Andrey") -> Andrey | G23: =IFERROR(__xludf.DUMMYFUNCTION("""COMPUTED_VALUE"""),"Kuropatkin") -> Kuropatkin | H23: =IFERROR(__xludf.DUMMYFUNCTION("""COMPUTED_VALUE"""),"Russia") -> Russia | I23: =IFERROR(__xludf.DUMMYFUNCTION("""COMPUTED_VALUE"""),"2") -> 2
B24: =IFERROR(__xludf.DUMMYFUNCTION("""COMPUTED_VALUE"""),"PVISION") -> PVISION | C24: =IFERROR(__xludf.DUMMYFUNCTION("""COMPUTED_VALUE"""),"Coach") -> Coach | D24: =IFERROR(__xludf.DUMMYFUNCTION("""COMPUTED_VALUE"""),"Coach") -> Coach | E24: =IFERROR(__xludf.DUMMYFUNCTION("""COMPUTED_VALUE"""),"Puppey") -> Puppey | F24: =IFERROR(__xludf.DUMMYFUNCTION("""COMPUTED_VALUE"""),"Clement") -> Clement | G24: =IFERROR(__xludf.DUMMYFUNCTION("""COMPUTED_VALUE"""),"Ivanov") -> Ivanov | H24: =IFERROR(__xludf.DUMMYFUNCTION("""COMPUTED_VALUE"""),"Estonia") -> Estonia
B25: =IFERROR(__xludf.DUMMYFUNCTION("""COMPUTED_VALUE"""),"PVISION") -> PVISION | C25: =IFERROR(__xludf.DUMMYFUNCTION("""COMPUTED_VALUE"""),"Standin") -> Standin | D25: =IFERROR(__xludf.DUMMYFUNCTION("""COMPUTED_VALUE"""),5.0) -> 5 | E25: =IFERROR(__xludf.DUMMYFUNCTION("""COMPUTED_VALUE"""),"Tobi") -> Tobi | F25: =IFERROR(__xludf.DUMMYFUNCTION("""COMPUTED_VALUE"""),"Tobias") -> Tobias | G25: =IFERROR(__xludf.DUMMYFUNCTION("""COMPUTED_VALUE"""),"Buchner") -> Buchner | H25: =IFERROR(__xludf.DUMMYFUNCTION("""COMPUTED_VALUE"""),"Austria") -> Austria
B27: =IFERROR(__xludf.DUMMYFUNCTION("""COMPUTED_VALUE"""),"Aurora Gaming") -> Aurora Gaming | C27: =IFERROR(__xludf.DUMMYFUNCTION("""COMPUTED_VALUE"""),"Player") -> Player | D27: =IFERROR(__xludf.DUMMYFUNCTION("""COMPUTED_VALUE"""),1.0) -> 1 | E27: =IFERROR(__xludf.DUMMYFUNCTION("""COMPUTED_VALUE"""),"Nightfall") -> Nightfall | F27: =IFERROR(__xludf.DUMMYFUNCTION("""COMPUTED_VALUE"""),"Egor") -> Egor | G27: =IFERROR(__xludf.DUMMYFUNCTION("""COMPUTED_VALUE"""),"Grigorenko") -> Grigorenko | H27: =IFERROR(__xludf.DUMMYFUNCTION("""COMPUTED_VALUE"""),"Russia") -> Russia | I27: =IFERROR(__xludf.DUMMYFUNCTION("""COMPUTED_VALUE"""),"5") -> 5
B28: =IFERROR(__xludf.DUMMYFUNCTION("""COMPUTED_VALUE"""),"Aurora Gaming") -> Aurora Gaming | C28: =IFERROR(__xludf.DUMMYFUNCTION("""COMPUTED_VALUE"""),"Player") -> Player | D28: =IFERROR(__xludf.DUMMYFUNCTION("""COMPUTED_VALUE"""),2.0) -> 2 | E28: =IFERROR(__xludf.DUMMYFUNCTION("""COMPUTED_VALUE"""),"Mikoto") -> Mikoto | F28: =IFERROR(__xludf.DUMMYFUNCTION("""COMPUTED_VALUE"""),"Rafli") -> Rafli | G28: =IFERROR(__xludf.DUMMYFUNCTION("""COMPUTED_VALUE"""),"Fathurrahman") -> Fathurrahman | H28: =IFERROR(__xludf.DUMMYFUNCTION("""COMPUTED_VALUE"""),"Indonesia") -> Indonesia | I28: =IFERROR(__xludf.DUMMYFUNCTION("""COMPUTED_VALUE"""),"3") -> 3
B29: =IFERROR(__xludf.DUMMYFUNCTION("""COMPUTED_VALUE"""),"Aurora Gaming") -> Aurora Gaming | C29: =IFERROR(__xludf.DUMMYFUNCTION("""COMPUTED_VALUE"""),"Player") -> Player | D29: =IFERROR(__xludf.DUMMYFUNCTION("""COMPUTED_VALUE"""),3.0) -> 3 | E29: =IFERROR(__xludf.DUMMYFUNCTION("""COMPUTED_VALUE"""),"Ws`") -> Ws` | F29: =IFERROR(__xludf.DUMMYFUNCTION("""COMPUTED_VALUE"""),"Wei Shan") -> Wei Shan | G29: =IFERROR(__xludf.DUMMYFUNCTION("""COMPUTED_VALUE"""),"Chung") -> Chung | H29: =IFERROR(__xludf.DUMMYFUNCTION("""COMPUTED_VALUE"""),"Malaysia") -> Malaysia | I29: =IFERROR(__xludf.DUMMYFUNCTION("""COMPUTED_VALUE"""),"1") -> 1
B30: =IFERROR(__xludf.DUMMYFUNCTION("""COMPUTED_VALUE"""),"Aurora Gaming") -> Aurora Gaming | C30: =IFERROR(__xludf.DUMMYFUNCTION("""COMPUTED_VALUE"""),"Player") -> Player | D30: =IFERROR(__xludf.DUMMYFUNCTION("""COMPUTED_VALUE"""),4.0) -> 4 | E30: =IFERROR(__xludf.DUMMYFUNCTION("""COMPUTED_VALUE"""),"Mira") -> Mira | F30: =IFERROR(__xludf.DUMMYFUNCTION("""COMPUTED_VALUE"""),"Myroslav") -> Myroslav | G30: =IFERROR(__xludf.DUMMYFUNCTION("""COMPUTED_VALUE"""),"Kolpakov") -> Kolpakov | H30: =IFERROR(__xludf.DUMMYFUNCTION("""COMPUTED_VALUE"""),"Ukraine") -> Ukraine | I30: =IFERROR(__xludf.DUMMYFUNCTION("""COMPUTED_VALUE"""),"2") -> 2
B31: =IFERROR(__xludf.DUMMYFUNCTION("""COMPUTED_VALUE"""),"Aurora Gaming") -> Aurora Gaming | C31: =IFERROR(__xludf.DUMMYFUNCTION("""COMPUTED_VALUE"""),"Player") -> Player | D31: =IFERROR(__xludf.DUMMYFUNCTION("""COMPUTED_VALUE"""),5.0) -> 5 | E31: =IFERROR(__xludf.DUMMYFUNCTION("""COMPUTED_VALUE"""),"kaori") -> kaori | F31: =IFERROR(__xludf.DUMMYFUNCTION("""COMPUTED_VALUE"""),"Oleh") -> Oleh | G31: =IFERROR(__xludf.DUMMYFUNCTION("""COMPUTED_VALUE"""),"Medvedok") -> Medvedok | H31: =IFERROR(__xludf.DUMMYFUNCTION("""COMPUTED_VALUE"""),"Ukraine") -> Ukraine | I31: =IFERROR(__xludf.DUMMYFUNCTION("""COMPUTED_VALUE"""),"4") -> 4
B32: =IFERROR(__xludf.DUMMYFUNCTION("""COMPUTED_VALUE"""),"Aurora Gaming") -> Aurora Gaming | C32: =IFERROR(__xludf.DUMMYFUNCTION("""COMPUTED_VALUE"""),"Coach") -> Coach | D32: =IFERROR(__xludf.DUMMYFUNCTION("""COMPUTED_VALUE"""),"Coach") -> Coach | E32: =IFERROR(__xludf.DUMMYFUNCTION("""COMPUTED_VALUE"""),"kpii") -> kpii | F32: =IFERROR(__xludf.DUMMYFUNCTION("""COMPUTED_VALUE"""),"Damien") -> Damien | G32: =IFERROR(__xludf.DUMMYFUNCTION("""COMPUTED_VALUE"""),"Chok") -> Chok | H32: =IFERROR(__xludf.DUMMYFUNCTION("""COMPUTED_VALUE"""),"Australia") -> Australia
B34: =IFERROR(__xludf.DUMMYFUNCTION("""COMPUTED_VALUE"""),"Xtreme Gaming") -> Xtreme Gaming | C34: =IFERROR(__xludf.DUMMYFUNCTION("""COMPUTED_VALUE"""),"Player") -> Player | D34: =IFERROR(__xludf.DUMMYFUNCTION("""COMPUTED_VALUE"""),1.0) -> 1 | E34: =IFERROR(__xludf.DUMMYFUNCTION("""COMPUTED_VALUE"""),"Ame") -> Ame | F34: =IFERROR(__xludf.DUMMYFUNCTION("""COMPUTED_VALUE"""),"Chunyu") -> Chunyu | G34: =IFERROR(__xludf.DUMMYFUNCTION("""COMPUTED_VALUE"""),"Wang") -> Wang | H34: =IFERROR(__xludf.DUMMYFUNCTION("""COMPUTED_VALUE"""),"China") -> China | I34: =IFERROR(__xludf.DUMMYFUNCTION("""COMPUTED_VALUE"""),"1") -> 1
B35: =IFERROR(__xludf.DUMMYFUNCTION("""COMPUTED_VALUE"""),"Xtreme Gaming") -> Xtreme Gaming | C35: =IFERROR(__xludf.DUMMYFUNCTION("""COMPUTED_VALUE"""),"Player") -> Player | D35: =IFERROR(__xludf.DUMMYFUNCTION("""COMPUTED_VALUE"""),2.0) -> 2 | E35: =IFERROR(__xludf.DUMMYFUNCTION("""COMPUTED_VALUE"""),"NothingToSay") -> NothingToSay | F35: =IFERROR(__xludf.DUMMYFUNCTION("""COMPUTED_VALUE"""),"Jin Xiang") -> Jin Xiang | G35: =IFERROR(__xludf.DUMMYFUNCTION("""COMPUTED_VALUE"""),"Cheng") -> Cheng | H35: =IFERROR(__xludf.DUMMYFUNCTION("""COMPUTED_VALUE"""),"Malaysia") -> Malaysia | I35: =IFERROR(__xludf.DUMMYFUNCTION("""COMPUTED_VALUE"""),"3") -> 3
B36: =IFERROR(__xludf.DUMMYFUNCTION("""COMPUTED_VALUE"""),"Xtreme Gaming") -> Xtreme Gaming | C36: =IFERROR(__xludf.DUMMYFUNCTION("""COMPUTED_VALUE"""),"Player") -> Player | D36: =IFERROR(__xludf.DUMMYFUNCTION("""COMPUTED_VALUE"""),3.0) -> 3 | E36: =IFERROR(__xludf.DUMMYFUNCTION("""COMPUTED_VALUE"""),"Xxs") -> Xxs | F36: =IFERROR(__xludf.DUMMYFUNCTION("""COMPUTED_VALUE"""),"Jing") -> Jing | G36: =IFERROR(__xludf.DUMMYFUNCTION("""COMPUTED_VALUE"""),"Lin") -> Lin | H36: =IFERROR(__xludf.DUMMYFUNCTION("""COMPUTED_VALUE"""),"CHINA") -> CHINA | I36: =IFERROR(__xludf.DUMMYFUNCTION("""COMPUTED_VALUE"""),"5") -> 5
B37: =IFERROR(__xludf.DUMMYFUNCTION("""COMPUTED_VALUE"""),"Xtreme Gaming") -> Xtreme Gaming | C37: =IFERROR(__xludf.DUMMYFUNCTION("""COMPUTED_VALUE"""),"Player") -> Player | D37: =IFERROR(__xludf.DUMMYFUNCTION("""COMPUTED_VALUE"""),4.0) -> 4 | E37: =IFERROR(__xludf.DUMMYFUNCTION("""COMPUTED_VALUE"""),"fy") -> fy | F37: =IFERROR(__xludf.DUMMYFUNCTION("""COMPUTED_VALUE"""),"Linsen") -> Linsen | G37: =IFERROR(__xludf.DUMMYFUNCTION("""COMPUTED_VALUE"""),"Xu") -> Xu | H37: =IFERROR(__xludf.DUMMYFUNCTION("""COMPUTED_VALUE"""),"China") -> China | I37: =IFERROR(__xludf.DUMMYFUNCTION("""COMPUTED_VALUE"""),"4") -> 4
B38: =IFERROR(__xludf.DUMMYFUNCTION("""COMPUTED_VALUE"""),"Xtreme Gaming") -> Xtreme Gaming | C38: =IFERROR(__xludf.DUMMYFUNCTION("""COMPUTED_VALUE"""),"Player") -> Player | D38: =IFERROR(__xludf.DUMMYFUNCTION("""COMPUTED_VALUE"""),5.0) -> 5 | E38: =IFERROR(__xludf.DUMMYFUNCTION("""COMPUTED_VALUE"""),"xNova") -> xNova | F38: =IFERROR(__xludf.DUMMYFUNCTION("""COMPUTED_VALUE"""),"Jian Wei") -> Jian Wei | G38: =IFERROR(__xludf.DUMMYFUNCTION("""COMPUTED_VALUE"""),"Yap") -> Yap | H38: =IFERROR(__xludf.DUMMYFUNCTION("""COMPUTED_VALUE"""),"Malaysia") -> Malaysia | I38: =IFERROR(__xludf.DUMMYFUNCTION("""COMPUTED_VALUE"""),"2") -> 2
B39: =IFERROR(__xludf.DUMMYFUNCTION("""COMPUTED_VALUE"""),"Xtreme Gaming") -> Xtreme Gaming | C39: =IFERROR(__xludf.DUMMYFUNCTION("""COMPUTED_VALUE"""),"Coach") -> Coach | D39: =IFERROR(__xludf.DUMMYFUNCTION("""COMPUTED_VALUE"""),"Coach") -> Coach | E39: =IFERROR(__xludf.DUMMYFUNCTION("""COMPUTED_VALUE"""),"maps") -> maps | F39: =IFERROR(__xludf.DUMMYFUNCTION("""COMPUTED_VALUE"""),"Yutian") -> Yutian | G39: =IFERROR(__xludf.DUMMYFUNCTION("""COMPUTED_VALUE"""),"Wang") -> Wang | H39: =IFERROR(__xludf.DUMMYFUNCTION("""COMPUTED_VALUE"""),"China") -> China
B41: =IFERROR(__xludf.DUMMYFUNCTION("""COMPUTED_VALUE"""),"Team Yandex") -> Team Yandex | C41: =IFERROR(__xludf.DUMMYFUNCTION("""COMPUTED_VALUE"""),"Player") -> Player | D41: =IFERROR(__xludf.DUMMYFUNCTION("""COMPUTED_VALUE"""),1.0) -> 1 | E41: =IFERROR(__xludf.DUMMYFUNCTION("""COMPUTED_VALUE"""),"watson") -> watson | F41: =IFERROR(__xludf.DUMMYFUNCTION("""COMPUTED_VALUE"""),"Alimzhan") -> Alimzhan | G41: =IFERROR(__xludf.DUMMYFUNCTION("""COMPUTED_VALUE"""),"Islambekov") -> Islambekov | H41: =IFERROR(__xludf.DUMMYFUNCTION("""COMPUTED_VALUE"""),"Kazakhstan") -> Kazakhstan | I41: =IFERROR(__xludf.DUMMYFUNCTION("""COMPUTED_VALUE"""),"1") -> 1
B42: =IFERROR(__xludf.DUMMYFUNCTION("""COMPUTED_VALUE"""),"Team Yandex") -> Team Yandex | C42: =IFERROR(__xludf.DUMMYFUNCTION("""COMPUTED_VALUE"""),"Player") -> Player | D42: =IFERROR(__xludf.DUMMYFUNCTION("""COMPUTED_VALUE"""),2.0) -> 2 | E42: =IFERROR(__xludf.DUMMYFUNCTION("""COMPUTED_VALUE"""),"CHIRA_JUNIOR") -> CHIRA_JUNIOR | F42: =IFERROR(__xludf.DUMMYFUNCTION("""COMPUTED_VALUE"""),"Ilya") -> Ilya | G42: =IFERROR(__xludf.DUMMYFUNCTION("""COMPUTED_VALUE"""),"Chirtsov") -> Chirtsov | H42: =IFERROR(__xludf.DUMMYFUNCTION("""COMPUTED_VALUE"""),"Russia") -> Russia | I42: =IFERROR(__xludf.DUMMYFUNCTION("""COMPUTED_VALUE"""),"3") -> 3
B43: =IFERROR(__xludf.DUMMYFUNCTION("""COMPUTED_VALUE"""),"Team Yandex") -> Team Yandex | C43: =IFERROR(__xludf.DUMMYFUNCTION("""COMPUTED_VALUE"""),"Player") -> Player | D43: =IFERROR(__xludf.DUMMYFUNCTION("""COMPUTED_VALUE"""),3.0) -> 3 | E43: =IFERROR(__xludf.DUMMYFUNCTION("""COMPUTED_VALUE"""),"DM") -> DM | F43: =IFERROR(__xludf.DUMMYFUNCTION("""COMPUTED_VALUE"""),"Dmitry") -> Dmitry | G43: =IFERROR(__xludf.DUMMYFUNCTION("""COMPUTED_VALUE"""),"Dorokhin") -> Dorokhin | H43: =IFERROR(__xludf.DUMMYFUNCTION("""COMPUTED_VALUE"""),"Russia") -> Russia | I43: =IFERROR(__xludf.DUMMYFUNCTION("""COMPUTED_VALUE"""),"4") -> 4
B44: =IFERROR(__xludf.DUMMYFUNCTION("""COMPUTED_VALUE"""),"Team Yandex") -> Team Yandex | C44: =IFERROR(__xludf.DUMMYFUNCTION("""COMPUTED_VALUE"""),"Player") -> Player | D44: =IFERROR(__xludf.DUMMYFUNCTION("""COMPUTED_VALUE"""),4.0) -> 4 | E44: =IFERROR(__xludf.DUMMYFUNCTION("""COMPUTED_VALUE"""),"Saksa") -> Saksa | F44: =IFERROR(__xludf.DUMMYFUNCTION("""COMPUTED_VALUE"""),"Martin") -> Martin | G44: =IFERROR(__xludf.DUMMYFUNCTION("""COMPUTED_VALUE"""),"Sazdov") -> Sazdov | H44: =IFERROR(__xludf.DUMMYFUNCTION("""COMPUTED_VALUE"""),"North Macedonia") -> North Macedonia | I44: =IFERROR(__xludf.DUMMYFUNCTION("""COMPUTED_VALUE"""),"5") -> 5
B45: =IFERROR(__xludf.DUMMYFUNCTION("""COMPUTED_VALUE"""),"Team Yandex") -> Team Yandex | C45: =IFERROR(__xludf.DUMMYFUNCTION("""COMPUTED_VALUE"""),"Player") -> Player | D45: =IFERROR(__xludf.DUMMYFUNCTION("""COMPUTED_VALUE"""),5.0) -> 5 | E45: =IFERROR(__xludf.DUMMYFUNCTION("""COMPUTED_VALUE"""),"Malady") -> Malady | F45: =IFERROR(__xludf.DUMMYFUNCTION("""COMPUTED_VALUE"""),"Arman") -> Arman | G45: =IFERROR(__xludf.DUMMYFUNCTION("""COMPUTED_VALUE"""),"Orazbayev") -> Orazbayev | H45: =IFERROR(__xludf.DUMMYFUNCTION("""COMPUTED_VALUE"""),"Kazakhstan") -> Kazakhstan | I45: =IFERROR(__xludf.DUMMYFUNCTION("""COMPUTED_VALUE"""),"2") -> 2
B46: =IFERROR(__xludf.DUMMYFUNCTION("""COMPUTED_VALUE"""),"Team Yandex") -> Team Yandex | C46: =IFERROR(__xludf.DUMMYFUNCTION("""COMPUTED_VALUE"""),"Coach") -> Coach | D46: =IFERROR(__xludf.DUMMYFUNCTION("""COMPUTED_VALUE"""),"Coach") -> Coach | E46: =IFERROR(__xludf.DUMMYFUNCTION("""COMPUTED_VALUE"""),"Accell") -> Accell | F46: =IFERROR(__xludf.DUMMYFUNCTION("""COMPUTED_VALUE"""),"Alexander") -> Alexander | G46: =IFERROR(__xludf.DUMMYFUNCTION("""COMPUTED_VALUE"""),"Litvinenko") -> Litvinenko | H46: =IFERROR(__xludf.DUMMYFUNCTION("""COMPUTED_VALUE"""),"Russia") -> Russia
B48: =IFERROR(__xludf.DUMMYFUNCTION("""COMPUTED_VALUE"""),"Team Falcons") -> Team Falcons | C48: =IFERROR(__xludf.DUMMYFUNCTION("""COMPUTED_VALUE"""),"Player") -> Player | D48: =IFERROR(__xludf.DUMMYFUNCTION("""COMPUTED_VALUE"""),1.0) -> 1 | E48: =IFERROR(__xludf.DUMMYFUNCTION("""COMPUTED_VALUE"""),"Skiter") -> Skiter | F48: =IFERROR(__xludf.DUMMYFUNCTION("""COMPUTED_VALUE"""),"Oliver") -> Oliver | G48: =IFERROR(__xludf.DUMMYFUNCTION("""COMPUTED_VALUE"""),"Lepko") -> Lepko | H48: =IFERROR(__xludf.DUMMYFUNCTION("""COMPUTED_VALUE"""),"Slovakia") -> Slovakia | I48: =IFERROR(__xludf.DUMMYFUNCTION("""COMPUTED_VALUE"""),"4") -> 4
B49: =IFERROR(__xludf.DUMMYFUNCTION("""COMPUTED_VALUE"""),"Team Falcons") -> Team Falcons | C49: =IFERROR(__xludf.DUMMYFUNCTION("""COMPUTED_VALUE"""),"Player") -> Player | D49: =IFERROR(__xludf.DUMMYFUNCTION("""COMPUTED_VALUE"""),2.0) -> 2 | E49: =IFERROR(__xludf.DUMMYFUNCTION("""COMPUTED_VALUE"""),"Malr1ne") -> Malr1ne | F49: =IFERROR(__xludf.DUMMYFUNCTION("""COMPUTED_VALUE"""),"Stanislav") -> Stanislav | G49: =IFERROR(__xludf.DUMMYFUNCTION("""COMPUTED_VALUE"""),"Potorak") -> Potorak | H49: =IFERROR(__xludf.DUMMYFUNCTION("""COMPUTED_VALUE"""),"Russia") -> Russia | I49: =IFERROR(__xludf.DUMMYFUNCTION("""COMPUTED_VALUE"""),"1") -> 1
B50: =IFERROR(__xludf.DUMMYFUNCTION("""COMPUTED_VALUE"""),"Team Falcons") -> Team Falcons | C50: =IFERROR(__xludf.DUMMYFUNCTION("""COMPUTED_VALUE"""),"Player") -> Player | D50: =IFERROR(__xludf.DUMMYFUNCTION("""COMPUTED_VALUE"""),3.0) -> 3 | E50: =IFERROR(__xludf.DUMMYFUNCTION("""COMPUTED_VALUE"""),"ATF") -> ATF | F50: =IFERROR(__xludf.DUMMYFUNCTION("""COMPUTED_VALUE"""),"Ammar") -> Ammar | G50: =IFERROR(__xludf.DUMMYFUNCTION("""COMPUTED_VALUE"""),"Al-Assaf") -> Al-Assaf | H50: =IFERROR(__xludf.DUMMYFUNCTION("""COMPUTED_VALUE"""),"Jordan") -> Jordan | I50: =IFERROR(__xludf.DUMMYFUNCTION("""COMPUTED_VALUE"""),"2") -> 2
B51: =IFERROR(__xludf.DUMMYFUNCTION("""COMPUTED_VALUE"""),"Team Falcons") -> Team Falcons | C51: =IFERROR(__xludf.DUMMYFUNCTION("""COMPUTED_VALUE"""),"Player") -> Player | D51: =IFERROR(__xludf.DUMMYFUNCTION("""COMPUTED_VALUE"""),4.0) -> 4 | E51: =IFERROR(__xludf.DUMMYFUNCTION("""COMPUTED_VALUE"""),"Cr1t-") -> Cr1t- | F51: =IFERROR(__xludf.DUMMYFUNCTION("""COMPUTED_VALUE"""),"Andreas") -> Andreas | G51: =IFERROR(__xludf.DUMMYFUNCTION("""COMPUTED_VALUE"""),"Nielsen") -> Nielsen | H51: =IFERROR(__xludf.DUMMYFUNCTION("""COMPUTED_VALUE"""),"Denmark") -> Denmark | I51: =IFERROR(__xludf.DUMMYFUNCTION("""COMPUTED_VALUE"""),"5") -> 5
B52: =IFERROR(__xludf.DUMMYFUNCTION("""COMPUTED_VALUE"""),"Team Falcons") -> Team Falcons | C52: =IFERROR(__xludf.DUMMYFUNCTION("""COMPUTED_VALUE"""),"Player") -> Player | D52: =IFERROR(__xludf.DUMMYFUNCTION("""COMPUTED_VALUE"""),5.0) -> 5 | E52: =IFERROR(__xludf.DUMMYFUNCTION("""COMPUTED_VALUE"""),"Sneyking") -> Sneyking | F52: =IFERROR(__xludf.DUMMYFUNCTION("""COMPUTED_VALUE"""),"Jingjun ") -> Jingjun | G52: =IFERROR(__xludf.DUMMYFUNCTION("""COMPUTED_VALUE"""),"Wu") -> Wu | H52: =IFERROR(__xludf.DUMMYFUNCTION("""COMPUTED_VALUE"""),"USA") -> USA | I52: =IFERROR(__xludf.DUMMYFUNCTION("""COMPUTED_VALUE"""),"3") -> 3
B53: =IFERROR(__xludf.DUMMYFUNCTION("""COMPUTED_VALUE"""),"Team Falcons") -> Team Falcons | C53: =IFERROR(__xludf.DUMMYFUNCTION("""COMPUTED_VALUE"""),"Coach") -> Coach | D53: =IFERROR(__xludf.DUMMYFUNCTION("""COMPUTED_VALUE"""),"Coach") -> Coach | E53: =IFERROR(__xludf.DUMMYFUNCTION("""COMPUTED_VALUE"""),"Aui_2000") -> Aui_2000 | F53: =IFERROR(__xludf.DUMMYFUNCTION("""COMPUTED_VALUE"""),"Kurtis") -> Kurtis | G53: =IFERROR(__xludf.DUMMYFUNCTION("""COMPUTED_VALUE"""),"Ling") -> Ling | H53: =IFERROR(__xludf.DUMMYFUNCTION("""COMPUTED_VALUE"""),"Canada") -> Canada
B55: =IFERROR(__xludf.DUMMYFUNCTION("""COMPUTED_VALUE"""),"Team Liquid") -> Team Liquid | C55: =IFERROR(__xludf.DUMMYFUNCTION("""COMPUTED_VALUE"""),"Player") -> Player | D55: =IFERROR(__xludf.DUMMYFUNCTION("""COMPUTED_VALUE"""),1.0) -> 1 | E55: =IFERROR(__xludf.DUMMYFUNCTION("""COMPUTED_VALUE"""),"m1CKe") -> m1CKe | F55: =IFERROR(__xludf.DUMMYFUNCTION("""COMPUTED_VALUE"""),"Michael") -> Michael | G55: =IFERROR(__xludf.DUMMYFUNCTION("""COMPUTED_VALUE"""),"Vu") -> Vu | H55: =IFERROR(__xludf.DUMMYFUNCTION("""COMPUTED_VALUE"""),"Sweden") -> Sweden | I55: =IFERROR(__xludf.DUMMYFUNCTION("""COMPUTED_VALUE"""),"1") -> 1
B56: =IFERROR(__xludf.DUMMYFUNCTION("""COMPUTED_VALUE"""),"Team Liquid") -> Team Liquid | C56: =IFERROR(__xludf.DUMMYFUNCTION("""COMPUTED_VALUE"""),"Player") -> Player | D56: =IFERROR(__xludf.DUMMYFUNCTION("""COMPUTED_VALUE"""),2.0) -> 2 | E56: =IFERROR(__xludf.DUMMYFUNCTION("""COMPUTED_VALUE"""),"Nisha") -> Nisha | F56: =IFERROR(__xludf.DUMMYFUNCTION("""COMPUTED_VALUE"""),"Michal") -> Michal | G56: =IFERROR(__xludf.DUMMYFUNCTION("""COMPUTED_VALUE"""),"Jankowski") -> Jankowski | H56: =IFERROR(__xludf.DUMMYFUNCTION("""COMPUTED_VALUE"""),"Poland") -> Poland | I56: =IFERROR(__xludf.DUMMYFUNCTION("""COMPUTED_VALUE"""),"3") -> 3
