Workbook
Name gamedata: data!$P$2:$BL$17
Name qualteams: qualdata!$N$2:$N$17
Name swissdata: qualdata!$P$2:$BR$17
Name qualgamedata: qualdata!$P$2:$BL$17
Name qualheader: qualdata!$P$1:$BR$1
Name teams: data!$N$2:$N$17
Name swissdata: data!$P$2:$BR$17
Name header: data!$P$1:$BR$1

Sheet Schedule
C1: Date | I1: Time CEST | N1: Team 1 | AB1: Score | AF1: Team 2 | AU1: Format | AZ1: Round | BS1: Caster | CE1: DEMO
C5: Contenders Swiss Stage
C9: Schedule has not yet been finalized and is not publicly available. Once it is created and officially approved, each participating team will receive a notification.
C12: 20.07 | I12: 0.47916667 | N12: {=xlookup(P12,qualdata!$N$2:$N$17,qualdata!$O$2:$O$17,"")} | P12: ='Contender Schedule'!V5 -> Team 1 (Group 1) | AB12: ='Contender Schedule'!AH5 | AD12: ='Contender Schedule'!AJ5 | AF12: ='Contender Schedule'!AL5 -> Team 16 (Group 1) | AR12: {=xlookup(AF12,qualdata!$N$2:$N$17,qualdata!$O$2:$O$17,"")} | AU12: Bo3 | AZ12: Contender Round 1 | BS12: TBA | CE12: Link
C14: 20.07 | I14: 0.60416667 | N14: {=xlookup(P14,qualdata!$N$2:$N$17,qualdata!$O$2:$O$17,"")} | P14: ='Contender Schedule'!V7 -> Team 2 (Group 1) | AB14: ='Contender Schedule'!AH7 | AD14: ='Contender Schedule'!AJ7 | AF14: ='Contender Schedule'!AL7 -> Team 15 (Group 1) | AR14: {=xlookup(AF14,qualdata!$N$2:$N$17,qualdata!$O$2:$O$17,"")} | AU14: Bo3 | AZ14: Contender Round 1 | BS14: TBA | CE14: Link
C16: 20.07 | I16: 0.72916667 | N16: {=xlookup(P16,qualdata!$N$2:$N$17,qualdata!$O$2:$O$17,"")} | P16: ='Contender Schedule'!V9 -> Team 3 (Group 1) | AB16: ='Contender Schedule'!AH9 | AD16: ='Contender Schedule'!AJ9 | AF16: ='Contender Schedule'!AL9 -> Team 14 (Group 1) | AR16: {=xlookup(AF16,qualdata!$N$2:$N$17,qualdata!$O$2:$O$17,"")} | AU16: Bo3 | AZ16: Contender Round 1 | BS16: TBA | CE16: Link
C18: 20.07 | I18: 0.85416667 | N18: {=xlookup(P18,qualdata!$N$2:$N$17,qualdata!$O$2:$O$17,"")} | P18: ='Contender Schedule'!V11 -> Team 4 (Group 1) | AB18: ='Contender Schedule'!AH11 | AD18: ='Contender Schedule'!AJ11 | AF18: ='Contender Schedule'!AL11 -> Team 13 (Group 1) | AR18: {=xlookup(AF18,qualdata!$N$2:$N$17,qualdata!$O$2:$O$17,"")} | AU18: Bo3 | AZ18: Contender Round 1 | BS18: TBA | CE18: Link
C20: 21.07 | I20: 0.47916667 | N20: {=xlookup(P20,qualdata!$N$2:$N$17,qualdata!$O$2:$O$17,"")} | P20: ='Contender Schedule'!V13 -> Team 5 (Group 1) | AB20: ='Contender Schedule'!AH13 | AD20: ='Contender Schedule'!AJ13 | AF20: ='Contender Schedule'!AL13 -> Team 12 (Group 1) | AR20: {=xlookup(AF20,qualdata!$N$2:$N$17,qualdata!$O$2:$O$17,"")} | AU20: Bo3 | AZ20: Contender Round 1 | BS20: TBA | CE20: Link
C22: 21.07 | I22: 0.60416667 | N22: {=xlookup(P22,qualdata!$N$2:$N$17,qualdata!$O$2:$O$17,"")} | P22: ='Contender Schedule'!V15 -> Team 6 (Group 1) | AB22: ='Contender Schedule'!AH15 | AD22: ='Contender Schedule'!AJ15 | AF22: ='Contender Schedule'!AL15 -> Team 11 (Group 1) | AR22: {=xlookup(AF22,qualdata!$N$2:$N$17,qualdata!$O$2:$O$17,"")} | AU22: Bo3 | AZ22: Contender Round 1 | BS22: TBA | CE22: Link
C24: 21.07 | I24: 0.72916667 | N24: {=xlookup(P24,qualdata!$N$2:$N$17,qualdata!$O$2:$O$17,"")} | P24: ='Contender Schedule'!V17 -> Team 7 (Group 1) | AB24: ='Contender Schedule'!AH17 | AD24: ='Contender Schedule'!AJ17 | AF24: ='Contender Schedule'!AL17 -> Team 10 (Group 1) | AR24: {=xlookup(AF24,qualdata!$N$2:$N$17,qualdata!$O$2:$O$17,"")} | AU24: Bo3 | AZ24: Contender Round 1 | BS24: TBA | CE24: Link
C26: 21.07 | I26: 0.85416667 | N26: {=xlookup(P26,qualdata!$N$2:$N$17,qualdata!$O$2:$O$17,"")} | P26: ='Contender Schedule'!V19 -> Team 8 (Group 1) | AB26: ='Contender Schedule'!AH19 | AD26: ='Contender Schedule'!AJ19 | AF26: ='Contender Schedule'!AL19 -> Team 9 (Group 1) | AR26: {=xlookup(AF26,qualdata!$N$2:$N$17,qualdata!$O$2:$O$17,"")} | AU26: Bo3 | AZ26: Contender Round 1 | BS26: TBA | CE26: Link
C30: 22.o7 | I30: 0.47916667 | N30: {=xlookup(P30,qualdata!$N$2:$N$17,qualdata!$O$2:$O$17,"")} | P30: ='Contender Schedule'!V23 | AB30: ='Contender Schedule'!AH23 | AD30: ='Contender Schedule'!AJ23 | AF30: ='Contender Schedule'!AL23 | AR30: {=xlookup(AF30,qualdata!$N$2:$N$17,qualdata!$O$2:$O$17,"")} | AU30: Bo3 | AZ30: Contender Round 2 High | BS30: TBA | CE30: Link
C32: 22.o7 | I32: 0.60416667 | N32: {=xlookup(P32,qualdata!$N$2:$N$17,qualdata!$O$2:$O$17,"")} | P32: ='Contender Schedule'!V25 | AB32: ='Contender Schedule'!AH25 | AD32: ='Contender Schedule'!AJ25 | AF32: ='Contender Schedule'!AL25 | AR32: {=xlookup(AF32,qualdata!$N$2:$N$17,qualdata!$O$2:$O$17,"")} | AU32: Bo3 | AZ32: Contender Round 2 High | BS32: TBA | CE32: Link
C34: 22.o7 | I34: 0.72916667 | N34: {=xlookup(P34,qualdata!$N$2:$N$17,qualdata!$O$2:$O$17,"")} | P34: ='Contender Schedule'!V27 | AB34: ='Contender Schedule'!AH27 | AD34: ='Contender Schedule'!AJ27 | AF34: ='Contender Schedule'!AL27 | AR34: {=xlookup(AF34,qualdata!$N$2:$N$17,qualdata!$O$2:$O$17,"")} | AU34: Bo3 | AZ34: Contender Round 2 High | BS34: TBA | CE34: Link
C36: 22.o7 | I36: 0.85416667 | N36: {=xlookup(P36,qualdata!$N$2:$N$17,qualdata!$O$2:$O$17,"")} | P36: ='Contender Schedule'!V29 | AB36: ='Contender Schedule'!AH29 | AD36: ='Contender Schedule'!AJ29 | AF36: ='Contender Schedule'!AL29 | AR36: {=xlookup(AF36,qualdata!$N$2:$N$17,qualdata!$O$2:$O$17,"")} | AU36: Bo3 | AZ36: Contender Round 2 High | BS36: TBA | CE36: Link
C39: 23.07 | I39: 0.47916667 | N39: {=xlookup(P39,qualdata!$N$2:$N$17,qualdata!$O$2:$O$17,"")} | P39: ='Contender Schedule'!V32 | AB39: ='Contender Schedule'!AH32 | AD39: ='Contender Schedule'!AJ32 | AF39: ='Contender Schedule'!AL32 | AR39: {=xlookup(AF39,qualdata!$N$2:$N$17,qualdata!$O$2:$O$17,"")} | AU39: Bo3 | AZ39: Contender Round 2 Low | BS39: TBA | CE39: Link
C41: 23.07 | I41: 0.60416667 | N41: {=xlookup(P41,qualdata!$N$2:$N$17,qualdata!$O$2:$O$17,"")} | P41: ='Contender Schedule'!V34 | AB41: ='Contender Schedule'!AH34 | AD41: ='Contender Schedule'!AJ34 | AF41: ='Contender Schedule'!AL34 | AR41: {=xlookup(AF41,qualdata!$N$2:$N$17,qualdata!$O$2:$O$17,"")} | AU41: Bo3 | AZ41: Contender Round 2 Low | BS41: TBA | CE41: Link
C43: 23.07 | I43: 0.72916667 | N43: {=xlookup(P43,qualdata!$N$2:$N$17,qualdata!$O$2:$O$17,"")} | P43: ='Contender Schedule'!V36 | AB43: ='Contender Schedule'!AH36 | AD43: ='Contender Schedule'!AJ36 | AF43: ='Contender Schedule'!AL36 | AR43: {=xlookup(AF43,qualdata!$N$2:$N$17,qualdata!$O$2:$O$17,"")} | AU43: Bo3 | AZ43: Contender Round 2 Low | BS43: TBA | CE43: Link
C45: 23.07 | I45: 0.85416667 | N45: {=xlookup(P45,qualdata!$N$2:$N$17,qualdata!$O$2:$O$17,"")} | P45: ='Contender Schedule'!V38 | AB45: ='Contender Schedule'!AH38 | AD45: ='Contender Schedule'!AJ38 | AF45: ='Contender Schedule'!AL38 | AR45: {=xlookup(AF45,qualdata!$N$2:$N$17,qualdata!$O$2:$O$17,"")} | AU45: Bo3 | AZ45: Contender Round 2 Low | BS45: TBA | CE45: Link
C49: 24.07 | I49: 0.47916667 | N49: {=xlookup(P49,qualdata!$N$2:$N$17,qualdata!$O$2:$O$17,"")} | P49: ='Contender Schedule'!V42 | AB49: ='Contender Schedule'!AH42 | AD49: ='Contender Schedule'!AJ42 | AF49: ='Contender Schedule'!AL42 | AR49: {=xlookup(AF49,qualdata!$N$2:$N$17,qualdata!$O$2:$O$17,"")} | AU49: Bo3 | AZ49: Contender Round 3 High | BS49: TBA | CE49: Link
C51: 24.07 | I51: 0.60416667 | N51: {=xlookup(P51,qualdata!$N$2:$N$17,qualdata!$O$2:$O$17,"")} | P51: ='Contender Schedule'!V44 | AB51: ='Contender Schedule'!AH44 | AD51: ='Contender Schedule'!AJ44 | AF51: ='Contender Schedule'!AL44 | AR51: {=xlookup(AF51,qualdata!$N$2:$N$17,qualdata!$O$2:$O$17,"")} | AU51: Bo3 | AZ51: Contender Round 3 High | BS51: TBA | CE51: Link
C54: 25.07 | I54: 0.47916667 | N54: {=xlookup(P54,qualdata!$N$2:$N$17,qualdata!$O$2:$O$17,"")} | P54: ='Contender Schedule'!V47 | AB54: ='Contender Schedule'!AH47 | AD54: ='Contender Schedule'!AJ47 | AF54: ='Contender Schedule'!AL47 | AR54: {=xlookup(AF54,qualdata!$N$2:$N$17,qualdata!$O$2:$O$17,"")} | AU54: Bo3 | AZ54: Contender Round 3 mid | BS54: TBA | CE54: Link
C56: 25.07 | I56: 0.60416667 | N56: {=xlookup(P56,qualdata!$N$2:$N$17,qualdata!$O$2:$O$17,"")} | P56: ='Contender Schedule'!V49 | AB56: ='Contender Schedule'!AH49 | AD56: ='Contender Schedule'!AJ49 | AF56: ='Contender Schedule'!AL49 | AR56: {=xlookup(AF56,qualdata!$N$2:$N$17,qualdata!$O$2:$O$17,"")} | AU56: Bo3 | AZ56: Contender Round 3 mid | BS56: TBA | CE56: Link
C58: 25.07 | I58: 0.72916667 | N58: {=xlookup(P58,qualdata!$N$2:$N$17,qualdata!$O$2:$O$17,"")} | P58: ='Contender Schedule'!V51 | AB58: ='Contender Schedule'!AH51 | AD58: ='Contender Schedule'!AJ51 | AF58: ='Contender Schedule'!AL51 | AR58: {=xlookup(AF58,qualdata!$N$2:$N$17,qualdata!$O$2:$O$17,"")} | AU58: Bo3 | AZ58: Contender Round 3 mid | BS58: TBA | CE58: Link
C60: 25.07 | I60: 0.85416667 | N60: {=xlookup(P60,qualdata!$N$2:$N$17,qualdata!$O$2:$O$17,"")} | P60: ='Contender Schedule'!V53 | AB60: ='Contender Schedule'!AH53 | AD60: ='Contender Schedule'!AJ53 | AF60: ='Contender Schedule'!AL53 | AR60: {=xlookup(AF60,qualdata!$N$2:$N$17,qualdata!$O$2:$O$17,"")} | AU60: Bo3 | AZ60: Contender Round 3 mid | BS60: TBA | CE60: Link
C63: 24.07 | I63: 0.72916667 | N63: {=xlookup(P63,qualdata!$N$2:$N$17,qualdata!$O$2:$O$17,"")} | P63: ='Contender Schedule'!V56 | AB63: ='Contender Schedule'!AH56 | AD63: ='Contender Schedule'!AJ56 | AF63: ='Contender Schedule'!AL56 | AR63: {=xlookup(AF63,qualdata!$N$2:$N$17,qualdata!$O$2:$O$17,"")} | AU63: Bo3 | AZ63: Contender Round 3 low (elimination) | BS63: TBA | CE63: Link
C65: 24.07 | I65: 0.85416667 | N65: {=xlookup(P65,qualdata!$N$2:$N$17,qualdata!$O$2:$O$17,"")} | P65: ='Contender Schedule'!V58 | AB65: ='Contender Schedule'!AH58 | AD65: ='Contender Schedule'!AJ58 | AF65: ='Contender Schedule'!AL58 | AR65: {=xlookup(AF65,qualdata!$N$2:$N$17,qualdata!$O$2:$O$17,"")} | AU65: Bo3 | AZ65: Contender Round 3 low (elimination) | BS65: TBA | CE65: Link
... C88: 28.07 | I88: 0.85416667 | N88: {=xlookup(P88,qualdata!$N$2:$N$17,qualdata!$O$2:$O$17,"")} | P88: ='Contender Schedule'!V81 | AB88: ='Contender Schedule'!AH81 | AD88: ='Contender Schedule'!AJ81 | AF88: ='Contender Schedule'!AL81 | AR88: {=xlookup(AF88,qualdata!$N$2:$N$17,qualdata!$O$2:$O$17,"")} | AU88: Bo3 | AZ88: Contender Round 5 (elimination) | BS88: TBA | CE88: Link
C91: Main Swiss Stage
A95: 1 | C95: 29.07 | I95: 0.47916667 | N95: {=xlookup(P95,data!$N$2:$N$17,data!$O$2:$O$17,"")} | P95: {=xlookup(A95,matchups!$I:$I,matchups!$B:$B,"")} -> Team 1 (Group 2) | AB95: {=xlookup(A95,matchups!$I:$I,matchups!$D:$D,"")} | AD95: {=xlookup(A95,matchups!$I:$I,matchups!$E:$E,"")} | AF95: {=xlookup(A95,matchups!$I:$I,matchups!$C:$C,"")} -> TBD | AR95: {=xlookup(AF95,data!$N$2:$N$17,data!$O$2:$O$17,"")} | AU95: Bo3 | AZ95: Swiss Round 1 | BS95: TBA | CE95: Link
A97: =A95+1 -> 2 | C97: 29.07 | I97: 0.60416667 | N97: {=xlookup(P97,data!$N$2:$N$17,data!$O$2:$O$17,"")} | P97: {=xlookup(A97,matchups!$I:$I,matchups!$B:$B,"")} -> Team 2 (Group 2) | AB97: {=xlookup(A97,matchups!$I:$I,matchups!$D:$D,"")} | AD97: {=xlookup(A97,matchups!$I:$I,matchups!$E:$E,"")} | AF97: {=xlookup(A97,matchups!$I:$I,matchups!$C:$C,"")} -> TBD | AR97: {=xlookup(AF97,data!$N$2:$N$17,data!$O$2:$O$17,"")} | AU97: Bo3 | AZ97: Swiss Round 1 | BS97: TBA | CE97: Link
A99: =A97+1 -> 3 | C99: 29.07 | I99: 0.72916667 | N99: {=xlookup(P99,data!$N$2:$N$17,data!$O$2:$O$17,"")} | P99: {=xlookup(A99,matchups!$I:$I,matchups!$B:$B,"")} -> Team 3 (Group 2) | AB99: {=xlookup(A99,matchups!$I:$I,matchups!$D:$D,"")} | AD99: {=xlookup(A99,matchups!$I:$I,matchups!$E:$E,"")} | AF99: {=xlookup(A99,matchups!$I:$I,matchups!$C:$C,"")} -> TBD | AR99: {=xlookup(AF99,data!$N$2:$N$17,data!$O$2:$O$17,"")} | AU99: Bo3 | AZ99: Swiss Round 1 | BS99: TBA | CE99: Link
A101: =A99+1 -> 4 | C101: 29.07 | I101: 0.85416667 | N101: {=xlookup(P101,data!$N$2:$N$17,data!$O$2:$O$17,"")} | P101: {=xlookup(A101,matchups!$I:$I,matchups!$B:$B,"")} -> Team 4 (Group 2) | AB101: {=xlookup(A101,matchups!$I:$I,matchups!$D:$D,"")} | AD101: {=xlookup(A101,matchups!$I:$I,matchups!$E:$E,"")} | AF101: {=xlookup(A101,matchups!$I:$I,matchups!$C:$C,"")} -> TBD | AR101: {=xlookup(AF101,data!$N$2:$N$17,data!$O$2:$O$17,"")} | AU101: Bo3 | AZ101: Swiss Round 1 | BS101: TBA | CE101: Link
A103: =A101+1 -> 5 | C103: 30.07 | I103: 0.47916667 | N103: {=xlookup(P103,data!$N$2:$N$17,data!$O$2:$O$17,"")} | P103: {=xlookup(A103,matchups!$I:$I,matchups!$B:$B,"")} -> Team 5 (Group 2) | AB103: {=xlookup(A103,matchups!$I:$I,matchups!$D:$D,"")} | AD103: {=xlookup(A103,matchups!$I:$I,matchups!$E:$E,"")} | AF103: {=xlookup(A103,matchups!$I:$I,matchups!$C:$C,"")} -> TBD | AR103: {=xlookup(AF103,data!$N$2:$N$17,data!$O$2:$O$17,"")} | AU103: Bo3 | AZ103: Swiss Round 1 | BS103: TBA | CE103: Link
A105: =A103+1 -> 6 | C105: 30.07 | I105: 0.60416667 | N105: {=xlookup(P105,data!$N$2:$N$17,data!$O$2:$O$17,"")} | P105: {=xlookup(A105,matchups!$I:$I,matchups!$B:$B,"")} -> Team 6 (Group 2) | AB105: {=xlookup(A105,matchups!$I:$I,matchups!$D:$D,"")} | AD105: {=xlookup(A105,matchups!$I:$I,matchups!$E:$E,"")} | AF105: {=xlookup(A105,matchups!$I:$I,matchups!$C:$C,"")} -> TBD | AR105: {=xlookup(AF105,data!$N$2:$N$17,data!$O$2:$O$17,"")} | AU105: Bo3 | AZ105: Swiss Round 1 | BS105: TBA | CE105: Link
A107: =A105+1 -> 7 | C107: 30.07 | I107: 0.72916667 | N107: {=xlookup(P107,data!$N$2:$N$17,data!$O$2:$O$17,"")} | P107: {=xlookup(A107,matchups!$I:$I,matchups!$B:$B,"")} -> Team 7 (Group 2) | AB107: {=xlookup(A107,matchups!$I:$I,matchups!$D:$D,"")} | AD107: {=xlookup(A107,matchups!$I:$I,matchups!$E:$E,"")} | AF107: {=xlookup(A107,matchups!$I:$I,matchups!$C:$C,"")} -> TBD | AR107: {=xlookup(AF107,data!$N$2:$N$17,data!$O$2:$O$17,"")} | AU107: Bo3 | AZ107: Swiss Round 1 | BS107: TBA | CE107: Link
A109: =A107+1 -> 8 | C109: 30.07 | I109: 0.85416667 | N109: {=xlookup(P109,data!$N$2:$N$17,data!$O$2:$O$17,"")} | P109: {=xlookup(A109,matchups!$I:$I,matchups!$B:$B,"")} -> Team 8 (Group 2) | AB109: {=xlookup(A109,matchups!$I:$I,matchups!$D:$D,"")} | AD109: {=xlookup(A109,matchups!$I:$I,matchups!$E:$E,"")} | AF109: {=xlookup(A109,matchups!$I:$I,matchups!$C:$C,"")} -> TBD | AR109: {=xlookup(AF109,data!$N$2:$N$17,data!$O$2:$O$17,"")} | AU109: Bo3 | AZ109: Swiss Round 1 | BS109: TBA | CE109: Link
A113: =A109+1 -> 9 | C113: 31.07 | I113: 0.47916667 | N113: {=xlookup(P113,data!$N$2:$N$17,data!$O$2:$O$17,"")} | P113: {=xlookup(A113,matchups!$I:$I,matchups!$B:$B,"")} | AB113: {=xlookup(A113,matchups!$I:$I,matchups!$D:$D,"")} | AD113: {=xlookup(A113,matchups!$I:$I,matchups!$E:$E,"")} | AF113: {=xlookup(A113,matchups!$I:$I,matchups!$C:$C,"")} | AR113: {=xlookup(AF113,data!$N$2:$N$17,data!$O$2:$O$17,"")} | AU113: Bo3 | AZ113: Round 2 High | BS113: TBA | CE113: Link
A115: =A113+1 -> 10 | C115: 31.07 | I115: 0.60416667 | N115: {=xlookup(P115,data!$N$2:$N$17,data!$O$2:$O$17,"")} | P115: {=xlookup(A115,matchups!$I:$I,matchups!$B:$B,"")} | AB115: {=xlookup(A115,matchups!$I:$I,matchups!$D:$D,"")} | AD115: {=xlookup(A115,matchups!$I:$I,matchups!$E:$E,"")} | AF115: {=xlookup(A115,matchups!$I:$I,matchups!$C:$C,"")} | AR115: {=xlookup(AF115,data!$N$2:$N$17,data!$O$2:$O$17,"")} | AU115: Bo3 | AZ115: Round 2 High | BS115: TBA | CE115: Link
A117: =A115+1 -> 11 | C117: 31.07 | I117: 0.72916667 | N117: {=xlookup(P117,data!$N$2:$N$17,data!$O$2:$O$17,"")} | P117: {=xlookup(A117,matchups!$I:$I,matchups!$B:$B,"")} | AB117: {=xlookup(A117,matchups!$I:$I,matchups!$D:$D,"")} | AD117: {=xlookup(A117,matchups!$I:$I,matchups!$E:$E,"")} | AF117: {=xlookup(A117,matchups!$I:$I,matchups!$C:$C,"")} | AR117: {=xlookup(AF117,data!$N$2:$N$17,data!$O$2:$O$17,"")} | AU117: Bo3 | AZ117: Round 2 High | BS117: TBA | CE117: Link
A119: =A117+1 -> 12 | C119: 31.07 | I119: 0.85416667 | N119: {=xlookup(P119,data!$N$2:$N$17,data!$O$2:$O$17,"")} | P119: {=xlookup(A119,matchups!$I:$I,matchups!$B:$B,"")} | AB119: {=xlookup(A119,matchups!$I:$I,matchups!$D:$D,"")} | AD119: {=xlookup(A119,matchups!$I:$I,matchups!$E:$E,"")} | AF119: {=xlookup(A119,matchups!$I:$I,matchups!$C:$C,"")} | AR119: {=xlookup(AF119,data!$N$2:$N$17,data!$O$2:$O$17,"")} | AU119: Bo3 | AZ119: Round 2 High | BS119: TBA | CE119: Link
A122: =A119+1 -> 13 | C122: 1.08 | I122: 0.47916667 | N122: {=xlookup(P122,data!$N$2:$N$17,data!$O$2:$O$17,"")} | P122: {=xlookup(A122,matchups!$I:$I,matchups!$B:$B,"")} | AB122: {=xlookup(A122,matchups!$I:$I,matchups!$D:$D,"")} | AD122: {=xlookup(A122,matchups!$I:$I,matchups!$E:$E,"")} | AF122: {=xlookup(A122,matchups!$I:$I,matchups!$C:$C,"")} | AR122: {=xlookup(AF122,data!$N$2:$N$17,data!$O$2:$O$17,"")} | AU122: Bo3 | AZ122: Round 2 Low | BS122: TBA | CE122: Link
A124: =A122+1 -> 14 | C124: 1.08 | I124: 0.60416667 | N124: {=xlookup(P124,data!$N$2:$N$17,data!$O$2:$O$17,"")} | P124: {=xlookup(A124,matchups!$I:$I,matchups!$B:$B,"")} | AB124: {=xlookup(A124,matchups!$I:$I,matchups!$D:$D,"")} | AD124: {=xlookup(A124,matchups!$I:$I,matchups!$E:$E,"")} | AF124: {=xlookup(A124,matchups!$I:$I,matchups!$C:$C,"")} | AR124: {=xlookup(AF124,data!$N$2:$N$17,data!$O$2:$O$17,"")} | AU124: Bo3 | AZ124: Round 2 Low | BS124: TBA | CE124: Link
A126: =A124+1 -> 15 | C126: 1.08 | I126: 0.72916667 | N126: {=xlookup(P126,data!$N$2:$N$17,data!$O$2:$O$17,"")} | P126: {=xlookup(A126,matchups!$I:$I,matchups!$B:$B,"")} | AB126: {=xlookup(A126,matchups!$I:$I,matchups!$D:$D,"")} | AD126: {=xlookup(A126,matchups!$I:$I,matchups!$E:$E,"")} | AF126: {=xlookup(A126,matchups!$I:$I,matchups!$C:$C,"")} | AR126: {=xlookup(AF126,data!$N$2:$N$17,data!$O$2:$O$17,"")} | AU126: Bo3 | AZ126: Round 2 Low | BS126: TBA | CE126: Link
A128: =A126+1 -> 16 | C128: 1.08 | I128: 0.85416667 | N128: {=xlookup(P128,data!$N$2:$N$17,data!$O$2:$O$17,"")} | P128: {=xlookup(A128,matchups!$I:$I,matchups!$B:$B,"")} | AB128: {=xlookup(A128,matchups!$I:$I,matchups!$D:$D,"")} | AD128: {=xlookup(A128,matchups!$I:$I,matchups!$E:$E,"")} | AF128: {=xlookup(A128,matchups!$I:$I,matchups!$C:$C,"")} | AR128: {=xlookup(AF128,data!$N$2:$N$17,data!$O$2:$O$17,"")} | AU128: Bo3 | AZ128: Round 2 Low | BS128: TBA | CE128: Link
A132: =A128+1 -> 17 | C132: 2.08 | I132: 0.47916667 | N132: {=xlookup(P132,data!$N$2:$N$17,data!$O$2:$O$17,"")} | P132: ='Main Event'!AV132 | AB132: {=xlookup(A132,matchups!$I:$I,matchups!$D:$D,"")} | AD132: {=xlookup(A132,matchups!$I:$I,matchups!$E:$E,"")} | AF132: ='Main Event'!BZ132 | AR132: {=xlookup(AF132,data!$N$2:$N$17,data!$O$2:$O$17,"")} | AU132: Bo3 | AZ132: Round 3 High | BS132: TBA | CE132: Link
A134: =A132+1 -> 18 | C134: 2.08 | I134: 0.60416667 | N134: {=xlookup(P134,data!$N$2:$N$17,data!$O$2:$O$17,"")} | P134: ='Main Event'!AV139 | AB134: {=xlookup(A134,matchups!$I:$I,matchups!$D:$D,"")} | AD134: {=xlookup(A134,matchups!$I:$I,matchups!$E:$E,"")} | AF134: ='Main Event'!BZ139 | AR134: {=xlookup(AF134,data!$N$2:$N$17,data!$O$2:$O$17,"")} | AU134: Bo3 | AZ134: Round 3 High | BS134: TBA | CE134: Link
A137: 21 | C137: 3.08 | I137: 0.47916667 | N137: {=xlookup(P137,data!$N$2:$N$17,data!$O$2:$O$17,"")} | P137: {=xlookup(A137,matchups!$I:$I,matchups!$B:$B,"")} | AB137: {=xlookup(A137,matchups!$I:$I,matchups!$D:$D,"")} | AD137: {=xlookup(A137,matchups!$I:$I,matchups!$E:$E,"")} | AF137: {=xlookup(A137,matchups!$I:$I,matchups!$C:$C,"")} | AR137: {=xlookup(AF137,data!$N$2:$N$17,data!$O$2:$O$17,"")} | AU137: Bo3 | AZ137: Round 3 mid | BS137: TBA | CE137: Link
A139: =A137+1 -> 22 | C139: 3.08 | I139: 0.60416667 | N139: {=xlookup(P139,data!$N$2:$N$17,data!$O$2:$O$17,"")} | P139: {=xlookup(A139,matchups!$I:$I,matchups!$B:$B,"")} | AB139: {=xlookup(A139,matchups!$I:$I,matchups!$D:$D,"")} | AD139: {=xlookup(A139,matchups!$I:$I,matchups!$E:$E,"")} | AF139: {=xlookup(A139,matchups!$I:$I,matchups!$C:$C,"")} | AR139: {=xlookup(AF139,data!$N$2:$N$17,data!$O$2:$O$17,"")} | AU139: Bo3 | AZ139: Round 3 mid | BS139: TBA | CE139: Link
A141: =A139+1 -> 23 | C141: 3.08 | I141: 0.72916667 | N141: {=xlookup(P141,data!$N$2:$N$17,data!$O$2:$O$17,"")} | P141: {=xlookup(A141,matchups!$I:$I,matchups!$B:$B,"")} | AB141: {=xlookup(A141,matchups!$I:$I,matchups!$D:$D,"")} | AD141: {=xlookup(A141,matchups!$I:$I,matchups!$E:$E,"")} | AF141: {=xlookup(A141,matchups!$I:$I,matchups!$C:$C,"")} | AR141: {=xlookup(AF141,data!$N$2:$N$17,data!$O$2:$O$17,"")} | AU141: Bo3 | AZ141: Round 3 mid | BS141: TBA | CE141: Link
A143: =A141+1 -> 24 | C143: 3.08 | I143: 0.85416667 | N143: {=xlookup(P143,data!$N$2:$N$17,data!$O$2:$O$17,"")} | P143: {=xlookup(A143,matchups!$I:$I,matchups!$B:$B,"")} | AB143: {=xlookup(A143,matchups!$I:$I,matchups!$D:$D,"")} | AD143: {=xlookup(A143,matchups!$I:$I,matchups!$E:$E,"")} | AF143: {=xlookup(A143,matchups!$I:$I,matchups!$C:$C,"")} | AR143: {=xlookup(AF143,data!$N$2:$N$17,data!$O$2:$O$17,"")} | AU143: Bo3 | AZ143: Round 3 mid | BS143: TBA | CE143: Link
A146: 19 | C146: 2.08 | I146: 0.72916667 | N146: {=xlookup(P146,data!$N$2:$N$17,data!$O$2:$O$17,"")} | P146: ='Main Event'!FT132 | AB146: {=xlookup(A146,matchups!$I:$I,matchups!$D:$D,"")} | AD146: {=xlookup(A146,matchups!$I:$I,matchups!$E:$E,"")} | AF146: ='Main Event'!GX132 | AR146: {=xlookup(AF146,data!$N$2:$N$17,data!$O$2:$O$17,"")} | AU146: Bo3 | AZ146: Round 3 low (elimination) | BS146: TBA | CE146: Link
A148: =A146+1 -> 20 | C148: 2.08 | I148: 0.85416667 | N148: {=xlookup(P148,data!$N$2:$N$17,data!$O$2:$O$17,"")} | P148: ='Main Event'!FT139 | AB148: {=xlookup(A148,matchups!$I:$I,matchups!$D:$D,"")} | AD148: {=xlookup(A148,matchups!$I:$I,matchups!$E:$E,"")} | AF148: ='Main Event'!GX139 | AR148: {=xlookup(AF148,data!$N$2:$N$17,data!$O$2:$O$17,"")} | AU148: Bo3 | AZ148: Round 3 low (elimination) | BS148: TBA | CE148: Link
A152: 25 | C152: 4.08 | I152: 0.60416667 | N152: {=xlookup(P152,data!$N$2:$N$17,data!$O$2:$O$17,"")} | P152: ='Main Event'!CB175 | AB152: {=xlookup(A152,matchups!$I:$I,matchups!$D:$D,"")} | AD152: {=xlookup(A152,matchups!$I:$I,matchups!$E:$E,"")} | AF152: ='Main Event'!DF175 | AR152: {=xlookup(AF152,data!$N$2:$N$17,data!$O$2:$O$17,"")} | AU152: Bo3 | AZ152: Round 4 High | BS152: TBA | CE152: Link
A154: =A152+1 -> 26 | C154: 4.08 | I154: 0.72916667 | N154: {=xlookup(P154,data!$N$2:$N$17,data!$O$2:$O$17,"")} | P154: ='Main Event'!CB182 | AB154: {=xlookup(A154,matchups!$I:$I,matchups!$D:$D,"")} | AD154: {=xlookup(A154,matchups!$I:$I,matchups!$E:$E,"")} | AF154: ='Main Event'!DF182 | AR154: {=xlookup(AF154,data!$N$2:$N$17,data!$O$2:$O$17,"")} | AU154: Bo3 | AZ154: Round 4 High | BS154: TBA | CE154: Link
A156: =A154+1 -> 27 | C156: 4.08 | I156: 0.85416667 | N156: {=xlookup(P156,data!$N$2:$N$17,data!$O$2:$O$17,"")} | P156: ='Main Event'!CB189 | AB156: {=xlookup(A156,matchups!$I:$I,matchups!$D:$D,"")} | AD156: {=xlookup(A156,matchups!$I:$I,matchups!$E:$E,"")} | AF156: ='Main Event'!DF189 | AR156: {=xlookup(AF156,data!$N$2:$N$17,data!$O$2:$O$17,"")} | AU156: Bo3 | AZ156: Round 4 High | BS156: TBA | CE156: Link
A159: 28 | C159: 5.08 | I159: 0.60416667 | N159: {=xlookup(P159,data!$N$2:$N$17,data!$O$2:$O$17,"")} | P159: ='Main Event'!EN175 | AB159: {=xlookup(A159,matchups!$I:$I,matchups!$D:$D,"")} | AD159: {=xlookup(A159,matchups!$I:$I,matchups!$E:$E,"")} | AF159: ='Main Event'!FR175 | AR159: {=xlookup(AF159,data!$N$2:$N$17,data!$O$2:$O$17,"")} | AU159: Bo3 | AZ159: Round 4 low (elimination) | BS159: TBA | CE159: Link
A161: =A159+1 -> 29 | C161: 5.08 | I161: 0.72916667 | N161: {=xlookup(P161,data!$N$2:$N$17,data!$O$2:$O$17,"")} | P161: ='Main Event'!EN182 | AB161: {=xlookup(A161,matchups!$I:$I,matchups!$D:$D,"")} | AD161: {=xlookup(A161,matchups!$I:$I,matchups!$E:$E,"")} | AF161: ='Main Event'!FR182 | AR161: {=xlookup(AF161,data!$N$2:$N$17,data!$O$2:$O$17,"")} | AU161: Bo3 | AZ161: Round 4 low (elimination) | BS161: TBA | CE161: Link
A163: =A161+1 -> 30 | C163: 5.08 | I163: 0.85416667 | N163: {=xlookup(P163,data!$N$2:$N$17,data!$O$2:$O$17,"")} | P163: ='Main Event'!EN189 | AB163: {=xlookup(A163,matchups!$I:$I,matchups!$D:$D,"")} | AD163: {=xlookup(A163,matchups!$I:$I,matchups!$E:$E,"")} | AF163: ='Main Event'!FR189 | AR163: {=xlookup(AF163,data!$N$2:$N$17,data!$O$2:$O$17,"")} | AU163: Bo3 | AZ163: Round 4 low (elimination) | BS163: TBA | CE163: Link
A167: 31 | C167: 6.08 | I167: 0.60416667 | N167: {=xlookup(P167,data!$N$2:$N$17,data!$O$2:$O$17,"")} | P167: {=xlookup(A167,matchups!$I:$I,matchups!$B:$B,"")} | AB167: {=xlookup(A167,matchups!$I:$I,matchups!$D:$D,"")} | AD167: {=xlookup(A167,matchups!$I:$I,matchups!$E:$E,"")} | AF167: {=xlookup(A167,matchups!$I:$I,matchups!$C:$C,"")} | AR167: {=xlookup(AF167,data!$N$2:$N$17,data!$O$2:$O$17,"")} | AU167: Bo3 | AZ167: Round 5 (elimination) | BS167: TBA | CE167: Link
A169: =A167+1 -> 32 | C169: 6.08 | I169: 0.72916667 | N169: {=xlookup(P169,data!$N$2:$N$17,data!$O$2:$O$17,"")} | P169: {=xlookup(A169,matchups!$I:$I,matchups!$B:$B,"")} | AB169: {=xlookup(A169,matchups!$I:$I,matchups!$D:$D,"")} | AD169: {=xlookup(A169,matchups!$I:$I,matchups!$E:$E,"")} | AF169: {=xlookup(A169,matchups!$I:$I,matchups!$C:$C,"")} | AR169: {=xlookup(AF169,data!$N$2:$N$17,data!$O$2:$O$17,"")} | AU169: Bo3 | AZ169: Round 5 (elimination) | BS169: TBA | CE169: Link
A171: =A169+1 -> 33 | C171: 6.08 | I171: 0.85416667 | N171: {=xlookup(P171,data!$N$2:$N$17,data!$O$2:$O$17,"")} | P171: {=xlookup(A171,matchups!$I:$I,matchups!$B:$B,"")} | AB171: {=xlookup(A171,matchups!$I:$I,matchups!$D:$D,"")} | AD171: {=xlookup(A171,matchups!$I:$I,matchups!$E:$E,"")} | AF171: {=xlookup(A171,matchups!$I:$I,matchups!$C:$C,"")} | AR171: {=xlookup(AF171,data!$N$2:$N$17,data!$O$2:$O$17,"")} | AU171: Bo3 | AZ171: Round 5 (elimination) | BS171: TBA | CE171: Link
C174: Playoffs
C178: 7.08 | I178: 0.47916667 | N178: {=xlookup(P178,data!$N$2:$N$17,data!$O$2:$O$17,"")} | P178: ='Main Event'!L255 -> Swiss #4 Seed | AB178: ='Main Event'!AK255 | AD178: ='Main Event'!AK259 | AF178: ='Main Event'!L259 -> Swiss #5 Seed | AR178: {=xlookup(AF178,data!$N$2:$N$17,data!$O$2:$O$17,"")} | AU178: Bo3 | AZ178: Round 1 (elimination) | BS178: TBA | CE178: Link
C180: 7.08 | I180: 0.60416667 | N180: {=xlookup(P180,data!$N$2:$N$17,data!$O$2:$O$17,"")} | P180: ='Main Event'!L265 -> Swiss #1 Seed | AB180: ='Main Event'!AK265 | AD180: ='Main Event'!AK269 | AF180: ='Main Event'!L269 -> Swiss #8 Seed | AR180: {=xlookup(AF180,data!$N$2:$N$17,data!$O$2:$O$17,"")} | AU180: Bo3 | AZ180: Round 1 (elimination) | BS180: TBA | CE180: Link
C182: 7.08 | I182: 0.72916667 | N182: {=xlookup(P182,data!$N$2:$N$17,data!$O$2:$O$17,"")} | P182: ='Main Event'!L275 -> Swiss #3 Seed | AB182: ='Main Event'!AK275 | AD182: ='Main Event'!AK279 | AF182: ='Main Event'!L279 -> Swiss #6 Seed | AR182: {=xlookup(AF182,data!$N$2:$N$17,data!$O$2:$O$17,"")} | AU182: Bo3 | AZ182: Round 1 (elimination) | BS182: TBA | CE182: Link
C184: 7.08 | I184: 0.85416667 | N184: {=xlookup(P184,data!$N$2:$N$17,data!$O$2:$O$17,"")} | P184: ='Main Event'!L285 -> Swiss #2 Seed | AB184: ='Main Event'!AK285 | AD184: ='Main Event'!AK289 | AF184: ='Main Event'!L289 -> Swiss #7 Seed | AR184: {=xlookup(AF184,data!$N$2:$N$17,data!$O$2:$O$17,"")} | AU184: Bo3 | AZ184: Round 1 (elimination) | BS184: TBA | CE184: Link
A188: 34 | C188: 8.08 | I188: 0.47916667 | N188: {=xlookup(P188,'Team Entry'!$A:$A,'Team Entry'!$B:$B,"")} | P188: {=xlookup(A188,matchups!$I:$I,matchups!$B:$B,"")} -> Team 1 (Playoff) | AB188: {=xlookup(A188,matchups!$I:$I,matchups!$D:$D,"")} | AD188: {=xlookup(A188,matchups!$I:$I,matchups!$E:$E,"")} | AF188: {=xlookup(A188,matchups!$I:$I,matchups!$C:$C,"")} | AR188: {=xlookup(AF188,data!$N$2:$N$17,data!$O$2:$O$17,"")} | AU188: Bo3 | AZ188: Quarterfinals (elimination) | BS188: TBA | CE188: Link
A190: =A188+1 -> 35 | C190: 8.08 | I190: 0.60416667 | N190: {=xlookup(P190,'Team Entry'!$A:$A,'Team Entry'!$B:$B,"")} | P190: {=xlookup(A190,matchups!$I:$I,matchups!$B:$B,"")} -> Team 4 (Playoff) | AB190: {=xlookup(A190,matchups!$I:$I,matchups!$D:$D,"")} | AD190: {=xlookup(A190,matchups!$I:$I,matchups!$E:$E,"")} | AF190: {=xlookup(A190,matchups!$I:$I,matchups!$C:$C,"")} | AR190: {=xlookup(AF190,data!$N$2:$N$17,data!$O$2:$O$17,"")} | AU190: Bo3 | AZ190: Quarterfinals (elimination) | BS190: TBA | CE190: Link
A192: =A190+1 -> 36 | C192: 8.08 | I192: 0.72916667 | N192: {=xlookup(P192,'Team Entry'!$A:$A,'Team Entry'!$B:$B,"")} | P192: {=xlookup(A192,matchups!$I:$I,matchups!$B:$B,"")} -> Team 2 (Playoff) | AB192: {=xlookup(A192,matchups!$I:$I,matchups!$D:$D,"")} | AD192: {=xlookup(A192,matchups!$I:$I,matchups!$E:$E,"")} | AF192: {=xlookup(A192,matchups!$I:$I,matchups!$C:$C,"")} | AR192: {=xlookup(AF192,data!$N$2:$N$17,data!$O$2:$O$17,"")} | AU192: Bo3 | AZ192: Quarterfinals (elimination) | BS192: TBA | CE192: Link
A194: =A192+1 -> 37 | C194: 8.08 | I194: 0.85416667 | N194: {=xlookup(P194,'Team Entry'!$A:$A,'Team Entry'!$B:$B,"")} | P194: {=xlookup(A194,matchups!$I:$I,matchups!$B:$B,"")} -> Team 3 (Playoff) | AB194: {=xlookup(A194,matchups!$I:$I,matchups!$D:$D,"")} | AD194: {=xlookup(A194,matchups!$I:$I,matchups!$E:$E,"")} | AF194: {=xlookup(A194,matchups!$I:$I,matchups!$C:$C,"")} | AR194: {=xlookup(AF194,data!$N$2:$N$17,data!$O$2:$O$17,"")} | AU194: Bo3 | AZ194: Quarterfinals (elimination) | BS194: TBA | CE194: Link
A198: 38 | C198: 9.08 | I198: 0.60416667 | N198: {=xlookup(P198,'Team Entry'!$A:$A,'Team Entry'!$B:$B,"")} | P198: {=xlookup(A198,matchups!$I:$I,matchups!$B:$B,"")} | AB198: {=xlookup(A198,matchups!$I:$I,matchups!$D:$D,"")} | AD198: {=xlookup(A198,matchups!$I:$I,matchups!$E:$E,"")} | AF198: {=xlookup(A198,matchups!$I:$I,matchups!$C:$C,"")} | AR198: {=xlookup(AF198,'Team Entry'!$A:$A,'Team Entry'!$B:$B,"")} | AU198: Bo3 | AZ198: Semifinals (elimination) | BS198: TBA | CE198: Link
A200: =A198+1 -> 39 | C200: 9.08 | I200: 0.72916667 | N200: {=xlookup(P200,'Team Entry'!$A:$A,'Team Entry'!$B:$B,"")} | P200: {=xlookup(A200,matchups!$I:$I,matchups!$B:$B,"")} | AB200: {=xlookup(A200,matchups!$I:$I,matchups!$D:$D,"")} | AD200: {=xlookup(A200,matchups!$I:$I,matchups!$E:$E,"")} | AF200: {=xlookup(A200,matchups!$I:$I,matchups!$C:$C,"")} | AR200: {=xlookup(AF200,'Team Entry'!$A:$A,'Team Entry'!$B:$B,"")} | AU200: Bo3 | AZ200: Semifinals (elimination) | BS200: TBA | CE200: Link
A204: 40 | C204: 9.08 | I204: 0.89583333 | N204: {=xlookup(P204,'Team Entry'!$A:$A,'Team Entry'!$B:$B,"")} | P204: {=xlookup(A204,matchups!$I:$I,matchups!$B:$B,"")} | AB204: {=xlookup(A204,matchups!$I:$I,matchups!$D:$D,"")} | AD204: {=xlookup(A204,matchups!$I:$I,matchups!$E:$E,"")} | AF204: {=xlookup(A204,matchups!$I:$I,matchups!$C:$C,"")} | AR204: {=xlookup(AF204,'Team Entry'!$A:$A,'Team Entry'!$B:$B,"")} | AU204: Bo3 | AZ204: Grand Final | BS204: TBA | CE204: Link

Sheet Contender Stage
DD6: =IF(or(ED18="",EH18="",ED25="",EH25="",ED32="",EH32="",ED39="",EH39="",ED46="",EH46="",ED53="",EH53="",ED60="",EH60="",ED67="",EH67=""),0,1) -> 0
DD7: Round 1 Matches
DD12: Team 1 | EH12: Team 2
DL15: R1 | DO15: R2 | DR15: R3 | ED15: Score | EU15: R3 | EX15: R2 | FA15: R1
DC18: ='Choose matchups (Contender)'!Q5 -> 1 | DD18: {=xlookup(DC18,qualdata!$M$2:$M$17,qualdata!$O$2:$O$17,"")} | DH18: {=xlookup(DC18,qualdata!$M$2:$M$17,qualdata!$N$2:$N$17,"")} -> Team 1 (Group 1) | EL18: {=xlookup(FL18,qualdata!$M$2:$M$17,qualdata!$N$2:$N$17,"")} -> Team 16 (Group 1) | FH18: {=xlookup(FL18,qualdata!$M$2:$M$17,qualdata!$O$2:$O$17,"")} | FL18: {=xlookup(DC18,qualdata!$M$2:$M$17,qualdata!$P$2:$P$17,"")} -> 16
DC22: =DC18 -> 1 | ED22: =sum(DL22:DT24) -> 0 | EH22: =sum(EU22:FC24) -> 0 | FL22: =FL18 -> 16
DC25: ='Choose matchups (Contender)'!Q6 -> 2 | DD25: {=xlookup(DC25,qualdata!$M$2:$M$17,qualdata!$O$2:$O$17,"")} | DH25: {=xlookup(DC25,qualdata!$M$2:$M$17,qualdata!$N$2:$N$17,"")} -> Team 2 (Group 1) | EL25: {=xlookup(FL25,qualdata!$M$2:$M$17,qualdata!$N$2:$N$17,"")} -> Team 15 (Group 1) | FH25: {=xlookup(FL25,qualdata!$M$2:$M$17,qualdata!$O$2:$O$17,"")} | FL25: {=xlookup(DC25,qualdata!$M$2:$M$17,qualdata!$P$2:$P$17,"")} -> 15
DC29: =DC25 -> 2 | ED29: =sum(DL29:DT31) -> 0 | EH29: =sum(EU29:FC31) -> 0 | FL29: =FL25 -> 15
DC32: ='Choose matchups (Contender)'!Q7 -> 3 | DD32: {=xlookup(DC32,qualdata!$M$2:$M$17,qualdata!$O$2:$O$17,"")} | DH32: {=xlookup(DC32,qualdata!$M$2:$M$17,qualdata!$N$2:$N$17,"")} -> Team 3 (Group 1) | EL32: {=xlookup(FL32,qualdata!$M$2:$M$17,qualdata!$N$2:$N$17,"")} -> Team 14 (Group 1) | FH32: {=xlookup(FL32,qualdata!$M$2:$M$17,qualdata!$O$2:$O$17,"")} | FL32: {=xlookup(DC32,qualdata!$M$2:$M$17,qualdata!$P$2:$P$17,"")} -> 14
DC36: =DC32 -> 3 | ED36: =sum(DL36:DT38) -> 0 | EH36: =sum(EU36:FC38) -> 0 | FL36: =FL32 -> 14
DC39: ='Choose matchups (Contender)'!Q8 -> 4 | DD39: {=xlookup(DC39,qualdata!$M$2:$M$17,qualdata!$O$2:$O$17,"")} | DH39: {=xlookup(DC39,qualdata!$M$2:$M$17,qualdata!$N$2:$N$17,"")} -> Team 4 (Group 1) | EL39: {=xlookup(FL39,qualdata!$M$2:$M$17,qualdata!$N$2:$N$17,"")} -> Team 13 (Group 1) | FH39: {=xlookup(FL39,qualdata!$M$2:$M$17,qualdata!$O$2:$O$17,"")} | FL39: {=xlookup(DC39,qualdata!$M$2:$M$17,qualdata!$P$2:$P$17,"")} -> 13
DC43: =DC39 -> 4 | ED43: =sum(DL43:DT45) -> 0 | EH43: =sum(EU43:FC45) -> 0 | FL43: =FL39 -> 13
DC46: ='Choose matchups (Contender)'!Q9 -> 5 | DD46: {=xlookup(DC46,qualdata!$M$2:$M$17,qualdata!$O$2:$O$17,"")} | DH46: {=xlookup(DC46,qualdata!$M$2:$M$17,qualdata!$N$2:$N$17,"")} -> Team 5 (Group 1) | EL46: {=xlookup(FL46,qualdata!$M$2:$M$17,qualdata!$N$2:$N$17,"")} -> Team 12 (Group 1) | FH46: {=xlookup(FL46,qualdata!$M$2:$M$17,qualdata!$O$2:$O$17,"")} | FL46: {=xlookup(DC46,qualdata!$M$2:$M$17,qualdata!$P$2:$P$17,"")} -> 12
DC50: =DC46 -> 5 | ED50: =sum(DL50:DT52) -> 0 | EH50: =sum(EU50:FC52) -> 0 | FL50: =FL46 -> 12
DC53: ='Choose matchups (Contender)'!Q10 -> 6 | DD53: {=xlookup(DC53,qualdata!$M$2:$M$17,qualdata!$O$2:$O$17,"")} | DH53: {=xlookup(DC53,qualdata!$M$2:$M$17,qualdata!$N$2:$N$17,"")} -> Team 6 (Group 1) | EL53: {=xlookup(FL53,qualdata!$M$2:$M$17,qualdata!$N$2:$N$17,"")} -> Team 11 (Group 1) | FH53: {=xlookup(FL53,qualdata!$M$2:$M$17,qualdata!$O$2:$O$17,"")} | FL53: {=xlookup(DC53,qualdata!$M$2:$M$17,qualdata!$P$2:$P$17,"")} -> 11
DC57: =DC53 -> 6 | ED57: =sum(DL57:DT59) -> 0 | EH57: =sum(EU57:FC59) -> 0 | FL57: =FL53 -> 11
DC60: ='Choose matchups (Contender)'!Q11 -> 7 | DD60: {=xlookup(DC60,qualdata!$M$2:$M$17,qualdata!$O$2:$O$17,"")} | DH60: {=xlookup(DC60,qualdata!$M$2:$M$17,qualdata!$N$2:$N$17,"")} -> Team 7 (Group 1) | EL60: {=xlookup(FL60,qualdata!$M$2:$M$17,qualdata!$N$2:$N$17,"")} -> Team 10 (Group 1) | FH60: {=xlookup(FL60,qualdata!$M$2:$M$17,qualdata!$O$2:$O$17,"")} | FL60: {=xlookup(DC60,qualdata!$M$2:$M$17,qualdata!$P$2:$P$17,"")} -> 10
DC64: =DC60 -> 7 | ED64: =sum(DL64:DT66) -> 0 | EH64: =sum(EU64:FC66) -> 0 | FL64: =FL60 -> 10
DC67: ='Choose matchups (Contender)'!Q12 -> 8 | DD67: {=xlookup(DC67,qualdata!$M$2:$M$17,qualdata!$O$2:$O$17,"")} | DH67: {=xlookup(DC67,qualdata!$M$2:$M$17,qualdata!$N$2:$N$17,"")} -> Team 8 (Group 1) | EL67: {=xlookup(FL67,qualdata!$M$2:$M$17,qualdata!$N$2:$N$17,"")} -> Team 9 (Group 1) | FH67: {=xlookup(FL67,qualdata!$M$2:$M$17,qualdata!$O$2:$O$17,"")} | FL67: {=xlookup(DC67,qualdata!$M$2:$M$17,qualdata!$P$2:$P$17,"")} -> 9
DC71: =DC67 -> 8 | ED71: =sum(DL71:DT73) -> 0 | EH71: =sum(EU71:FC73) -> 0 | FL71: =FL67 -> 9
BX77: =if(or(CX89="",DB89="",CX96="",DB96="",CX103="",DB103="",CX110="",DB110=""),0,1) -> 0 | EJ77: =if(or(FJ89="",FN89="",FJ96="",FN96="",FJ103="",FN103="",FJ110="",FN110=""),0,1) -> 0
BX78: Round 2 High Matches | EJ78: Round 2 Lo Matches
BX83: Team 1 | DB83: Team 2 | EJ83: Team 1 | FN83: Team 2
CF86: R1 | CI86: R2 | CL86: R3 | CX86: Score | DO86: R3 | DR86: R2 | DU86: R1 | ER86: R1 | EU86: R2 | EX86: R3 | FJ86: Score | GA86: R3 | GD86: R2 | GG86: R1
BW89: =if($DD$6=0,"",qualreseeding!AC2) | BX89: {=xlookup(BW89,qualdata!$M$2:$M$17,qualdata!$O$2:$O$17,"")} | CB89: {=xlookup(BW89,qualdata!$M$2:$M$17,qualdata!$N$2:$N$17,"")} | DF89: {=xlookup(EF89,qualdata!$M$2:$M$17,qualdata!$N$2:$N$17,"")} | EB89: {=xlookup(EF89,qualdata!$M$2:$M$17,qualdata!$O$2:$O$17,"")} | EF89: =if($DD$6=0,"",qualreseeding!AD2) | EI89: =if($DD$6=0,"",qualreseeding!AC11) | EJ89: {=xlookup(EI89,qualdata!$M$2:$M$17,qualdata!$O$2:$O$17,"")} | EN89: {=xlookup(EI89,qualdata!$M$2:$M$17,qualdata!$N$2:$N$17,"")} | FR89: {=xlookup(GR89,qualdata!$M$2:$M$17,qualdata!$N$2:$N$17,"")} | GN89: {=xlookup(GR89,qualdata!$M$2:$M$17,qualdata!$O$2:$O$17,"")} | GR89: =if($DD$6=0,"",qualreseeding!AD11)
BW93: =BW89 | CX93: =sum(CF93:CN95) -> 0 | DB93: =sum(DO93:DW95) -> 0 | EF93: =EF89 | EI93: =EI89 | FJ93: =sum(ER93:EZ95) -> 0 | FN93: =sum(GA93:GI95) -> 0 | GR93: =GR89
BW96: =if($DD$6=0,"",qualreseeding!AC3) | BX96: {=xlookup(BW96,qualdata!$M$2:$M$17,qualdata!$O$2:$O$17,"")} | CB96: {=xlookup(BW96,qualdata!$M$2:$M$17,qualdata!$N$2:$N$17,"")} | DF96: {=xlookup(EF96,qualdata!$M$2:$M$17,qualdata!$N$2:$N$17,"")} | EB96: {=xlookup(EF96,qualdata!$M$2:$M$17,qualdata!$O$2:$O$17,"")} | EF96: =if($DD$6=0,"",qualreseeding!AD3) | EI96: =if($DD$6=0,"",qualreseeding!AC12) | EJ96: {=xlookup(EI96,qualdata!$M$2:$M$17,qualdata!$O$2:$O$17,"")} | EN96: {=xlookup(EI96,qualdata!$M$2:$M$17,qualdata!$N$2:$N$17,"")} | FR96: {=xlookup(GR96,qualdata!$M$2:$M$17,qualdata!$N$2:$N$17,"")} | GN96: {=xlookup(GR96,qualdata!$M$2:$M$17,qualdata!$O$2:$O$17,"")} | GR96: =if($DD$6=0,"",qualreseeding!AD12)
BW100: =BW96 | CX100: =sum(CF100:CN102) -> 0 | DB100: =sum(DO100:DW102) -> 0 | EF100: =EF96 | EI100: =EI96 | FJ100: =sum(ER100:EZ102) -> 0 | FN100: =sum(GA100:GI102) -> 0 | GR100: =GR96
BW103: =if($DD$6=0,"",qualreseeding!AC4) | BX103: {=xlookup(BW103,qualdata!$M$2:$M$17,qualdata!$O$2:$O$17,"")} | CB103: {=xlookup(BW103,qualdata!$M$2:$M$17,qualdata!$N$2:$N$17,"")} | DF103: {=xlookup(EF103,qualdata!$M$2:$M$17,qualdata!$N$2:$N$17,"")} | EB103: {=xlookup(EF103,qualdata!$M$2:$M$17,qualdata!$O$2:$O$17,"")} | EF103: =if($DD$6=0,"",qualreseeding!AD4) | EI103: =if($DD$6=0,"",qualreseeding!AC13) | EJ103: {=xlookup(EI103,qualdata!$M$2:$M$17,qualdata!$O$2:$O$17,"")} | EN103: {=xlookup(EI103,qualdata!$M$2:$M$17,qualdata!$N$2:$N$17,"")} | FR103: {=xlookup(GR103,qualdata!$M$2:$M$17,qualdata!$N$2:$N$17,"")} | GN103: {=xlookup(GR103,qualdata!$M$2:$M$17,qualdata!$O$2:$O$17,"")} | GR103: =if($DD$6=0,"",qualreseeding!AD13)
BW107: =BW103 | CX107: =sum(CF107:CN109) -> 0 | DB107: =sum(DO107:DW109) -> 0 | EF107: =EF103 | EI107: =EI103 | FJ107: =sum(ER107:EZ109) -> 0 | FN107: =sum(GA107:GI109) -> 0 | GR107: =GR103
BW110: =if($DD$6=0,"",qualreseeding!AC5) | BX110: {=xlookup(BW110,qualdata!$M$2:$M$17,qualdata!$O$2:$O$17,"")} | CB110: {=xlookup(BW110,qualdata!$M$2:$M$17,qualdata!$N$2:$N$17,"")} | DF110: {=xlookup(EF110,qualdata!$M$2:$M$17,qualdata!$N$2:$N$17,"")} | EB110: {=xlookup(EF110,qualdata!$M$2:$M$17,qualdata!$O$2:$O$17,"")} | EF110: =if($DD$6=0,"",qualreseeding!AD5) | EI110: =if($DD$6=0,"",qualreseeding!AC14) | EJ110: {=xlookup(EI110,qualdata!$M$2:$M$17,qualdata!$O$2:$O$17,"")} | EN110: {=xlookup(EI110,qualdata!$M$2:$M$17,qualdata!$N$2:$N$17,"")} | FR110: {=xlookup(GR110,qualdata!$M$2:$M$17,qualdata!$N$2:$N$17,"")} | GN110: {=xlookup(GR110,qualdata!$M$2:$M$17,qualdata!$O$2:$O$17,"")} | GR110: =if($DD$6=0,"",qualreseeding!AD14)
BW114: =BW110 | CX114: =sum(CF114:CN116) -> 0 | DB114: =sum(DO114:DW116) -> 0 | EF114: =EF110 | EI114: =EI110 | FJ114: =sum(ER114:EZ116) -> 0 | FN114: =sum(GA114:GI116) -> 0 | GR114: =GR110
AR120: =if(or(BR132="",BV132="",BR139="",BV139=""),0,1) -> 0 | DD120: =if(or(ED132="",EH132="",ED139="",EH139="",ED146="",EH146="",ED153="",EH153=""),0,1) -> 0 | FP120: =if(or(GP132="",GT132="",GP139="",GT139=""),0,1) -> 0
AR121: Round 3 High Matches | DD121: Round 3 Mid Matches | FP121: Round 3 Low Matches
AR126: Team 1 | BV126: Team 2 | DD126: Team 1 | EH126: Team 2 | FP126: Team 1 | GT126: Team 2
AZ129: R1 | BC129: R2 | BF129: R3 | BR129: Score | CI129: R3 | CL129: R2 | CO129: R1 | DL129: R1 | DO129: R2 | DR129: R3 | ED129: Score | EU129: R3 | EX129: R2 | FA129: R1 | FX129: R1 | GA129: R2 | GD129: R3 | GP129: Score | HG129: R3 | HJ129: R2 | HM129: R1
AQ132: =if(BX77=0,"",qualreseeding!AC56) | AR132: {=xlookup(AQ132,qualdata!$M$2:$M$17,qualdata!$O$2:$O$17,"")} | AV132: {=xlookup(AQ132,qualdata!$M$2:$M$17,qualdata!$N$2:$N$17,"")} | BZ132: {=xlookup(CZ132,qualdata!$M$2:$M$17,qualdata!$N$2:$N$17,"")} | CV132: {=xlookup(CZ132,qualdata!$M$2:$M$17,qualdata!$O$2:$O$17,"")} | CZ132: =if(BX77=0,"",qualreseeding!AD56) | DC132: =if(or(BX77=0,EJ77=0),"",qualreseeding!AC64) | DD132: {=xlookup(DC132,qualdata!$M$2:$M$17,qualdata!$O$2:$O$17,"")} | DH132: {=xlookup(DC132,qualdata!$M$2:$M$17,qualdata!$N$2:$N$17,"")} | EL132: {=xlookup(FL132,qualdata!$M$2:$M$17,qualdata!$N$2:$N$17,"")} | FH132: {=xlookup(FL132,qualdata!$M$2:$M$17,qualdata!$O$2:$O$17,"")} | FL132: =if(or(BX77=0,EJ77=0),"",qualreseeding!AD64) | FO132: =if(EJ77=0,"",qualreseeding!AC60) | FP132: {=xlookup(FO132,qualdata!$M$2:$M$17,qualdata!$O$2:$O$17,"")} | FT132: {=xlookup(FO132,qualdata!$M$2:$M$17,qualdata!$N$2:$N$17,"")} | GX132: {=xlookup(HX132,qualdata!$M$2:$M$17,qualdata!$N$2:$N$17,"")} | HT132: {=xlookup(HX132,qualdata!$M$2:$M$17,qualdata!$O$2:$O$17,"")} | HX132: =if(EJ77=0,"",qualreseeding!AD60)
AQ136: =AQ132 | BR136: =sum(AZ136:BH138) -> 0 | BV136: =sum(CI136:CQ138) -> 0 | CZ136: =CZ132 | DC136: =DC132 | ED136: =sum(DL136:DT138) -> 0 | EH136: =sum(EU136:FC138) -> 0 | FL136: =FL132 | FO136: =FO132 | GP136: =sum(FX136:GF138) -> 0 | GT136: =sum(HG136:HO138) -> 0 | HX136: =HX132
AQ139: =if(BX77=0,"",qualreseeding!AC57) | AR139: {=xlookup(AQ139,qualdata!$M$2:$M$17,qualdata!$O$2:$O$17,"")} | AV139: {=xlookup(AQ139,qualdata!$M$2:$M$17,qualdata!$N$2:$N$17,"")} | BZ139: {=xlookup(CZ139,qualdata!$M$2:$M$17,qualdata!$N$2:$N$17,"")} | CV139: {=xlookup(CZ139,qualdata!$M$2:$M$17,qualdata!$O$2:$O$17,"")} | CZ139: =if(BX77=0,"",qualreseeding!AD57) | DC139: =if(or(BX77=0,EJ77=0),"",qualreseeding!AC65) | DD139: {=xlookup(DC139,qualdata!$M$2:$M$17,qualdata!$O$2:$O$17,"")} | DH139: {=xlookup(DC139,qualdata!$M$2:$M$17,qualdata!$N$2:$N$17,"")} | EL139: {=xlookup(FL139,qualdata!$M$2:$M$17,qualdata!$N$2:$N$17,"")} | FH139: {=xlookup(FL139,qualdata!$M$2:$M$17,qualdata!$O$2:$O$17,"")} | FL139: =if(or(BX77=0,EJ77=0),"",qualreseeding!AD65) | FO139: =if(EJ77=0,"",qualreseeding!AC61) | FP139: {=xlookup(FO139,qualdata!$M$2:$M$17,qualdata!$O$2:$O$17,"")} | FT139: {=xlookup(FO139,qualdata!$M$2:$M$17,qualdata!$N$2:$N$17,"")} | GX139: {=xlookup(HX139,qualdata!$M$2:$M$17,qualdata!$N$2:$N$17,"")} | HT139: {=xlookup(HX139,qualdata!$M$2:$M$17,qualdata!$O$2:$O$17,"")} | HX139: =if(EJ77=0,"",qualreseeding!AD61)
AQ143: =AQ139 | BR143: =sum(AZ143:BH145) -> 0 | BV143: =sum(CI143:CQ145) -> 0 | CZ143: =CZ139 | DC143: =DC139 | ED143: =sum(DL143:DT145) -> 0 | EH143: =sum(EU143:FC145) -> 0 | FL143: =FL139 | FO143: =FO139 | GP143: =sum(FX143:GF145) -> 0 | GT143: =sum(HG143:HO145) -> 0 | HX143: =HX139
DC146: =if(or(BX77=0,EJ77=0),"",qualreseeding!AC66) | DD146: {=xlookup(DC146,qualdata!$M$2:$M$17,qualdata!$O$2:$O$17,"")} | DH146: {=xlookup(DC146,qualdata!$M$2:$M$17,qualdata!$N$2:$N$17,"")} | EL146: {=xlookup(FL146,qualdata!$M$2:$M$17,qualdata!$N$2:$N$17,"")} | FH146: {=xlookup(FL146,qualdata!$M$2:$M$17,qualdata!$O$2:$O$17,"")} | FL146: =if(or(BX77=0,EJ77=0),"",qualreseeding!AD66)
DC150: =DC146 | ED150: =sum(DL150:DT152) -> 0 | EH150: =sum(EU150:FC152) -> 0 | FL150: =FL146
DC153: =if(or(BX77=0,EJ77=0),"",qualreseeding!AC67) | DD153: {=xlookup(DC153,qualdata!$M$2:$M$17,qualdata!$O$2:$O$17,"")} | DH153: {=xlookup(DC153,qualdata!$M$2:$M$17,qualdata!$N$2:$N$17,"")} | EL153: {=xlookup(FL153,qualdata!$M$2:$M$17,qualdata!$N$2:$N$17,"")} | FH153: {=xlookup(FL153,qualdata!$M$2:$M$17,qualdata!$O$2:$O$17,"")} | FL153: =if(or(BX77=0,EJ77=0),"",qualreseeding!AD67)
DC157: =DC153 | ED157: =sum(DL157:DT159) -> 0 | EH157: =sum(EU157:FC159) -> 0 | FL157: =FL153
BX163: =if(or(CX175="",DB175="",CX182="",DB182="",CX189="",DB189=""),0,1) -> 0 | EJ163: =if(or(FJ175="",FN175="",FJ182="",FN182="",FJ189="",FN189=""),0,1) -> 0
BX164: Round 4 High Matches | EJ164: Round 4 Low Matches
BX169: Team 1 | DB169: Team 2 | EJ169: Team 1 | FN169: Team 2
CF172: R1 | CI172: R2 | CL172: R3 | CX172: Score | DO172: R3 | DR172: R2 | DU172: R1 | ER172: R1 | EU172: R2 | EX172: R3 | FJ172: Score | GA172: R3 | GD172: R2 | GG172: R1
BW175: =if(or(AR120=0,DD120=0),"",qualreseeding!AC163) | BX175: {=xlookup(BW175,qualdata!$M$2:$M$17,qualdata!$O$2:$O$17,"")} | CB175: {=xlookup(BW175,qualdata!$M$2:$M$17,qualdata!$N$2:$N$17,"")} | DF175: {=xlookup(EF175,qualdata!$M$2:$M$17,qualdata!$N$2:$N$17,"")} | EB175: {=xlookup(EF175,qualdata!$M$2:$M$17,qualdata!$O$2:$O$17,"")} | EF175: =if(or(AR120=0,DD120=0),"",qualreseeding!AD163) | EI175: =if(or(FP120=0,DD120=0),"",qualreseeding!AC169) | EJ175: {=xlookup(EI175,qualdata!$M$2:$M$17,qualdata!$O$2:$O$17,"")} | EN175: {=xlookup(EI175,qualdata!$M$2:$M$17,qualdata!$N$2:$N$17,"")} | FR175: {=xlookup(GR175,qualdata!$M$2:$M$17,qualdata!$N$2:$N$17,"")} | GN175: {=xlookup(GR175,qualdata!$M$2:$M$17,qualdata!$O$2:$O$17,"")} | GR175: =if(or(FP120=0,DD120=0),"",qualreseeding!AD169)
BW179: =BW175 | CX179: =sum(CF179:CN181) -> 0 | DB179: =sum(DO179:DW181) -> 0 | EF179: =EF175 | EI179: =EI175 | FJ179: =sum(ER179:EZ181) -> 0 | FN179: =sum(GA179:GI181) -> 0 | GR179: =GR175
BW182: =if(or(AR120=0,DD120=0),"",qualreseeding!AC164) | BX182: {=xlookup(BW182,qualdata!$M$2:$M$17,qualdata!$O$2:$O$17,"")} | CB182: {=xlookup(BW182,qualdata!$M$2:$M$17,qualdata!$N$2:$N$17,"")} | DF182: {=xlookup(EF182,qualdata!$M$2:$M$17,qualdata!$N$2:$N$17,"")} | EB182: {=xlookup(EF182,qualdata!$M$2:$M$17,qualdata!$O$2:$O$17,"")} | EF182: =if(or(AR120=0,DD120=0),"",qualreseeding!AD164) | EI182: =if(or(FP120=0,DD120=0),"",qualreseeding!AC170) | EJ182: {=xlookup(EI182,qualdata!$M$2:$M$17,qualdata!$O$2:$O$17,"")} | EN182: {=xlookup(EI182,qualdata!$M$2:$M$17,qualdata!$N$2:$N$17,"")} | FR182: {=xlookup(GR182,qualdata!$M$2:$M$17,qualdata!$N$2:$N$17,"")} | GN182: {=xlookup(GR182,qualdata!$M$2:$M$17,qualdata!$O$2:$O$17,"")} | GR182: =if(or(FP120=0,DD120=0),"",qualreseeding!AD170)
BW186: =BW182 | CX186: =sum(CF186:CN188) -> 0 | DB186: =sum(DO186:DW188) -> 0 | EF186: =EF182 | EI186: =EI182 | FJ186: =sum(ER186:EZ188) -> 0 | FN186: =sum(GA186:GI188) -> 0 | GR186: =GR182
BW189: =if(or(AR120=0,DD120=0),"",qualreseeding!AC165) | BX189: {=xlookup(BW189,qualdata!$M$2:$M$17,qualdata!$O$2:$O$17,"")} | CB189: {=xlookup(BW189,qualdata!$M$2:$M$17,qualdata!$N$2:$N$17,"")} | DF189: {=xlookup(EF189,qualdata!$M$2:$M$17,qualdata!$N$2:$N$17,"")} | EB189: {=xlookup(EF189,qualdata!$M$2:$M$17,qualdata!$O$2:$O$17,"")} | EF189: =if(or(AR120=0,DD120=0),"",qualreseeding!AD165) | EI189: =if(or(FP120=0,DD120=0),"",qualreseeding!AC171) | EJ189: {=xlookup(EI189,qualdata!$M$2:$M$17,qualdata!$O$2:$O$17,"")} | EN189: {=xlookup(EI189,qualdata!$M$2:$M$17,qualdata!$N$2:$N$17,"")} | FR189: {=xlookup(GR189,qualdata!$M$2:$M$17,qualdata!$N$2:$N$17,"")} | GN189: {=xlookup(GR189,qualdata!$M$2:$M$17,qualdata!$O$2:$O$17,"")} | GR189: =if(or(FP120=0,DD120=0),"",qualreseeding!AD171)
BW193: =BW189 | CX193: =sum(CF193:CN195) -> 0 | DB193: =sum(DO193:DW195) -> 0 | EF193: =EF189 | EI193: =EI189 | FJ193: =sum(ER193:EZ195) -> 0 | FN193: =sum(GA193:GI195) -> 0 | GR193: =GR189
DD199: =if(or(ED211="",EH211="",ED218="",EH218="",ED225="",EH225=""),0,1) -> 0
DD200: Round 5 Matches
DD205: Team 1 | EH205: Team 2
DL208: R1 | DO208: R2 | DR208: R3 | ED208: Score | EU208: R3 | EX208: R2 | FA208: R1
DC211: =if(or(BX163=0,EJ163=0),"",qualreseeding!AC308) | DD211: {=xlookup(DC211,qualdata!$M$2:$M$17,qualdata!$O$2:$O$17,"")} | DH211: {=xlookup(DC211,qualdata!$M$2:$M$17,qualdata!$N$2:$N$17,"")} | EL211: {=xlookup(FL211,qualdata!$M$2:$M$17,qualdata!$N$2:$N$17,"")} | FH211: {=xlookup(FL211,qualdata!$M$2:$M$17,qualdata!$O$2:$O$17,"")} | FL211: =if(or(BX163=0,EJ163=0),"",qualreseeding!AD308)
DC215: =DC211 | ED215: =sum(DL215:DT217) -> 0 | EH215: =sum(EU215:FC217) -> 0 | FL215: =FL211
DC218: =if(or(BX163=0,EJ163=0),"",qualreseeding!AC309) | DD218: {=xlookup(DC218,qualdata!$M$2:$M$17,qualdata!$O$2:$O$17,"")} | DH218: {=xlookup(DC218,qualdata!$M$2:$M$17,qualdata!$N$2:$N$17,"")} | EL218: {=xlookup(FL218,qualdata!$M$2:$M$17,qualdata!$N$2:$N$17,"")} | FH218: {=xlookup(FL218,qualdata!$M$2:$M$17,qualdata!$O$2:$O$17,"")} | FL218: =if(or(BX163=0,EJ163=0),"",qualreseeding!AD309)
HX220: Place
DC222: =DC218 | ED222: =sum(DL222:DT224) -> 0 | EH222: =sum(EU222:FC224) -> 0 | FL222: =FL218
DC225: =if(or(BX163=0,EJ163=0),"",qualreseeding!AC310) | DD225: {=xlookup(DC225,qualdata!$M$2:$M$17,qualdata!$O$2:$O$17,"")} | DH225: {=xlookup(DC225,qualdata!$M$2:$M$17,qualdata!$N$2:$N$17,"")} | EL225: {=xlookup(FL225,qualdata!$M$2:$M$17,qualdata!$N$2:$N$17,"")} | FH225: {=xlookup(FL225,qualdata!$M$2:$M$17,qualdata!$O$2:$O$17,"")} | FL225: =if(or(BX163=0,EJ163=0),"",qualreseeding!AD310)
DC229: =DC225 | ED229: =sum(DL229:DT231) -> 0 | EH229: =sum(EU229:FC231) -> 0 | FL229: =FL225

Sheet Main Event
DD6: =IF(or(ED18="",EH18="",ED25="",EH25="",ED32="",EH32="",ED39="",EH39="",ED46="",EH46="",ED53="",EH53="",ED60="",EH60="",ED67="",EH67=""),0,1) -> 0
DD7: Round 1 Matches
DD12: Team 1 | EH12: Team 2
DL15: R1 | DO15: R2 | DR15: R3 | ED15: Score | EU15: R3 | EX15: R2 | FA15: R1
DC18: ='Choose matchups (Main)'!Q5 -> 1 | DD18: {=xlookup(DC18,data!$M$2:$M$17,data!$O$2:$O$17,"")} | DH18: {=xlookup(DC18,data!$M$2:$M$17,data!$N$2:$N$17,"")} -> Team 1 (Group 2) | EL18: {=xlookup(FL18,data!$M$2:$M$17,data!$N$2:$N$17,"")} -> TBD | FH18: {=xlookup(FL18,data!$M$2:$M$17,data!$O$2:$O$17,"")} | FL18: {=xlookup(DC18,data!$M$2:$M$17,data!$P$2:$P$17,"")} -> 9
DC22: =DC18 -> 1 | ED22: =sum(DL22:DT24) -> 0 | EH22: =sum(EU22:FC24) -> 0 | FL22: =FL18 -> 9
DC25: ='Choose matchups (Main)'!Q6 -> 2 | DD25: {=xlookup(DC25,data!$M$2:$M$17,data!$O$2:$O$17,"")} | DH25: {=xlookup(DC25,data!$M$2:$M$17,data!$N$2:$N$17,"")} -> Team 2 (Group 2) | EL25: {=xlookup(FL25,data!$M$2:$M$17,data!$N$2:$N$17,"")} -> TBD | FH25: {=xlookup(FL25,data!$M$2:$M$17,data!$O$2:$O$17,"")} | FL25: {=xlookup(DC25,data!$M$2:$M$17,data!$P$2:$P$17,"")} -> 9
DC29: =DC25 -> 2 | ED29: =sum(DL29:DT31) -> 0 | EH29: =sum(EU29:FC31) -> 0 | FL29: =FL25 -> 9
DC32: ='Choose matchups (Main)'!Q7 -> 3 | DD32: {=xlookup(DC32,data!$M$2:$M$17,data!$O$2:$O$17,"")} | DH32: {=xlookup(DC32,data!$M$2:$M$17,data!$N$2:$N$17,"")} -> Team 3 (Group 2) | EL32: {=xlookup(FL32,data!$M$2:$M$17,data!$N$2:$N$17,"")} -> TBD | FH32: {=xlookup(FL32,data!$M$2:$M$17,data!$O$2:$O$17,"")} | FL32: {=xlookup(DC32,data!$M$2:$M$17,data!$P$2:$P$17,"")} -> 9
DC36: =DC32 -> 3 | ED36: =sum(DL36:DT38) -> 0 | EH36: =sum(EU36:FC38) -> 0 | FL36: =FL32 -> 9
DC39: ='Choose matchups (Main)'!Q8 -> 4 | DD39: {=xlookup(DC39,data!$M$2:$M$17,data!$O$2:$O$17,"")} | DH39: {=xlookup(DC39,data!$M$2:$M$17,data!$N$2:$N$17,"")} -> Team 4 (Group 2) | EL39: {=xlookup(FL39,data!$M$2:$M$17,data!$N$2:$N$17,"")} -> TBD | FH39: {=xlookup(FL39,data!$M$2:$M$17,data!$O$2:$O$17,"")} | FL39: {=xlookup(DC39,data!$M$2:$M$17,data!$P$2:$P$17,"")} -> 9
DC43: =DC39 -> 4 | ED43: =sum(DL43:DT45) -> 0 | EH43: =sum(EU43:FC45) -> 0 | FL43: =FL39 -> 9
DC46: ='Choose matchups (Main)'!Q9 -> 5 | DD46: {=xlookup(DC46,data!$M$2:$M$17,data!$O$2:$O$17,"")} | DH46: {=xlookup(DC46,data!$M$2:$M$17,data!$N$2:$N$17,"")} -> Team 5 (Group 2) | EL46: {=xlookup(FL46,data!$M$2:$M$17,data!$N$2:$N$17,"")} -> TBD | FH46: {=xlookup(FL46,data!$M$2:$M$17,data!$O$2:$O$17,"")} | FL46: {=xlookup(DC46,data!$M$2:$M$17,data!$P$2:$P$17,"")} -> 9
DC50: =DC46 -> 5 | ED50: =sum(DL50:DT52) -> 0 | EH50: =sum(EU50:FC52) -> 0 | FL50: =FL46 -> 9
DC53: ='Choose matchups (Main)'!Q10 -> 6 | DD53: {=xlookup(DC53,data!$M$2:$M$17,data!$O$2:$O$17,"")} | DH53: {=xlookup(DC53,data!$M$2:$M$17,data!$N$2:$N$17,"")} -> Team 6 (Group 2) | EL53: {=xlookup(FL53,data!$M$2:$M$17,data!$N$2:$N$17,"")} -> TBD | FH53: {=xlookup(FL53,data!$M$2:$M$17,data!$O$2:$O$17,"")} | FL53: {=xlookup(DC53,data!$M$2:$M$17,data!$P$2:$P$17,"")} -> 9
DC57: =DC53 -> 6 | ED57: =sum(DL57:DT59) -> 0 | EH57: =sum(EU57:FC59) -> 0 | FL57: =FL53 -> 9
DC60: ='Choose matchups (Main)'!Q11 -> 7 | DD60: {=xlookup(DC60,data!$M$2:$M$17,data!$O$2:$O$17,"")} | DH60: {=xlookup(DC60,data!$M$2:$M$17,data!$N$2:$N$17,"")} -> Team 7 (Group 2) | EL60: {=xlookup(FL60,data!$M$2:$M$17,data!$N$2:$N$17,"")} -> TBD | FH60: {=xlookup(FL60,data!$M$2:$M$17,data!$O$2:$O$17,"")} | FL60: {=xlookup(DC60,data!$M$2:$M$17,data!$P$2:$P$17,"")} -> 9
DC64: =DC60 -> 7 | ED64: =sum(DL64:DT66) -> 0 | EH64: =sum(EU64:FC66) -> 0 | FL64: =FL60 -> 9
DC67: ='Choose matchups (Main)'!Q12 -> 8 | DD67: {=xlookup(DC67,data!$M$2:$M$17,data!$O$2:$O$17,"")} | DH67: {=xlookup(DC67,data!$M$2:$M$17,data!$N$2:$N$17,"")} -> Team 8 (Group 2) | EL67: {=xlookup(FL67,data!$M$2:$M$17,data!$N$2:$N$17,"")} -> TBD | FH67: {=xlookup(FL67,data!$M$2:$M$17,data!$O$2:$O$17,"")} | FL67: {=xlookup(DC67,data!$M$2:$M$17,data!$P$2:$P$17,"")} -> 9
DC71: =DC67 -> 8 | ED71: =sum(DL71:DT73) -> 0 | EH71: =sum(EU71:FC73) -> 0 | FL71: =FL67 -> 9
BX77: =if(or(CX89="",DB89="",CX96="",DB96="",CX103="",DB103="",CX110="",DB110=""),0,1) -> 0 | EJ77: =if(or(FJ89="",FN89="",FJ96="",FN96="",FJ103="",FN103="",FJ110="",FN110=""),0,1) -> 0
BX78: Round 2 High Matches | EJ78: Round 2 Lo Matches
BX83: Team 1 | DB83: Team 2 | EJ83: Team 1 | FN83: Team 2
CF86: R1 | CI86: R2 | CL86: R3 | CX86: Score | DO86: R3 | DR86: R2 | DU86: R1 | ER86: R1 | EU86: R2 | EX86: R3 | FJ86: Score | GA86: R3 | GD86: R2 | GG86: R1
BW89: =if($DD$6=0,"",reseeding!AC2) | BX89: {=xlookup(BW89,data!$M$2:$M$17,data!$O$2:$O$17,"")} | CB89: {=xlookup(BW89,data!$M$2:$M$17,data!$N$2:$N$17,"")} | DF89: {=xlookup(EF89,data!$M$2:$M$17,data!$N$2:$N$17,"")} | EB89: {=xlookup(EF89,data!$M$2:$M$17,data!$O$2:$O$17,"")} | EF89: =if($DD$6=0,"",reseeding!AD2) | EI89: =if($DD$6=0,"",reseeding!AC11) | EJ89: {=xlookup(EI89,data!$M$2:$M$17,data!$O$2:$O$17,"")} | EN89: {=xlookup(EI89,data!$M$2:$M$17,data!$N$2:$N$17,"")} | FR89: {=xlookup(GR89,data!$M$2:$M$17,data!$N$2:$N$17,"")} | GN89: {=xlookup(GR89,data!$M$2:$M$17,data!$O$2:$O$17,"")} | GR89: =if($DD$6=0,"",reseeding!AD11)
BW93: =BW89 | CX93: =sum(CF93:CN95) -> 0 | DB93: =sum(DO93:DW95) -> 0 | EF93: =EF89 | EI93: =EI89 | FJ93: =sum(ER93:EZ95) -> 0 | FN93: =sum(GA93:GI95) -> 0 | GR93: =GR89
BW96: =if($DD$6=0,"",reseeding!AC3) | BX96: {=xlookup(BW96,data!$M$2:$M$17,data!$O$2:$O$17,"")} | CB96: {=xlookup(BW96,data!$M$2:$M$17,data!$N$2:$N$17,"")} | DF96: {=xlookup(EF96,data!$M$2:$M$17,data!$N$2:$N$17,"")} | EB96: {=xlookup(EF96,data!$M$2:$M$17,data!$O$2:$O$17,"")} | EF96: =if($DD$6=0,"",reseeding!AD3) | EI96: =if($DD$6=0,"",reseeding!AC12) | EJ96: {=xlookup(EI96,data!$M$2:$M$17,data!$O$2:$O$17,"")} | EN96: {=xlookup(EI96,data!$M$2:$M$17,data!$N$2:$N$17,"")} | FR96: {=xlookup(GR96,data!$M$2:$M$17,data!$N$2:$N$17,"")} | GN96: {=xlookup(GR96,data!$M$2:$M$17,data!$O$2:$O$17,"")} | GR96: =if($DD$6=0,"",reseeding!AD12)
BW100: =BW96 | CX100: =sum(CF100:CN102) -> 0 | DB100: =sum(DO100:DW102) -> 0 | EF100: =EF96 | EI100: =EI96 | FJ100: =sum(ER100:EZ102) -> 0 | FN100: =sum(GA100:GI102) -> 0 | GR100: =GR96
BW103: =if($DD$6=0,"",reseeding!AC4) | BX103: {=xlookup(BW103,data!$M$2:$M$17,data!$O$2:$O$17,"")} | CB103: {=xlookup(BW103,data!$M$2:$M$17,data!$N$2:$N$17,"")} | DF103: {=xlookup(EF103,data!$M$2:$M$17,data!$N$2:$N$17,"")} | EB103: {=xlookup(EF103,data!$M$2:$M$17,data!$O$2:$O$17,"")} | EF103: =if($DD$6=0,"",reseeding!AD4) | EI103: =if($DD$6=0,"",reseeding!AC13) | EJ103: {=xlookup(EI103,data!$M$2:$M$17,data!$O$2:$O$17,"")} | EN103: {=xlookup(EI103,data!$M$2:$M$17,data!$N$2:$N$17,"")} | FR103: {=xlookup(GR103,data!$M$2:$M$17,data!$N$2:$N$17,"")} | GN103: {=xlookup(GR103,data!$M$2:$M$17,data!$O$2:$O$17,"")} | GR103: =if($DD$6=0,"",reseeding!AD13)
BW107: =BW103 | CX107: =sum(CF107:CN109) -> 0 | DB107: =sum(DO107:DW109) -> 0 | EF107: =EF103 | EI107: =EI103 | FJ107: =sum(ER107:EZ109) -> 0 | FN107: =sum(GA107:GI109) -> 0 | GR107: =GR103
BW110: =if($DD$6=0,"",reseeding!AC5) | BX110: {=xlookup(BW110,data!$M$2:$M$17,data!$O$2:$O$17,"")} | CB110: {=xlookup(BW110,data!$M$2:$M$17,data!$N$2:$N$17,"")} | DF110: {=xlookup(EF110,data!$M$2:$M$17,data!$N$2:$N$17,"")} | EB110: {=xlookup(EF110,data!$M$2:$M$17,data!$O$2:$O$17,"")} | EF110: =if($DD$6=0,"",reseeding!AD5) | EI110: =if($DD$6=0,"",reseeding!AC14) | EJ110: {=xlookup(EI110,data!$M$2:$M$17,data!$O$2:$O$17,"")} | EN110: {=xlookup(EI110,data!$M$2:$M$17,data!$N$2:$N$17,"")} | FR110: {=xlookup(GR110,data!$M$2:$M$17,data!$N$2:$N$17,"")} | GN110: {=xlookup(GR110,data!$M$2:$M$17,data!$O$2:$O$17,"")} | GR110: =if($DD$6=0,"",reseeding!AD14)
BW114: =BW110 | CX114: =sum(CF114:CN116) -> 0 | DB114: =sum(DO114:DW116) -> 0 | EF114: =EF110 | EI114: =EI110 | FJ114: =sum(ER114:EZ116) -> 0 | FN114: =sum(GA114:GI116) -> 0 | GR114: =GR110
AR120: =if(or(BR132="",BV132="",BR139="",BV139=""),0,1) -> 0 | DD120: =if(or(ED132="",EH132="",ED139="",EH139="",ED146="",EH146="",ED153="",EH153=""),0,1) -> 0 | FP120: =if(or(GP132="",GT132="",GP139="",GT139=""),0,1) -> 0
AR121: Round 3 High Matches | DD121: Round 3 Mid Matches | FP121: Round 3 Low Matches
AR126: Team 1 | BV126: Team 2 | DD126: Team 1 | EH126: Team 2 | FP126: Team 1 | GT126: Team 2
AZ129: R1 | BC129: R2 | BF129: R3 | BR129: Score | CI129: R3 | CL129: R2 | CO129: R1 | DL129: R1 | DO129: R2 | DR129: R3 | ED129: Score | EU129: R3 | EX129: R2 | FA129: R1 | FX129: R1 | GA129: R2 | GD129: R3 | GP129: Score | HG129: R3 | HJ129: R2 | HM129: R1
AQ132: =if(BX77=0,"",reseeding!AC56) | AR132: {=xlookup(AQ132,data!$M$2:$M$17,data!$O$2:$O$17,"")} | AV132: {=xlookup(AQ132,data!$M$2:$M$17,data!$N$2:$N$17,"")} | BZ132: {=xlookup(CZ132,data!$M$2:$M$17,data!$N$2:$N$17,"")} | CV132: {=xlookup(CZ132,data!$M$2:$M$17,data!$O$2:$O$17,"")} | CZ132: =if(BX77=0,"",reseeding!AD56) | DC132: =if(or(BX77=0,EJ77=0),"",reseeding!AC64) | DD132: {=xlookup(DC132,data!$M$2:$M$17,data!$O$2:$O$17,"")} | DH132: {=xlookup(DC132,data!$M$2:$M$17,data!$N$2:$N$17,"")} | EL132: {=xlookup(FL132,data!$M$2:$M$17,data!$N$2:$N$17,"")} | FH132: {=xlookup(FL132,data!$M$2:$M$17,data!$O$2:$O$17,"")} | FL132: =if(or(BX77=0,EJ77=0),"",reseeding!AD64) | FO132: =if(EJ77=0,"",reseeding!AC60) | FP132: {=xlookup(FO132,data!$M$2:$M$17,data!$O$2:$O$17,"")} | FT132: {=xlookup(FO132,data!$M$2:$M$17,data!$N$2:$N$17,"")} | GX132: {=xlookup(HX132,data!$M$2:$M$17,data!$N$2:$N$17,"")} | HT132: {=xlookup(HX132,data!$M$2:$M$17,data!$O$2:$O$17,"")} | HX132: =if(EJ77=0,"",reseeding!AD60)
AQ136: =AQ132 | BR136: =sum(AZ136:BH138) -> 0 | BV136: =sum(CI136:CQ138) -> 0 | CZ136: =CZ132 | DC136: =DC132 | ED136: =sum(DL136:DT138) -> 0 | EH136: =sum(EU136:FC138) -> 0 | FL136: =FL132 | FO136: =FO132 | GP136: =sum(FX136:GF138) -> 0 | GT136: =sum(HG136:HO138) -> 0 | HX136: =HX132
AQ139: =if(BX77=0,"",reseeding!AC57) | AR139: {=xlookup(AQ139,data!$M$2:$M$17,data!$O$2:$O$17,"")} | AV139: {=xlookup(AQ139,data!$M$2:$M$17,data!$N$2:$N$17,"")} | BZ139: {=xlookup(CZ139,data!$M$2:$M$17,data!$N$2:$N$17,"")} | CV139: {=xlookup(CZ139,data!$M$2:$M$17,data!$O$2:$O$17,"")} | CZ139: =if(BX77=0,"",reseeding!AD57) | DC139: =if(or(BX77=0,EJ77=0),"",reseeding!AC65) | DD139: {=xlookup(DC139,data!$M$2:$M$17,data!$O$2:$O$17,"")} | DH139: {=xlookup(DC139,data!$M$2:$M$17,data!$N$2:$N$17,"")} | EL139: {=xlookup(FL139,data!$M$2:$M$17,data!$N$2:$N$17,"")} | FH139: {=xlookup(FL139,data!$M$2:$M$17,data!$O$2:$O$17,"")} | FL139: =if(or(BX77=0,EJ77=0),"",reseeding!AD65) | FO139: =if(EJ77=0,"",reseeding!AC61) | FP139: {=xlookup(FO139,data!$M$2:$M$17,data!$O$2:$O$17,"")} | FT139: {=xlookup(FO139,data!$M$2:$M$17,data!$N$2:$N$17,"")} | GX139: {=xlookup(HX139,data!$M$2:$M$17,data!$N$2:$N$17,"")} | HT139: {=xlookup(HX139,data!$M$2:$M$17,data!$O$2:$O$17,"")} | HX139: =if(EJ77=0,"",reseeding!AD61)
AQ143: =AQ139 | BR143: =sum(AZ143:BH145) -> 0 | BV143: =sum(CI143:CQ145) -> 0 | CZ143: =CZ139 | DC143: =DC139 | ED143: =sum(DL143:DT145) -> 0 | EH143: =sum(EU143:FC145) -> 0 | FL143: =FL139 | FO143: =FO139 | GP143: =sum(FX143:GF145) -> 0 | GT143: =sum(HG143:HO145) -> 0 | HX143: =HX139
DC146: =if(or(BX77=0,EJ77=0),"",reseeding!AC66) | DD146: {=xlookup(DC146,data!$M$2:$M$17,data!$O$2:$O$17,"")} | DH146: {=xlookup(DC146,data!$M$2:$M$17,data!$N$2:$N$17,"")} | EL146: {=xlookup(FL146,data!$M$2:$M$17,data!$N$2:$N$17,"")} | FH146: {=xlookup(FL146,data!$M$2:$M$17,data!$O$2:$O$17,"")} | FL146: =if(or(BX77=0,EJ77=0),"",reseeding!AD66)
DC150: =DC146 | ED150: =sum(DL150:DT152) -> 0 | EH150: =sum(EU150:FC152) -> 0 | FL150: =FL146
DC153: =if(or(BX77=0,EJ77=0),"",reseeding!AC67) | DD153: {=xlookup(DC153,data!$M$2:$M$17,data!$O$2:$O$17,"")} | DH153: {=xlookup(DC153,data!$M$2:$M$17,data!$N$2:$N$17,"")} | EL153: {=xlookup(FL153,data!$M$2:$M$17,data!$N$2:$N$17,"")} | FH153: {=xlookup(FL153,data!$M$2:$M$17,data!$O$2:$O$17,"")} | FL153: =if(or(BX77=0,EJ77=0),"",reseeding!AD67)
DC157: =DC153 | ED157: =sum(DL157:DT159) -> 0 | EH157: =sum(EU157:FC159) -> 0 | FL157: =FL153
BX163: =if(or(CX175="",DB175="",CX182="",DB182="",CX189="",DB189=""),0,1) -> 0 | EJ163: =if(or(FJ175="",FN175="",FJ182="",FN182="",FJ189="",FN189=""),0,1) -> 0
BX164: Round 4 High Matches | EJ164: Round 4 Low Matches
BX169: Team 1 | DB169: Team 2 | EJ169: Team 1 | FN169: Team 2
CF172: R1 | CI172: R2 | CL172: R3 | CX172: Score | DO172: R3 | DR172: R2 | DU172: R1 | ER172: R1 | EU172: R2 | EX172: R3 | FJ172: Score | GA172: R3 | GD172: R2 | GG172: R1
BW175: =if(or(AR120=0,DD120=0),"",reseeding!AC163) | BX175: {=xlookup(BW175,data!$M$2:$M$17,data!$O$2:$O$17,"")} | CB175: {=xlookup(BW175,data!$M$2:$M$17,data!$N$2:$N$17,"")} | DF175: {=xlookup(EF175,data!$M$2:$M$17,data!$N$2:$N$17,"")} | EB175: {=xlookup(EF175,data!$M$2:$M$17,data!$O$2:$O$17,"")} | EF175: =if(or(AR120=0,DD120=0),"",reseeding!AD163) | EI175: =if(or(FP120=0,DD120=0),"",reseeding!AC169) | EJ175: {=xlookup(EI175,data!$M$2:$M$17,data!$O$2:$O$17,"")} | EN175: {=xlookup(EI175,data!$M$2:$M$17,data!$N$2:$N$17,"")} | FR175: {=xlookup(GR175,data!$M$2:$M$17,data!$N$2:$N$17,"")} | GN175: {=xlookup(GR175,data!$M$2:$M$17,data!$O$2:$O$17,"")} | GR175: =if(or(FP120=0,DD120=0),"",reseeding!AD169)
BW179: =BW175 | CX179: =sum(CF179:CN181) -> 0 | DB179: =sum(DO179:DW181) -> 0 | EF179: =EF175 | EI179: =EI175 | FJ179: =sum(ER179:EZ181) -> 0 | FN179: =sum(GA179:GI181) -> 0 | GR179: =GR175
BW182: =if(or(AR120=0,DD120=0),"",reseeding!AC164) | BX182: {=xlookup(BW182,data!$M$2:$M$17,data!$O$2:$O$17,"")} | CB182: {=xlookup(BW182,data!$M$2:$M$17,data!$N$2:$N$17,"")} | DF182: {=xlookup(EF182,data!$M$2:$M$17,data!$N$2:$N$17,"")} | EB182: {=xlookup(EF182,data!$M$2:$M$17,data!$O$2:$O$17,"")} | EF182: =if(or(AR120=0,DD120=0),"",reseeding!AD164) | EI182: =if(or(FP120=0,DD120=0),"",reseeding!AC170) | EJ182: {=xlookup(EI182,data!$M$2:$M$17,data!$O$2:$O$17,"")} | EN182: {=xlookup(EI182,data!$M$2:$M$17,data!$N$2:$N$17,"")} | FR182: {=xlookup(GR182,data!$M$2:$M$17,data!$N$2:$N$17,"")} | GN182: {=xlookup(GR182,data!$M$2:$M$17,data!$O$2:$O$17,"")} | GR182: =if(or(FP120=0,DD120=0),"",reseeding!AD170)
BW186: =BW182 | CX186: =sum(CF186:CN188) -> 0 | DB186: =sum(DO186:DW188) -> 0 | EF186: =EF182 | EI186: =EI182 | FJ186: =sum(ER186:EZ188) -> 0 | FN186: =sum(GA186:GI188) -> 0 | GR186: =GR182
BW189: =if(or(AR120=0,DD120=0),"",reseeding!AC165) | BX189: {=xlookup(BW189,data!$M$2:$M$17,data!$O$2:$O$17,"")} | CB189: {=xlookup(BW189,data!$M$2:$M$17,data!$N$2:$N$17,"")} | DF189: {=xlookup(EF189,data!$M$2:$M$17,data!$N$2:$N$17,"")} | EB189: {=xlookup(EF189,data!$M$2:$M$17,data!$O$2:$O$17,"")} | EF189: =if(or(AR120=0,DD120=0),"",reseeding!AD165) | EI189: =if(or(FP120=0,DD120=0),"",reseeding!AC171) | EJ189: {=xlookup(EI189,data!$M$2:$M$17,data!$O$2:$O$17,"")} | EN189: {=xlookup(EI189,data!$M$2:$M$17,data!$N$2:$N$17,"")} | FR189: {=xlookup(GR189,data!$M$2:$M$17,data!$N$2:$N$17,"")} | GN189: {=xlookup(GR189,data!$M$2:$M$17,data!$O$2:$O$17,"")} | GR189: =if(or(FP120=0,DD120=0),"",reseeding!AD171)
BW193: =BW189 | CX193: =sum(CF193:CN195) -> 0 | DB193: =sum(DO193:DW195) -> 0 | EF193: =EF189 | EI193: =EI189 | FJ193: =sum(ER193:EZ195) -> 0 | FN193: =sum(GA193:GI195) -> 0 | GR193: =GR189
DD199: =if(or(ED211="",EH211="",ED218="",EH218="",ED225="",EH225=""),0,1) -> 0
DD200: Round 5 Matches
DD205: Team 1 | EH205: Team 2
DL208: R1 | DO208: R2 | DR208: R3 | ED208: Score | EU208: R3 | EX208: R2 | FA208: R1
DC211: =if(or(BX163=0,EJ163=0),"",reseeding!AC308) | DD211: {=xlookup(DC211,data!$M$2:$M$17,data!$O$2:$O$17,"")} | DH211: {=xlookup(DC211,data!$M$2:$M$17,data!$N$2:$N$17,"")} | EL211: {=xlookup(FL211,data!$M$2:$M$17,data!$N$2:$N$17,"")} | FH211: {=xlookup(FL211,data!$M$2:$M$17,data!$O$2:$O$17,"")} | FL211: =if(or(BX163=0,EJ163=0),"",reseeding!AD308)
DC215: =DC211 | ED215: =sum(DL215:DT217) -> 0 | EH215: =sum(EU215:FC217) -> 0 | FL215: =FL211
DC218: =if(or(BX163=0,EJ163=0),"",reseeding!AC309) | DD218: {=xlookup(DC218,data!$M$2:$M$17,data!$O$2:$O$17,"")} | DH218: {=xlookup(DC218,data!$M$2:$M$17,data!$N$2:$N$17,"")} | EL218: {=xlookup(FL218,data!$M$2:$M$17,data!$N$2:$N$17,"")} | FH218: {=xlookup(FL218,data!$M$2:$M$17,data!$O$2:$O$17,"")} | FL218: =if(or(BX163=0,EJ163=0),"",reseeding!AD309)
DC222: =DC218 | ED222: =sum(DL222:DT224) -> 0 | EH222: =sum(EU222:FC224) -> 0 | FL222: =FL218
DC225: =if(or(BX163=0,EJ163=0),"",reseeding!AC310) | DD225: {=xlookup(DC225,data!$M$2:$M$17,data!$O$2:$O$17,"")} | DH225: {=xlookup(DC225,data!$M$2:$M$17,data!$N$2:$N$17,"")} | EL225: {=xlookup(FL225,data!$M$2:$M$17,data!$N$2:$N$17,"")} | FH225: {=xlookup(FL225,data!$M$2:$M$17,data!$O$2:$O$17,"")} | FL225: =if(or(BX163=0,EJ163=0),"",reseeding!AD310)
DC229: =DC225 | ED229: =sum(DL229:DT231) -> 0 | EH229: =sum(EU229:FC231) -> 0 | FL229: =FL225
II231: Place | IV231: USD | JJ231: Participant
IO236: 1st | IV236: 5000 | JJ236: {=xlookup(JN236,'Team Entry'!$A:$A,'Team Entry'!$B:$B,"")} | JN236: =if(FN268="","TBD",FN268) -> TBD
IO240: 2nd | IV240: 3000 | JJ240: {=xlookup(JN240,'Team Entry'!$A:$A,'Team Entry'!$B:$B,"")} | JN240: =ifs(or(ER268="",ER272="",ER268=ER272),"TBD",ER268>ER272,DS272,ER272>ER268,DS268) -> TBD
IM244: 3rd-4th | IV244: 1000 | JJ244: {=xlookup(JN244,'Team Entry'!$A:$A,'Team Entry'!$B:$B,"")} | JN244: =ifs(or(DG258="",DG262="",DG258=DG262),"TBD",DG258>DG262,CH262,DG262>DG258,CH258) -> TBD
H245: Round 1 (Bo3) | AS245: Quarterfinals (Bo3) | CD245: Semifinals (Bo3) | DO245: Grand Final (Bo3) | FE245: CHAMPION
JJ248: {=xlookup(JN248,'Team Entry'!$A:$A,'Team Entry'!$B:$B,"")} | JN248: =ifs(or(DG278="",DG282="",DG278=DG282),"TBD",DG278>DG282,CH282,DG282>DG278,CH278) -> TBD
II252: 5th-8th | IV252: - | JJ252: {=xlookup(JN252,'Team Entry'!$A:$A,'Team Entry'!$B:$B,"")} | JN252: =ifs(or(BV253="",BV257="",BV253=BV257),"TBD",BV253>BV257,AW257,BV257>BV253,AW253) -> TBD
AR253: 1 | AS253: {=xlookup(AW253,'Team Entry'!$A:$A,'Team Entry'!$B:$B,"")} | AW253: {=xlookup(1,'Team Entry'!$C:$C,'Team Entry'!$A:$A,"")} -> Team 1 (Playoff)
G255: 4 | H255: {=xlookup(L255,'Team Entry'!$A:$A,'Team Entry'!$B:$B,"")} | L255: {=if($BX$163=0,"Swiss #4 Seed",xlookup(G255,data!$G$24:$G$39,data!$A$24:$A$39,""))} -> Swiss #4 Seed
JJ256: {=xlookup(JN256,'Team Entry'!$A:$A,'Team Entry'!$B:$B,"")} | JN256: =ifs(or(BV263="",BV267="",BV263=BV267),"TBD",BV263>BV267,AW267,BV267>BV263,AW263) -> TBD
AR257: 8 | AS257: {=xlookup(AW257,'Team Entry'!$A:$A,'Team Entry'!$B:$B,"")} | AW257: =ifs(or(AK255="",AK259="",AK255=AK259),"",AK255>AK259,L255,AK259>AK255,L259)
CD258: {=xlookup(CH258,'Team Entry'!$A:$A,'Team Entry'!$B:$B,"")} | CH258: =ifs(or(BV253="",BV257="",BV253=BV257),"",BV253>BV257,AW253,BV257>BV253,AW257)
G259: 5 | H259: {=xlookup(L259,'Team Entry'!$A:$A,'Team Entry'!$B:$B,"")} | L259: {=if($BX$163=0,"Swiss #5 Seed",xlookup(G259,data!$G$24:$G$39,data!$A$24:$A$39,""))} -> Swiss #5 Seed
JJ260: {=xlookup(JN260,'Team Entry'!$A:$A,'Team Entry'!$B:$B,"")} | JN260: =ifs(or(BV273="",BV277="",BV273=BV277),"TBD",BV273>BV277,AW277,BV277>BV273,AW273) -> TBD
CD262: {=xlookup(CH262,'Team Entry'!$A:$A,'Team Entry'!$B:$B,"")} | CH262: =ifs(or(BV263="",BV267="",BV263=BV267),"",BV263>BV267,AW263,BV267>BV263,AW267)
AR263: 4 | AS263: {=xlookup(AW263,'Team Entry'!$A:$A,'Team Entry'!$B:$B,"")} | AW263: {=xlookup(4,'Team Entry'!$C:$C,'Team Entry'!$A:$A,"")} -> Team 4 (Playoff)
JJ264: {=xlookup(JN264,'Team Entry'!$A:$A,'Team Entry'!$B:$B,"")} | JN264: =ifs(or(BV283="",BV287="",BV283=BV287),"TBD",BV283>BV287,AW287,BV287>BV283,AW283) -> TBD
G265: 1 | H265: {=xlookup(L265,'Team Entry'!$A:$A,'Team Entry'!$B:$B,"")} | L265: {=if($AR$120=0,"Swiss #1 Seed",xlookup(G265,data!$G$24:$G$39,data!$A$24:$A$39,""))} -> Swiss #1 Seed
AR267: 8 | AS267: {=xlookup(AW267,'Team Entry'!$A:$A,'Team Entry'!$B:$B,"")} | AW267: =ifs(or(AK265="",AK269="",AK265=AK269),"",AK265>AK269,L265,AK269>AK265,L269)
DO268: {=xlookup(DS268,'Team Entry'!$A:$A,'Team Entry'!$B:$B,"")} | DS268: =ifs(or(DG258="",DG262="",DG258=DG262),"",DG258>DG262,CH258,DG262>DG258,CH262) | FE268: {=xlookup(FN268,'Team Entry'!$A:$A,'Team Entry'!$B:$B,"")} | FN268: =ifs(or(ER268="",ER272="",ER268=ER272),"",ER268>ER272,DS268,ER272>ER268,DS272) | II268: 9th-12th | IV268: - | JJ268: {=xlookup(JN268,'Team Entry'!$A:$A,'Team Entry'!$B:$B,"")} | JN268: =ifs(or(AK255="",AK259="",AK255=AK259),"TBD",AK255>AK259,L259,AK259>AK255,L255) -> TBD
G269: 8 | H269: {=xlookup(L269,'Team Entry'!$A:$A,'Team Entry'!$B:$B,"")} | L269: {=if($DD$199=0,"Swiss #8 Seed",xlookup(G269,data!$G$24:$G$39,data!$A$24:$A$39,""))} -> Swiss #8 Seed
DO272: {=xlookup(DS272,'Team Entry'!$A:$A,'Team Entry'!$B:$B,"")} | DS272: =ifs(or(DG278="",DG282="",DG278=DG282),"",DG278>DG282,CH278,DG282>DG278,CH282) | JJ272: {=xlookup(JN272,'Team Entry'!$A:$A,'Team Entry'!$B:$B,"")} | JN272: =ifs(or(AK265="",AK269="",AK265=AK269),"TBD",AK265>AK269,L269,AK269>AK265,L265) -> TBD
AR273: 2 | AS273: {=xlookup(AW273,'Team Entry'!$A:$A,'Team Entry'!$B:$B,"")} | AW273: {=xlookup(2,'Team Entry'!$C:$C,'Team Entry'!$A:$A,"")} -> Team 2 (Playoff)
G275: 3 | H275: {=xlookup(L275,'Team Entry'!$A:$A,'Team Entry'!$B:$B,"")} | L275: {=if($BX$163=0,"Swiss #3 Seed",xlookup(G275,data!$G$24:$G$39,data!$A$24:$A$39,""))} -> Swiss #3 Seed
JJ276: {=xlookup(JN276,'Team Entry'!$A:$A,'Team Entry'!$B:$B,"")} | JN276: =ifs(or(AK275="",AK279="",AK275=AK279),"TBD",AK275>AK279,L279,AK279>AK275,L275) -> TBD
AR277: 8 | AS277: {=xlookup(AW277,'Team Entry'!$A:$A,'Team Entry'!$B:$B,"")} | AW277: =ifs(or(AK275="",AK279="",AK275=AK279),"",AK275>AK279,L275,AK279>AK275,L279)
CD278: {=xlookup(CH278,'Team Entry'!$A:$A,'Team Entry'!$B:$B,"")} | CH278: =ifs(or(BV273="",BV277="",BV273=BV277),"",BV273>BV277,AW273,BV277>BV273,AW277)
G279: 6 | H279: {=xlookup(L279,'Team Entry'!$A:$A,'Team Entry'!$B:$B,"")} | L279: {=if($DD$199=0,"Swiss #6 Seed",xlookup(G279,data!$G$24:$G$39,data!$A$24:$A$39,""))} -> Swiss #6 Seed
JJ280: {=xlookup(JN280,'Team Entry'!$A:$A,'Team Entry'!$B:$B,"")} | JN280: =ifs(or(AK285="",AK289="",AK285=AK289),"TBD",AK285>AK289,L289,AK289>AK285,L285) -> TBD
CD282: {=xlookup(CH282,'Team Entry'!$A:$A,'Team Entry'!$B:$B,"")} | CH282: =ifs(or(BV283="",BV287="",BV283=BV287),"",BV283>BV287,AW283,BV287>BV283,AW287)
AR283: 3 | AS283: {=xlookup(AW283,'Team Entry'!$A:$A,'Team Entry'!$B:$B,"")} | AW283: {=xlookup(3,'Team Entry'!$C:$C,'Team Entry'!$A:$A,"")} -> Team 3 (Playoff)
II284: 13th-15th | IV284: - | JJ284: {=xlookup(JN284,'Team Entry'!$A:$A,'Team Entry'!$B:$B,"")} | JN284: =if(DD199=0,"TBD",'Swiss Results'!Y74) -> TBD
G285: 2 | H285: {=xlookup(L285,'Team Entry'!$A:$A,'Team Entry'!$B:$B,"")} | L285: {=if($AR$120=0,"Swiss #2 Seed",xlookup(G285,data!$G$24:$G$39,data!$A$24:$A$39,""))} -> Swiss #2 Seed
AR287: 8 | AS287: {=xlookup(AW287,'Team Entry'!$A:$A,'Team Entry'!$B:$B,"")} | AW287: =ifs(or(AK285="",AK289="",AK285=AK289),"",AK285>AK289,L285,AK289>AK285,L289)
JJ288: {=xlookup(JN288,'Team Entry'!$A:$A,'Team Entry'!$B:$B,"")} | JN288: =if(DD199=0,"TBD",'Swiss Results'!Y82) -> TBD
G289: 7 | H289: {=xlookup(L289,'Team Entry'!$A:$A,'Team Entry'!$B:$B,"")} | L289: {=if($DD$199=0,"Swiss #7 Seed",xlookup(G289,data!$G$24:$G$39,data!$A$24:$A$39,""))} -> Swiss #7 Seed
...

Sheet Contender Results
M2: # | R2: Participant | BC2: Matches | BL2: Games | BU2: Rounds | CD2: RD | CJ2: Round 1 | CS2: Round 2 | DB2: Round 3 | DK2: Round 4 | DT2: Round 5
M9: =Q9&"." -> 1. | Q9: 1 | CJ9: {=xlookup($Y10,qualdata!$N$2:$N$17,xlookup("r1Ser",qualdata!$P$1:$BR$1,qualdata!$P$2:$BR$17,""))} | CL9: {=xlookup(xlookup($Y10,qualdata!$N$2:$N$17,xlookup("r1op",qualdata!$P$1:$BR$1,qualdata!$P$2:$BR$17,"")),qualdata!$M$2:$M$17,qualdata!$O$2:$O$17,"")} | CS9: {=xlookup($Y10,qualdata!$N$2:$N$17,xlookup("r2Ser",qualdata!$P$1:$BR$1,qualdata!$P$2:$BR$17,""))} | CU9: {=xlookup(xlookup($Y10,qualdata!$N$2:$N$17,xlookup("r2op",qualdata!$P$1:$BR$1,qualdata!$P$2:$BR$17,"")),qualdata!$M$2:$M$17,qualdata!$O$2:$O$17,"")} | DB9: {=xlookup($Y10,qualdata!$N$2:$N$17,xlookup("r3Ser",qualdata!$P$1:$BR$1,qualdata!$P$2:$BR$17,""))} | DD9: {=xlookup(xlookup($Y10,qualdata!$N$2:$N$17,xlookup("r3op",qualdata!$P$1:$BR$1,qualdata!$P$2:$BR$17,"")),qualdata!$M$2:$M$17,qualdata!$O$2:$O$17,"")} | DK9: {=xlookup($Y10,qualdata!$N$2:$N$17,xlookup("r4Ser",qualdata!$P$1:$BR$1,qualdata!$P$2:$BR$17,""))} | DM9: {=xlookup(xlookup($Y10,qualdata!$N$2:$N$17,xlookup("r4op",qualdata!$P$1:$BR$1,qualdata!$P$2:$BR$17,"")),qualdata!$M$2:$M$17,qualdata!$O$2:$O$17,"")} | DT9: {=xlookup($Y10,qualdata!$N$2:$N$17,xlookup("r5Ser",qualdata!$P$1:$BR$1,qualdata!$P$2:$BR$17,""))} | DV9: {=xlookup(xlookup($Y10,qualdata!$N$2:$N$17,xlookup("r5op",qualdata!$P$1:$BR$1,qualdata!$P$2:$BR$17,"")),qualdata!$M$2:$M$17,qualdata!$O$2:$O$17,"")}
R10: {=xlookup(Y10,qualdata!$N$2:$N$17,qualdata!$O$2:$O$17,"")} | Y10: {=xlookup(Q9,qualdata!$G$24:$G$39,qualdata!$A$24:$A$39,"")} -> Team 1 (Group 1) | BC10: {=xlookup(Y10,qualdata!$A$24:$A$39,qualdata!$B$24:$B$39,"")} -> 0-0 | BL10: {=xlookup(Y10,qualdata!$A$24:$A$39,qualdata!$C$24:$C$39,"")} -> 0-0 | BU10: {=xlookup(Y10,qualdata!$A$24:$A$39,qualdata!$D$24:$D$39,"")} -> 0-0 | CD10: {=xlookup(Y10,qualdata!$A$24:$A$39,qualdata!$F$24:$F$39,"")} -> 0
CJ14: {=xlookup($Y10,qualdata!$N$2:$N$17,xlookup("r1gw",qualdata!$P$1:$BR$1,qualdata!$P$2:$BR$17))&"-"&xlookup($Y10,qualdata!$N$2:$N$17,xlookup("r1gl",qualdata!$P$1:$BR$1,qualdata!$P$2:$BR$17))} -> - | CO14: {=if(xlookup($Y10,qualdata!$N$2:$N$17,xlookup("r1rd",qualdata!$P$1:$BR$1,qualdata!$P$2:$BR$17))>0,"+"&xlookup($Y10,qualdata!$N$2:$N$17,xlookup("r1rd",qualdata!$P$1:$BR$1,qualdata!$P$2:$BR$17)),xlookup($Y10,qualdata!$N$2:$N$17,xlookup("r1rd",qualdata!$P$1:$BR$1,qualdata!$P$2:$BR$17)))} -> 0 | CS14: {=xlookup($Y10,qualdata!$N$2:$N$17,xlookup("r2gw",qualdata!$P$1:$BR$1,qualdata!$P$2:$BR$17))&"-"&xlookup($Y10,qualdata!$N$2:$N$17,xlookup("r2gl",qualdata!$P$1:$BR$1,qualdata!$P$2:$BR$17))} -> - | CX14: {=if(xlookup($Y10,qualdata!$N$2:$N$17,xlookup("r2rd",qualdata!$P$1:$BR$1,qualdata!$P$2:$BR$17))>0,"+"&xlookup($Y10,qualdata!$N$2:$N$17,xlookup("r2rd",qualdata!$P$1:$BR$1,qualdata!$P$2:$BR$17)),xlookup($Y10,qualdata!$N$2:$N$17,xlookup("r2rd",qualdata!$P$1:$BR$1,qualdata!$P$2:$BR$17)))} -> 0 | DB14: {=xlookup($Y10,qualdata!$N$2:$N$17,xlookup("r3gw",qualdata!$P$1:$BR$1,qualdata!$P$2:$BR$17))&"-"&xlookup($Y10,qualdata!$N$2:$N$17,xlookup("r3gl",qualdata!$P$1:$BR$1,qualdata!$P$2:$BR$17))} -> - | DG14: {=if(xlookup($Y10,qualdata!$N$2:$N$17,xlookup("r3rd",qualdata!$P$1:$BR$1,qualdata!$P$2:$BR$17))>0,"+"&xlookup($Y10,qualdata!$N$2:$N$17,xlookup("r3rd",qualdata!$P$1:$BR$1,qualdata!$P$2:$BR$17)),xlookup($Y10,qualdata!$N$2:$N$17,xlookup("r3rd",qualdata!$P$1:$BR$1,qualdata!$P$2:$BR$17)))} -> 0
M17: =Q17&"." -> 2. | Q17: 2 | CJ17: {=xlookup($Y18,qualdata!$N$2:$N$17,xlookup("r1Ser",qualdata!$P$1:$BR$1,qualdata!$P$2:$BR$17,""))} | CL17: {=xlookup(xlookup($Y18,qualdata!$N$2:$N$17,xlookup("r1op",qualdata!$P$1:$BR$1,qualdata!$P$2:$BR$17,"")),qualdata!$M$2:$M$17,qualdata!$O$2:$O$17,"")} | CS17: {=xlookup($Y18,qualdata!$N$2:$N$17,xlookup("r2Ser",qualdata!$P$1:$BR$1,qualdata!$P$2:$BR$17,""))} | CU17: {=xlookup(xlookup($Y18,qualdata!$N$2:$N$17,xlookup("r2op",qualdata!$P$1:$BR$1,qualdata!$P$2:$BR$17,"")),qualdata!$M$2:$M$17,qualdata!$O$2:$O$17,"")} | DB17: {=xlookup($Y18,qualdata!$N$2:$N$17,xlookup("r3Ser",qualdata!$P$1:$BR$1,qualdata!$P$2:$BR$17,""))} | DD17: {=xlookup(xlookup($Y18,qualdata!$N$2:$N$17,xlookup("r3op",qualdata!$P$1:$BR$1,qualdata!$P$2:$BR$17,"")),qualdata!$M$2:$M$17,qualdata!$O$2:$O$17,"")} | DK17: {=xlookup($Y18,qualdata!$N$2:$N$17,xlookup("r4Ser",qualdata!$P$1:$BR$1,qualdata!$P$2:$BR$17,""))} | DM17: {=xlookup(xlookup($Y18,qualdata!$N$2:$N$17,xlookup("r4op",qualdata!$P$1:$BR$1,qualdata!$P$2:$BR$17,"")),qualdata!$M$2:$M$17,qualdata!$O$2:$O$17,"")} | DT17: {=xlookup($Y18,qualdata!$N$2:$N$17,xlookup("r5Ser",qualdata!$P$1:$BR$1,qualdata!$P$2:$BR$17,""))} | DV17: {=xlookup(xlookup($Y18,qualdata!$N$2:$N$17,xlookup("r5op",qualdata!$P$1:$BR$1,qualdata!$P$2:$BR$17,"")),qualdata!$M$2:$M$17,qualdata!$O$2:$O$17,"")}
R18: {=xlookup(Y18,qualdata!$N$2:$N$17,qualdata!$O$2:$O$17,"")} | Y18: {=xlookup(Q17,qualdata!$G$24:$G$39,qualdata!$A$24:$A$39,"")} -> Team 2 (Group 1) | BC18: {=xlookup(Y18,qualdata!$A$24:$A$39,qualdata!$B$24:$B$39,"")} -> 0-0 | BL18: {=xlookup(Y18,qualdata!$A$24:$A$39,qualdata!$C$24:$C$39,"")} -> 0-0 | BU18: {=xlookup(Y18,qualdata!$A$24:$A$39,qualdata!$D$24:$D$39,"")} -> 0-0 | CD18: {=xlookup(Y18,qualdata!$A$24:$A$39,qualdata!$F$24:$F$39,"")} -> 0
CJ22: {=xlookup($Y18,qualdata!$N$2:$N$17,xlookup("r1gw",qualdata!$P$1:$BR$1,qualdata!$P$2:$BR$17))&"-"&xlookup($Y18,qualdata!$N$2:$N$17,xlookup("r1gl",qualdata!$P$1:$BR$1,qualdata!$P$2:$BR$17))} -> - | CO22: {=if(xlookup($Y18,qualdata!$N$2:$N$17,xlookup("r1rd",qualdata!$P$1:$BR$1,qualdata!$P$2:$BR$17))>0,"+"&xlookup($Y18,qualdata!$N$2:$N$17,xlookup("r1rd",qualdata!$P$1:$BR$1,qualdata!$P$2:$BR$17)),xlookup($Y18,qualdata!$N$2:$N$17,xlookup("r1rd",qualdata!$P$1:$BR$1,qualdata!$P$2:$BR$17)))} -> 0 | CS22: {=xlookup($Y18,qualdata!$N$2:$N$17,xlookup("r2gw",qualdata!$P$1:$BR$1,qualdata!$P$2:$BR$17))&"-"&xlookup($Y18,qualdata!$N$2:$N$17,xlookup("r2gl",qualdata!$P$1:$BR$1,qualdata!$P$2:$BR$17))} -> - | CX22: {=if(xlookup($Y18,qualdata!$N$2:$N$17,xlookup("r2rd",qualdata!$P$1:$BR$1,qualdata!$P$2:$BR$17))>0,"+"&xlookup($Y18,qualdata!$N$2:$N$17,xlookup("r2rd",qualdata!$P$1:$BR$1,qualdata!$P$2:$BR$17)),xlookup($Y18,qualdata!$N$2:$N$17,xlookup("r2rd",qualdata!$P$1:$BR$1,qualdata!$P$2:$BR$17)))} -> 0 | DB22: {=xlookup($Y18,qualdata!$N$2:$N$17,xlookup("r3gw",qualdata!$P$1:$BR$1,qualdata!$P$2:$BR$17))&"-"&xlookup($Y18,qualdata!$N$2:$N$17,xlookup("r3gl",qualdata!$P$1:$BR$1,qualdata!$P$2:$BR$17))} -> - | DG22: {=if(xlookup($Y18,qualdata!$N$2:$N$17,xlookup("r3rd",qualdata!$P$1:$BR$1,qualdata!$P$2:$BR$17))>0,"+"&xlookup($Y18,qualdata!$N$2:$N$17,xlookup("r3rd",qualdata!$P$1:$BR$1,qualdata!$P$2:$BR$17)),xlookup($Y18,qualdata!$N$2:$N$17,xlookup("r3rd",qualdata!$P$1:$BR$1,qualdata!$P$2:$BR$17)))} -> 0
M25: =Q25&"." -> 3. | Q25: 3 | CJ25: {=xlookup($Y26,qualdata!$N$2:$N$17,xlookup("r1Ser",qualdata!$P$1:$BR$1,qualdata!$P$2:$BR$17,""))} | CL25: {=xlookup(xlookup($Y26,qualdata!$N$2:$N$17,xlookup("r1op",qualdata!$P$1:$BR$1,qualdata!$P$2:$BR$17,"")),qualdata!$M$2:$M$17,qualdata!$O$2:$O$17,"")} | CS25: {=xlookup($Y26,qualdata!$N$2:$N$17,xlookup("r2Ser",qualdata!$P$1:$BR$1,qualdata!$P$2:$BR$17,""))} | CU25: {=xlookup(xlookup($Y26,qualdata!$N$2:$N$17,xlookup("r2op",qualdata!$P$1:$BR$1,qualdata!$P$2:$BR$17,"")),qualdata!$M$2:$M$17,qualdata!$O$2:$O$17,"")} | DB25: {=xlookup($Y26,qualdata!$N$2:$N$17,xlookup("r3Ser",qualdata!$P$1:$BR$1,qualdata!$P$2:$BR$17,""))} | DD25: {=xlookup(xlookup($Y26,qualdata!$N$2:$N$17,xlookup("r3op",qualdata!$P$1:$BR$1,qualdata!$P$2:$BR$17,"")),qualdata!$M$2:$M$17,qualdata!$O$2:$O$17,"")} | DK25: {=xlookup($Y26,qualdata!$N$2:$N$17,xlookup("r4Ser",qualdata!$P$1:$BR$1,qualdata!$P$2:$BR$17,""))} | DM25: {=xlookup(xlookup($Y26,qualdata!$N$2:$N$17,xlookup("r4op",qualdata!$P$1:$BR$1,qualdata!$P$2:$BR$17,"")),qualdata!$M$2:$M$17,qualdata!$O$2:$O$17,"")} | DT25: {=xlookup($Y26,qualdata!$N$2:$N$17,xlookup("r5Ser",qualdata!$P$1:$BR$1,qualdata!$P$2:$BR$17,""))} | DV25: {=xlookup(xlookup($Y26,qualdata!$N$2:$N$17,xlookup("r5op",qualdata!$P$1:$BR$1,qualdata!$P$2:$BR$17,"")),qualdata!$M$2:$M$17,qualdata!$O$2:$O$17,"")}
R26: {=xlookup(Y26,qualdata!$N$2:$N$17,qualdata!$O$2:$O$17,"")} | Y26: {=xlookup(Q25,qualdata!$G$24:$G$39,qualdata!$A$24:$A$39,"")} -> Team 3 (Group 1) | BC26: {=xlookup(Y26,qualdata!$A$24:$A$39,qualdata!$B$24:$B$39,"")} -> 0-0 | BL26: {=xlookup(Y26,qualdata!$A$24:$A$39,qualdata!$C$24:$C$39,"")} -> 0-0 | BU26: {=xlookup(Y26,qualdata!$A$24:$A$39,qualdata!$D$24:$D$39,"")} -> 0-0 | CD26: {=xlookup(Y26,qualdata!$A$24:$A$39,qualdata!$F$24:$F$39,"")} -> 0
CJ30: {=xlookup($Y26,qualdata!$N$2:$N$17,xlookup("r1gw",qualdata!$P$1:$BR$1,qualdata!$P$2:$BR$17))&"-"&xlookup($Y26,qualdata!$N$2:$N$17,xlookup("r1gl",qualdata!$P$1:$BR$1,qualdata!$P$2:$BR$17))} -> - | CO30: {=if(xlookup($Y26,qualdata!$N$2:$N$17,xlookup("r1rd",qualdata!$P$1:$BR$1,qualdata!$P$2:$BR$17))>0,"+"&xlookup($Y26,qualdata!$N$2:$N$17,xlookup("r1rd",qualdata!$P$1:$BR$1,qualdata!$P$2:$BR$17)),xlookup($Y26,qualdata!$N$2:$N$17,xlookup("r1rd",qualdata!$P$1:$BR$1,qualdata!$P$2:$BR$17)))} -> 0 | CS30: {=xlookup($Y26,qualdata!$N$2:$N$17,xlookup("r2gw",qualdata!$P$1:$BR$1,qualdata!$P$2:$BR$17))&"-"&xlookup($Y26,qualdata!$N$2:$N$17,xlookup("r2gl",qualdata!$P$1:$BR$1,qualdata!$P$2:$BR$17))} -> - | CX30: {=if(xlookup($Y26,qualdata!$N$2:$N$17,xlookup("r2rd",qualdata!$P$1:$BR$1,qualdata!$P$2:$BR$17))>0,"+"&xlookup($Y26,qualdata!$N$2:$N$17,xlookup("r2rd",qualdata!$P$1:$BR$1,qualdata!$P$2:$BR$17)),xlookup($Y26,qualdata!$N$2:$N$17,xlookup("r2rd",qualdata!$P$1:$BR$1,qualdata!$P$2:$BR$17)))} -> 0 | DB30: {=xlookup($Y26,qualdata!$N$2:$N$17,xlookup("r3gw",qualdata!$P$1:$BR$1,qualdata!$P$2:$BR$17))&"-"&xlookup($Y26,qualdata!$N$2:$N$17,xlookup("r3gl",qualdata!$P$1:$BR$1,qualdata!$P$2:$BR$17))} -> - | DG30: {=if(xlookup($Y26,qualdata!$N$2:$N$17,xlookup("r3rd",qualdata!$P$1:$BR$1,qualdata!$P$2:$BR$17))>0,"+"&xlookup($Y26,qualdata!$N$2:$N$17,xlookup("r3rd",qualdata!$P$1:$BR$1,qualdata!$P$2:$BR$17)),xlookup($Y26,qualdata!$N$2:$N$17,xlookup("r3rd",qualdata!$P$1:$BR$1,qualdata!$P$2:$BR$17)))} -> 0 | DK30: {=xlookup($Y26,qualdata!$N$2:$N$17,xlookup("r4gw",qualdata!$P$1:$BR$1,qualdata!$P$2:$BR$17))&"-"&xlookup($Y26,qualdata!$N$2:$N$17,xlookup("r4gl",qualdata!$P$1:$BR$1,qualdata!$P$2:$BR$17))} -> - | DP30: {=if(xlookup($Y26,qualdata!$N$2:$N$17,xlookup("r4rd",qualdata!$P$1:$BR$1,qualdata!$P$2:$BR$17))>0,"+"&xlookup($Y26,qualdata!$N$2:$N$17,xlookup("r4rd",qualdata!$P$1:$BR$1,qualdata!$P$2:$BR$17)),xlookup($Y26,qualdata!$N$2:$N$17,xlookup("r4rd",qualdata!$P$1:$BR$1,qualdata!$P$2:$BR$17)))} -> 0
M33: =Q33&"." -> 4. | Q33: 4 | CJ33: {=xlookup($Y34,qualdata!$N$2:$N$17,xlookup("r1Ser",qualdata!$P$1:$BR$1,qualdata!$P$2:$BR$17,""))} | CL33: {=xlookup(xlookup($Y34,qualdata!$N$2:$N$17,xlookup("r1op",qualdata!$P$1:$BR$1,qualdata!$P$2:$BR$17,"")),qualdata!$M$2:$M$17,qualdata!$O$2:$O$17,"")} | CS33: {=xlookup($Y34,qualdata!$N$2:$N$17,xlookup("r2Ser",qualdata!$P$1:$BR$1,qualdata!$P$2:$BR$17,""))} | CU33: {=xlookup(xlookup($Y34,qualdata!$N$2:$N$17,xlookup("r2op",qualdata!$P$1:$BR$1,qualdata!$P$2:$BR$17,"")),qualdata!$M$2:$M$17,qualdata!$O$2:$O$17,"")} | DB33: {=xlookup($Y34,qualdata!$N$2:$N$17,xlookup("r3Ser",qualdata!$P$1:$BR$1,qualdata!$P$2:$BR$17,""))} | DD33: {=xlookup(xlookup($Y34,qualdata!$N$2:$N$17,xlookup("r3op",qualdata!$P$1:$BR$1,qualdata!$P$2:$BR$17,"")),qualdata!$M$2:$M$17,qualdata!$O$2:$O$17,"")} | DK33: {=xlookup($Y34,qualdata!$N$2:$N$17,xlookup("r4Ser",qualdata!$P$1:$BR$1,qualdata!$P$2:$BR$17,""))} | DM33: {=xlookup(xlookup($Y34,qualdata!$N$2:$N$17,xlookup("r4op",qualdata!$P$1:$BR$1,qualdata!$P$2:$BR$17,"")),qualdata!$M$2:$M$17,qualdata!$O$2:$O$17,"")} | DT33: {=xlookup($Y34,qualdata!$N$2:$N$17,xlookup("r5Ser",qualdata!$P$1:$BR$1,qualdata!$P$2:$BR$17,""))} | DV33: {=xlookup(xlookup($Y34,qualdata!$N$2:$N$17,xlookup("r5op",qualdata!$P$1:$BR$1,qualdata!$P$2:$BR$17,"")),qualdata!$M$2:$M$17,qualdata!$O$2:$O$17,"")}
R34: {=xlookup(Y34,qualdata!$N$2:$N$17,qualdata!$O$2:$O$17,"")} | Y34: {=xlookup(Q33,qualdata!$G$24:$G$39,qualdata!$A$24:$A$39,"")} -> Team 4 (Group 1) | BC34: {=xlookup(Y34,qualdata!$A$24:$A$39,qualdata!$B$24:$B$39,"")} -> 0-0 | BL34: {=xlookup(Y34,qualdata!$A$24:$A$39,qualdata!$C$24:$C$39,"")} -> 0-0 | BU34: {=xlookup(Y34,qualdata!$A$24:$A$39,qualdata!$D$24:$D$39,"")} -> 0-0 | CD34: {=xlookup(Y34,qualdata!$A$24:$A$39,qualdata!$F$24:$F$39,"")} -> 0
CJ38: {=xlookup($Y34,qualdata!$N$2:$N$17,xlookup("r1gw",qualdata!$P$1:$BR$1,qualdata!$P$2:$BR$17))&"-"&xlookup($Y34,qualdata!$N$2:$N$17,xlookup("r1gl",qualdata!$P$1:$BR$1,qualdata!$P$2:$BR$17))} -> - | CO38: {=if(xlookup($Y34,qualdata!$N$2:$N$17,xlookup("r1rd",qualdata!$P$1:$BR$1,qualdata!$P$2:$BR$17))>0,"+"&xlookup($Y34,qualdata!$N$2:$N$17,xlookup("r1rd",qualdata!$P$1:$BR$1,qualdata!$P$2:$BR$17)),xlookup($Y34,qualdata!$N$2:$N$17,xlookup("r1rd",qualdata!$P$1:$BR$1,qualdata!$P$2:$BR$17)))} -> 0 | CS38: {=xlookup($Y34,qualdata!$N$2:$N$17,xlookup("r2gw",qualdata!$P$1:$BR$1,qualdata!$P$2:$BR$17))&"-"&xlookup($Y34,qualdata!$N$2:$N$17,xlookup("r2gl",qualdata!$P$1:$BR$1,qualdata!$P$2:$BR$17))} -> - | CX38: {=if(xlookup($Y34,qualdata!$N$2:$N$17,xlookup("r2rd",qualdata!$P$1:$BR$1,qualdata!$P$2:$BR$17))>0,"+"&xlookup($Y34,qualdata!$N$2:$N$17,xlookup("r2rd",qualdata!$P$1:$BR$1,qualdata!$P$2:$BR$17)),xlookup($Y34,qualdata!$N$2:$N$17,xlookup("r2rd",qualdata!$P$1:$BR$1,qualdata!$P$2:$BR$17)))} -> 0 | DB38: {=xlookup($Y34,qualdata!$N$2:$N$17,xlookup("r3gw",qualdata!$P$1:$BR$1,qualdata!$P$2:$BR$17))&"-"&xlookup($Y34,qualdata!$N$2:$N$17,xlookup("r3gl",qualdata!$P$1:$BR$1,qualdata!$P$2:$BR$17))} -> - | DG38: {=if(xlookup($Y34,qualdata!$N$2:$N$17,xlookup("r3rd",qualdata!$P$1:$BR$1,qualdata!$P$2:$BR$17))>0,"+"&xlookup($Y34,qualdata!$N$2:$N$17,xlookup("r3rd",qualdata!$P$1:$BR$1,qualdata!$P$2:$BR$17)),xlookup($Y34,qualdata!$N$2:$N$17,xlookup("r3rd",qualdata!$P$1:$BR$1,qualdata!$P$2:$BR$17)))} -> 0 | DK38: {=xlookup($Y34,qualdata!$N$2:$N$17,xlookup("r4gw",qualdata!$P$1:$BR$1,qualdata!$P$2:$BR$17))&"-"&xlookup($Y34,qualdata!$N$2:$N$17,xlookup("r4gl",qualdata!$P$1:$BR$1,qualdata!$P$2:$BR$17))} -> - | DP38: {=if(xlookup($Y34,qualdata!$N$2:$N$17,xlookup("r4rd",qualdata!$P$1:$BR$1,qualdata!$P$2:$BR$17))>0,"+"&xlookup($Y34,qualdata!$N$2:$N$17,xlookup("r4rd",qualdata!$P$1:$BR$1,qualdata!$P$2:$BR$17)),xlookup($Y34,qualdata!$N$2:$N$17,xlookup("r4rd",qualdata!$P$1:$BR$1,qualdata!$P$2:$BR$17)))} -> 0
M41: =Q41&"." -> 5. | Q41: 5 | CJ41: {=xlookup($Y42,qualdata!$N$2:$N$17,xlookup("r1Ser",qualdata!$P$1:$BR$1,qualdata!$P$2:$BR$17,""))} | CL41: {=xlookup(xlookup($Y42,qualdata!$N$2:$N$17,xlookup("r1op",qualdata!$P$1:$BR$1,qualdata!$P$2:$BR$17,"")),qualdata!$M$2:$M$17,qualdata!$O$2:$O$17,"")} | CS41: {=xlookup($Y42,qualdata!$N$2:$N$17,xlookup("r2Ser",qualdata!$P$1:$BR$1,qualdata!$P$2:$BR$17,""))} | CU41: {=xlookup(xlookup($Y42,qualdata!$N$2:$N$17,xlookup("r2op",qualdata!$P$1:$BR$1,qualdata!$P$2:$BR$17,"")),qualdata!$M$2:$M$17,qualdata!$O$2:$O$17,"")} | DB41: {=xlookup($Y42,qualdata!$N$2:$N$17,xlookup("r3Ser",qualdata!$P$1:$BR$1,qualdata!$P$2:$BR$17,""))} | DD41: {=xlookup(xlookup($Y42,qualdata!$N$2:$N$17,xlookup("r3op",qualdata!$P$1:$BR$1,qualdata!$P$2:$BR$17,"")),qualdata!$M$2:$M$17,qualdata!$O$2:$O$17,"")} | DK41: {=xlookup($Y42,qualdata!$N$2:$N$17,xlookup("r4Ser",qualdata!$P$1:$BR$1,qualdata!$P$2:$BR$17,""))} | DM41: {=xlookup(xlookup($Y42,qualdata!$N$2:$N$17,xlookup("r4op",qualdata!$P$1:$BR$1,qualdata!$P$2:$BR$17,"")),qualdata!$M$2:$M$17,qualdata!$O$2:$O$17,"")} | DT41: {=xlookup($Y42,qualdata!$N$2:$N$17,xlookup("r5Ser",qualdata!$P$1:$BR$1,qualdata!$P$2:$BR$17,""))} | DV41: {=xlookup(xlookup($Y42,qualdata!$N$2:$N$17,xlookup("r5op",qualdata!$P$1:$BR$1,qualdata!$P$2:$BR$17,"")),qualdata!$M$2:$M$17,qualdata!$O$2:$O$17,"")}
R42: {=xlookup(Y42,qualdata!$N$2:$N$17,qualdata!$O$2:$O$17,"")} | Y42: {=xlookup(Q41,qualdata!$G$24:$G$39,qualdata!$A$24:$A$39,"")} -> Team 5 (Group 1) | BC42: {=xlookup(Y42,qualdata!$A$24:$A$39,qualdata!$B$24:$B$39,"")} -> 0-0 | BL42: {=xlookup(Y42,qualdata!$A$24:$A$39,qualdata!$C$24:$C$39,"")} -> 0-0 | BU42: {=xlookup(Y42,qualdata!$A$24:$A$39,qualdata!$D$24:$D$39,"")} -> 0-0 | CD42: {=xlookup(Y42,qualdata!$A$24:$A$39,qualdata!$F$24:$F$39,"")} -> 0
CJ46: {=xlookup($Y42,qualdata!$N$2:$N$17,xlookup("r1gw",qualdata!$P$1:$BR$1,qualdata!$P$2:$BR$17))&"-"&xlookup($Y42,qualdata!$N$2:$N$17,xlookup("r1gl",qualdata!$P$1:$BR$1,qualdata!$P$2:$BR$17))} -> - | CO46: {=if(xlookup($Y42,qualdata!$N$2:$N$17,xlookup("r1rd",qualdata!$P$1:$BR$1,qualdata!$P$2:$BR$17))>0,"+"&xlookup($Y42,qualdata!$N$2:$N$17,xlookup("r1rd",qualdata!$P$1:$BR$1,qualdata!$P$2:$BR$17)),xlookup($Y42,qualdata!$N$2:$N$17,xlookup("r1rd",qualdata!$P$1:$BR$1,qualdata!$P$2:$BR$17)))} -> 0 | CS46: {=xlookup($Y42,qualdata!$N$2:$N$17,xlookup("r2gw",qualdata!$P$1:$BR$1,qualdata!$P$2:$BR$17))&"-"&xlookup($Y42,qualdata!$N$2:$N$17,xlookup("r2gl",qualdata!$P$1:$BR$1,qualdata!$P$2:$BR$17))} -> - | CX46: {=if(xlookup($Y42,qualdata!$N$2:$N$17,xlookup("r2rd",qualdata!$P$1:$BR$1,qualdata!$P$2:$BR$17))>0,"+"&xlookup($Y42,qualdata!$N$2:$N$17,xlookup("r2rd",qualdata!$P$1:$BR$1,qualdata!$P$2:$BR$17)),xlookup($Y42,qualdata!$N$2:$N$17,xlookup("r2rd",qualdata!$P$1:$BR$1,qualdata!$P$2:$BR$17)))} -> 0 | DB46: {=xlookup($Y42,qualdata!$N$2:$N$17,xlookup("r3gw",qualdata!$P$1:$BR$1,qualdata!$P$2:$BR$17))&"-"&xlookup($Y42,qualdata!$N$2:$N$17,xlookup("r3gl",qualdata!$P$1:$BR$1,qualdata!$P$2:$BR$17))} -> - | DG46: {=if(xlookup($Y42,qualdata!$N$2:$N$17,xlookup("r3rd",qualdata!$P$1:$BR$1,qualdata!$P$2:$BR$17))>0,"+"&xlookup($Y42,qualdata!$N$2:$N$17,xlookup("r3rd",qualdata!$P$1:$BR$1,qualdata!$P$2:$BR$17)),xlookup($Y42,qualdata!$N$2:$N$17,xlookup("r3rd",qualdata!$P$1:$BR$1,qualdata!$P$2:$BR$17)))} -> 0 | DK46: {=xlookup($Y42,qualdata!$N$2:$N$17,xlookup("r4gw",qualdata!$P$1:$BR$1,qualdata!$P$2:$BR$17))&"-"&xlookup($Y42,qualdata!$N$2:$N$17,xlookup("r4gl",qualdata!$P$1:$BR$1,qualdata!$P$2:$BR$17))} -> - | DP46: {=if(xlookup($Y42,qualdata!$N$2:$N$17,xlookup("r4rd",qualdata!$P$1:$BR$1,qualdata!$P$2:$BR$17))>0,"+"&xlookup($Y42,qualdata!$N$2:$N$17,xlookup("r4rd",qualdata!$P$1:$BR$1,qualdata!$P$2:$BR$17)),xlookup($Y42,qualdata!$N$2:$N$17,xlookup("r4rd",qualdata!$P$1:$BR$1,qualdata!$P$2:$BR$17)))} -> 0
M49: =Q49&"." -> 6. | Q49: 6 | CJ49: {=xlookup($Y50,qualdata!$N$2:$N$17,xlookup("r1Ser",qualdata!$P$1:$BR$1,qualdata!$P$2:$BR$17,""))} | CL49: {=xlookup(xlookup($Y50,qualdata!$N$2:$N$17,xlookup("r1op",qualdata!$P$1:$BR$1,qualdata!$P$2:$BR$17,"")),qualdata!$M$2:$M$17,qualdata!$O$2:$O$17,"")} | CS49: {=xlookup($Y50,qualdata!$N$2:$N$17,xlookup("r2Ser",qualdata!$P$1:$BR$1,qualdata!$P$2:$BR$17,""))} | CU49: {=xlookup(xlookup($Y50,qualdata!$N$2:$N$17,xlookup("r2op",qualdata!$P$1:$BR$1,qualdata!$P$2:$BR$17,"")),qualdata!$M$2:$M$17,qualdata!$O$2:$O$17,"")} | DB49: {=xlookup($Y50,qualdata!$N$2:$N$17,xlookup("r3Ser",qualdata!$P$1:$BR$1,qualdata!$P$2:$BR$17,""))} | DD49: {=xlookup(xlookup($Y50,qualdata!$N$2:$N$17,xlookup("r3op",qualdata!$P$1:$BR$1,qualdata!$P$2:$BR$17,"")),qualdata!$M$2:$M$17,qualdata!$O$2:$O$17,"")} | DK49: {=xlookup($Y50,qualdata!$N$2:$N$17,xlookup("r4Ser",qualdata!$P$1:$BR$1,qualdata!$P$2:$BR$17,""))} | DM49: {=xlookup(xlookup($Y50,qualdata!$N$2:$N$17,xlookup("r4op",qualdata!$P$1:$BR$1,qualdata!$P$2:$BR$17,"")),qualdata!$M$2:$M$17,qualdata!$O$2:$O$17,"")} | DT49: {=xlookup($Y50,qualdata!$N$2:$N$17,xlookup("r5Ser",qualdata!$P$1:$BR$1,qualdata!$P$2:$BR$17,""))} | DV49: {=xlookup(xlookup($Y50,qualdata!$N$2:$N$17,xlookup("r5op",qualdata!$P$1:$BR$1,qualdata!$P$2:$BR$17,"")),qualdata!$M$2:$M$17,qualdata!$O$2:$O$17,"")}
R50: {=xlookup(Y50,qualdata!$N$2:$N$17,qualdata!$O$2:$O$17,"")} | Y50: {=xlookup(Q49,qualdata!$G$24:$G$39,qualdata!$A$24:$A$39,"")} -> Team 6 (Group 1) | BC50: {=xlookup(Y50,qualdata!$A$24:$A$39,qualdata!$B$24:$B$39,"")} -> 0-0 | BL50: {=xlookup(Y50,qualdata!$A$24:$A$39,qualdata!$C$24:$C$39,"")} -> 0-0 | BU50: {=xlookup(Y50,qualdata!$A$24:$A$39,qualdata!$D$24:$D$39,"")} -> 0-0 | CD50: {=xlookup(Y50,qualdata!$A$24:$A$39,qualdata!$F$24:$F$39,"")} -> 0
CJ54: {=xlookup($Y50,qualdata!$N$2:$N$17,xlookup("r1gw",qualdata!$P$1:$BR$1,qualdata!$P$2:$BR$17))&"-"&xlookup($Y50,qualdata!$N$2:$N$17,xlookup("r1gl",qualdata!$P$1:$BR$1,qualdata!$P$2:$BR$17))} -> - | CO54: {=if(xlookup($Y50,qualdata!$N$2:$N$17,xlookup("r1rd",qualdata!$P$1:$BR$1,qualdata!$P$2:$BR$17))>0,"+"&xlookup($Y50,qualdata!$N$2:$N$17,xlookup("r1rd",qualdata!$P$1:$BR$1,qualdata!$P$2:$BR$17)),xlookup($Y50,qualdata!$N$2:$N$17,xlookup("r1rd",qualdata!$P$1:$BR$1,qualdata!$P$2:$BR$17)))} -> 0 | CS54: {=xlookup($Y50,qualdata!$N$2:$N$17,xlookup("r2gw",qualdata!$P$1:$BR$1,qualdata!$P$2:$BR$17))&"-"&xlookup($Y50,qualdata!$N$2:$N$17,xlookup("r2gl",qualdata!$P$1:$BR$1,qualdata!$P$2:$BR$17))} -> - | CX54: {=if(xlookup($Y50,qualdata!$N$2:$N$17,xlookup("r2rd",qualdata!$P$1:$BR$1,qualdata!$P$2:$BR$17))>0,"+"&xlookup($Y50,qualdata!$N$2:$N$17,xlookup("r2rd",qualdata!$P$1:$BR$1,qualdata!$P$2:$BR$17)),xlookup($Y50,qualdata!$N$2:$N$17,xlookup("r2rd",qualdata!$P$1:$BR$1,qualdata!$P$2:$BR$17)))} -> 0 | DB54: {=xlookup($Y50,qualdata!$N$2:$N$17,xlookup("r3gw",qualdata!$P$1:$BR$1,qualdata!$P$2:$BR$17))&"-"&xlookup($Y50,qualdata!$N$2:$N$17,xlookup("r3gl",qualdata!$P$1:$BR$1,qualdata!$P$2:$BR$17))} -> - | DG54: {=if(xlookup($Y50,qualdata!$N$2:$N$17,xlookup("r3rd",qualdata!$P$1:$BR$1,qualdata!$P$2:$BR$17))>0,"+"&xlookup($Y50,qualdata!$N$2:$N$17,xlookup("r3rd",qualdata!$P$1:$BR$1,qualdata!$P$2:$BR$17)),xlookup($Y50,qualdata!$N$2:$N$17,xlookup("r3rd",qualdata!$P$1:$BR$1,qualdata!$P$2:$BR$17)))} -> 0 | DK54: {=xlookup($Y50,qualdata!$N$2:$N$17,xlookup("r4gw",qualdata!$P$1:$BR$1,qualdata!$P$2:$BR$17))&"-"&xlookup($Y50,qualdata!$N$2:$N$17,xlookup("r4gl",qualdata!$P$1:$BR$1,qualdata!$P$2:$BR$17))} -> - | DP54: {=if(xlookup($Y50,qualdata!$N$2:$N$17,xlookup("r4rd",qualdata!$P$1:$BR$1,qualdata!$P$2:$BR$17))>0,"+"&xlookup($Y50,qualdata!$N$2:$N$17,xlookup("r4rd",qualdata!$P$1:$BR$1,qualdata!$P$2:$BR$17)),xlookup($Y50,qualdata!$N$2:$N$17,xlookup("r4rd",qualdata!$P$1:$BR$1,qualdata!$P$2:$BR$17)))} -> 0 | DT54: {=xlookup($Y50,qualdata!$N$2:$N$17,xlookup("r5gw",qualdata!$P$1:$BR$1,qualdata!$P$2:$BR$17))&"-"&xlookup($Y50,qualdata!$N$2:$N$17,xlookup("r5gl",qualdata!$P$1:$BR$1,qualdata!$P$2:$BR$17))} -> - | DY54: {=if(xlookup($Y50,qualdata!$N$2:$N$17,xlookup("r5rd",qualdata!$P$1:$BR$1,qualdata!$P$2:$BR$17))>0,"+"&xlookup($Y50,qualdata!$N$2:$N$17,xlookup("r5rd",qualdata!$P$1:$BR$1,qualdata!$P$2:$BR$17)),xlookup($Y50,qualdata!$N$2:$N$17,xlookup("r5rd",qualdata!$P$1:$BR$1,qualdata!$P$2:$BR$17)))} -> 0
M57: =Q57&"." -> 7. | Q57: 7 | CJ57: {=xlookup($Y58,qualdata!$N$2:$N$17,xlookup("r1Ser",qualdata!$P$1:$BR$1,qualdata!$P$2:$BR$17,""))} | CL57: {=xlookup(xlookup($Y58,qualdata!$N$2:$N$17,xlookup("r1op",qualdata!$P$1:$BR$1,qualdata!$P$2:$BR$17,"")),qualdata!$M$2:$M$17,qualdata!$O$2:$O$17,"")} | CS57: {=xlookup($Y58,qualdata!$N$2:$N$17,xlookup("r2Ser",qualdata!$P$1:$BR$1,qualdata!$P$2:$BR$17,""))} | CU57: {=xlookup(xlookup($Y58,qualdata!$N$2:$N$17,xlookup("r2op",qualdata!$P$1:$BR$1,qualdata!$P$2:$BR$17,"")),qualdata!$M$2:$M$17,qualdata!$O$2:$O$17,"")} | DB57: {=xlookup($Y58,qualdata!$N$2:$N$17,xlookup("r3Ser",qualdata!$P$1:$BR$1,qualdata!$P$2:$BR$17,""))} | DD57: {=xlookup(xlookup($Y58,qualdata!$N$2:$N$17,xlookup("r3op",qualdata!$P$1:$BR$1,qualdata!$P$2:$BR$17,"")),qualdata!$M$2:$M$17,qualdata!$O$2:$O$17,"")} | DK57: {=xlookup($Y58,qualdata!$N$2:$N$17,xlookup("r4Ser",qualdata!$P$1:$BR$1,qualdata!$P$2:$BR$17,""))} | DM57: {=xlookup(xlookup($Y58,qualdata!$N$2:$N$17,xlookup("r4op",qualdata!$P$1:$BR$1,qualdata!$P$2:$BR$17,"")),qualdata!$M$2:$M$17,qualdata!$O$2:$O$17,"")} | DT57: {=xlookup($Y58,qualdata!$N$2:$N$17,xlookup("r5Ser",qualdata!$P$1:$BR$1,qualdata!$P$2:$BR$17,""))} | DV57: {=xlookup(xlookup($Y58,qualdata!$N$2:$N$17,xlookup("r5op",qualdata!$P$1:$BR$1,qualdata!$P$2:$BR$17,"")),qualdata!$M$2:$M$17,qualdata!$O$2:$O$17,"")}
R58: {=xlookup(Y58,qualdata!$N$2:$N$17,qualdata!$O$2:$O$17,"")} | Y58: {=xlookup(Q57,qualdata!$G$24:$G$39,qualdata!$A$24:$A$39,"")} -> Team 7 (Group 1) | BC58: {=xlookup(Y58,qualdata!$A$24:$A$39,qualdata!$B$24:$B$39,"")} -> 0-0 | BL58: {=xlookup(Y58,qualdata!$A$24:$A$39,qualdata!$C$24:$C$39,"")} -> 0-0 | BU58: {=xlookup(Y58,qualdata!$A$24:$A$39,qualdata!$D$24:$D$39,"")} -> 0-0 | CD58: {=xlookup(Y58,qualdata!$A$24:$A$39,qualdata!$F$24:$F$39,"")} -> 0
CJ62: {=xlookup($Y58,qualdata!$N$2:$N$17,xlookup("r1gw",qualdata!$P$1:$BR$1,qualdata!$P$2:$BR$17))&"-"&xlookup($Y58,qualdata!$N$2:$N$17,xlookup("r1gl",qualdata!$P$1:$BR$1,qualdata!$P$2:$BR$17))} -> - | CO62: {=if(xlookup($Y58,qualdata!$N$2:$N$17,xlookup("r1rd",qualdata!$P$1:$BR$1,qualdata!$P$2:$BR$17))>0,"+"&xlookup($Y58,qualdata!$N$2:$N$17,xlookup("r1rd",qualdata!$P$1:$BR$1,qualdata!$P$2:$BR$17)),xlookup($Y58,qualdata!$N$2:$N$17,xlookup("r1rd",qualdata!$P$1:$BR$1,qualdata!$P$2:$BR$17)))} -> 0 | CS62: {=xlookup($Y58,qualdata!$N$2:$N$17,xlookup("r2gw",qualdata!$P$1:$BR$1,qualdata!$P$2:$BR$17))&"-"&xlookup($Y58,qualdata!$N$2:$N$17,xlookup("r2gl",qualdata!$P$1:$BR$1,qualdata!$P$2:$BR$17))} -> - | CX62: {=if(xlookup($Y58,qualdata!$N$2:$N$17,xlookup("r2rd",qualdata!$P$1:$BR$1,qualdata!$P$2:$BR$17))>0,"+"&xlookup($Y58,qualdata!$N$2:$N$17,xlookup("r2rd",qualdata!$P$1:$BR$1,qualdata!$P$2:$BR$17)),xlookup($Y58,qualdata!$N$2:$N$17,xlookup("r2rd",qualdata!$P$1:$BR$1,qualdata!$P$2:$BR$17)))} -> 0 | DB62: {=xlookup($Y58,qualdata!$N$2:$N$17,xlookup("r3gw",qualdata!$P$1:$BR$1,qualdata!$P$2:$BR$17))&"-"&xlookup($Y58,qualdata!$N$2:$N$17,xlookup("r3gl",qualdata!$P$1:$BR$1,qualdata!$P$2:$BR$17))} -> - | DG62: {=if(xlookup($Y58,qualdata!$N$2:$N$17,xlookup("r3rd",qualdata!$P$1:$BR$1,qualdata!$P$2:$BR$17))>0,"+"&xlookup($Y58,qualdata!$N$2:$N$17,xlookup("r3rd",qualdata!$P$1:$BR$1,qualdata!$P$2:$BR$17)),xlookup($Y58,qualdata!$N$2:$N$17,xlookup("r3rd",qualdata!$P$1:$BR$1,qualdata!$P$2:$BR$17)))} -> 0 | DK62: {=xlookup($Y58,qualdata!$N$2:$N$17,xlookup("r4gw",qualdata!$P$1:$BR$1,qualdata!$P$2:$BR$17))&"-"&xlookup($Y58,qualdata!$N$2:$N$17,xlookup("r4gl",qualdata!$P$1:$BR$1,qualdata!$P$2:$BR$17))} -> - | DP62: {=if(xlookup($Y58,qualdata!$N$2:$N$17,xlookup("r4rd",qualdata!$P$1:$BR$1,qualdata!$P$2:$BR$17))>0,"+"&xlookup($Y58,qualdata!$N$2:$N$17,xlookup("r4rd",qualdata!$P$1:$BR$1,qualdata!$P$2:$BR$17)),xlookup($Y58,qualdata!$N$2:$N$17,xlookup("r4rd",qualdata!$P$1:$BR$1,qualdata!$P$2:$BR$17)))} -> 0 | DT62: {=xlookup($Y58,qualdata!$N$2:$N$17,xlookup("r5gw",qualdata!$P$1:$BR$1,qualdata!$P$2:$BR$17))&"-"&xlookup($Y58,qualdata!$N$2:$N$17,xlookup("r5gl",qualdata!$P$1:$BR$1,qualdata!$P$2:$BR$17))} -> - | DY62: {=if(xlookup($Y58,qualdata!$N$2:$N$17,xlookup("r5rd",qualdata!$P$1:$BR$1,qualdata!$P$2:$BR$17))>0,"+"&xlookup($Y58,qualdata!$N$2:$N$17,xlookup("r5rd",qualdata!$P$1:$BR$1,qualdata!$P$2:$BR$17)),xlookup($Y58,qualdata!$N$2:$N$17,xlookup("r5rd",qualdata!$P$1:$BR$1,qualdata!$P$2:$BR$17)))} -> 0
M65: =Q65&"." -> 8. | Q65: 8 | CJ65: {=xlookup($Y66,qualdata!$N$2:$N$17,xlookup("r1Ser",qualdata!$P$1:$BR$1,qualdata!$P$2:$BR$17,""))} | CL65: {=xlookup(xlookup($Y66,qualdata!$N$2:$N$17,xlookup("r1op",qualdata!$P$1:$BR$1,qualdata!$P$2:$BR$17,"")),qualdata!$M$2:$M$17,qualdata!$O$2:$O$17,"")} | CS65: {=xlookup($Y66,qualdata!$N$2:$N$17,xlookup("r2Ser",qualdata!$P$1:$BR$1,qualdata!$P$2:$BR$17,""))} | CU65: {=xlookup(xlookup($Y66,qualdata!$N$2:$N$17,xlookup("r2op",qualdata!$P$1:$BR$1,qualdata!$P$2:$BR$17,"")),qualdata!$M$2:$M$17,qualdata!$O$2:$O$17,"")} | DB65: {=xlookup($Y66,qualdata!$N$2:$N$17,xlookup("r3Ser",qualdata!$P$1:$BR$1,qualdata!$P$2:$BR$17,""))} | DD65: {=xlookup(xlookup($Y66,qualdata!$N$2:$N$17,xlookup("r3op",qualdata!$P$1:$BR$1,qualdata!$P$2:$BR$17,"")),qualdata!$M$2:$M$17,qualdata!$O$2:$O$17,"")} | DK65: {=xlookup($Y66,qualdata!$N$2:$N$17,xlookup("r4Ser",qualdata!$P$1:$BR$1,qualdata!$P$2:$BR$17,""))} | DM65: {=xlookup(xlookup($Y66,qualdata!$N$2:$N$17,xlookup("r4op",qualdata!$P$1:$BR$1,qualdata!$P$2:$BR$17,"")),qualdata!$M$2:$M$17,qualdata!$O$2:$O$17,"")} | DT65: {=xlookup($Y66,qualdata!$N$2:$N$17,xlookup("r5Ser",qualdata!$P$1:$BR$1,qualdata!$P$2:$BR$17,""))} | DV65: {=xlookup(xlookup($Y66,qualdata!$N$2:$N$17,xlookup("r5op",qualdata!$P$1:$BR$1,qualdata!$P$2:$BR$17,"")),qualdata!$M$2:$M$17,qualdata!$O$2:$O$17,"")}
R66: {=xlookup(Y66,qualdata!$N$2:$N$17,qualdata!$O$2:$O$17,"")} | Y66: {=xlookup(Q65,qualdata!$G$24:$G$39,qualdata!$A$24:$A$39,"")} -> Team 8 (Group 1) | BC66: {=xlookup(Y66,qualdata!$A$24:$A$39,qualdata!$B$24:$B$39,"")} -> 0-0 | BL66: {=xlookup(Y66,qualdata!$A$24:$A$39,qualdata!$C$24:$C$39,"")} -> 0-0 | BU66: {=xlookup(Y66,qualdata!$A$24:$A$39,qualdata!$D$24:$D$39,"")} -> 0-0 | CD66: {=xlookup(Y66,qualdata!$A$24:$A$39,qualdata!$F$24:$F$39,"")} -> 0
CJ70: {=xlookup($Y66,qualdata!$N$2:$N$17,xlookup("r1gw",qualdata!$P$1:$BR$1,qualdata!$P$2:$BR$17))&"-"&xlookup($Y66,qualdata!$N$2:$N$17,xlookup("r1gl",qualdata!$P$1:$BR$1,qualdata!$P$2:$BR$17))} -> - | CO70: {=if(xlookup($Y66,qualdata!$N$2:$N$17,xlookup("r1rd",qualdata!$P$1:$BR$1,qualdata!$P$2:$BR$17))>0,"+"&xlookup($Y66,qualdata!$N$2:$N$17,xlookup("r1rd",qualdata!$P$1:$BR$1,qualdata!$P$2:$BR$17)),xlookup($Y66,qualdata!$N$2:$N$17,xlookup("r1rd",qualdata!$P$1:$BR$1,qualdata!$P$2:$BR$17)))} -> 0 | CS70: {=xlookup($Y66,qualdata!$N$2:$N$17,xlookup("r2gw",qualdata!$P$1:$BR$1,qualdata!$P$2:$BR$17))&"-"&xlookup($Y66,qualdata!$N$2:$N$17,xlookup("r2gl",qualdata!$P$1:$BR$1,qualdata!$P$2:$BR$17))} -> - | CX70: {=if(xlookup($Y66,qualdata!$N$2:$N$17,xlookup("r2rd",qualdata!$P$1:$BR$1,qualdata!$P$2:$BR$17))>0,"+"&xlookup($Y66,qualdata!$N$2:$N$17,xlookup("r2rd",qualdata!$P$1:$BR$1,qualdata!$P$2:$BR$17)),xlookup($Y66,qualdata!$N$2:$N$17,xlookup("r2rd",qualdata!$P$1:$BR$1,qualdata!$P$2:$BR$17)))} -> 0 | DB70: {=xlookup($Y66,qualdata!$N$2:$N$17,xlookup("r3gw",qualdata!$P$1:$BR$1,qualdata!$P$2:$BR$17))&"-"&xlookup($Y66,qualdata!$N$2:$N$17,xlookup("r3gl",qualdata!$P$1:$BR$1,qualdata!$P$2:$BR$17))} -> - | DG70: {=if(xlookup($Y66,qualdata!$N$2:$N$17,xlookup("r3rd",qualdata!$P$1:$BR$1,qualdata!$P$2:$BR$17))>0,"+"&xlookup($Y66,qualdata!$N$2:$N$17,xlookup("r3rd",qualdata!$P$1:$BR$1,qualdata!$P$2:$BR$17)),xlookup($Y66,qualdata!$N$2:$N$17,xlookup("r3rd",qualdata!$P$1:$BR$1,qualdata!$P$2:$BR$17)))} -> 0 | DK70: {=xlookup($Y66,qualdata!$N$2:$N$17,xlookup("r4gw",qualdata!$P$1:$BR$1,qualdata!$P$2:$BR$17))&"-"&xlookup($Y66,qualdata!$N$2:$N$17,xlookup("r4gl",qualdata!$P$1:$BR$1,qualdata!$P$2:$BR$17))} -> - | DP70: {=if(xlookup($Y66,qualdata!$N$2:$N$17,xlookup("r4rd",qualdata!$P$1:$BR$1,qualdata!$P$2:$BR$17))>0,"+"&xlookup($Y66,qualdata!$N$2:$N$17,xlookup("r4rd",qualdata!$P$1:$BR$1,qualdata!$P$2:$BR$17)),xlookup($Y66,qualdata!$N$2:$N$17,xlookup("r4rd",qualdata!$P$1:$BR$1,qualdata!$P$2:$BR$17)))} -> 0 | DT70: {=xlookup($Y66,qualdata!$N$2:$N$17,xlookup("r5gw",qualdata!$P$1:$BR$1,qualdata!$P$2:$BR$17))&"-"&xlookup($Y66,qualdata!$N$2:$N$17,xlookup("r5gl",qualdata!$P$1:$BR$1,qualdata!$P$2:$BR$17))} -> - | DY70: {=if(xlookup($Y66,qualdata!$N$2:$N$17,xlookup("r5rd",qualdata!$P$1:$BR$1,qualdata!$P$2:$BR$17))>0,"+"&xlookup($Y66,qualdata!$N$2:$N$17,xlookup("r5rd",qualdata!$P$1:$BR$1,qualdata!$P$2:$BR$17)),xlookup($Y66,qualdata!$N$2:$N$17,xlookup("r5rd",qualdata!$P$1:$BR$1,qualdata!$P$2:$BR$17)))} -> 0
M73: =Q73&"." -> 9. | Q73: 9 | CJ73: {=xlookup($Y74,qualdata!$N$2:$N$17,xlookup("r1Ser",qualdata!$P$1:$BR$1,qualdata!$P$2:$BR$17,""))} | CL73: {=xlookup(xlookup($Y74,qualdata!$N$2:$N$17,xlookup("r1op",qualdata!$P$1:$BR$1,qualdata!$P$2:$BR$17,"")),qualdata!$M$2:$M$17,qualdata!$O$2:$O$17,"")} | CS73: {=xlookup($Y74,qualdata!$N$2:$N$17,xlookup("r2Ser",qualdata!$P$1:$BR$1,qualdata!$P$2:$BR$17,""))} | CU73: {=xlookup(xlookup($Y74,qualdata!$N$2:$N$17,xlookup("r2op",qualdata!$P$1:$BR$1,qualdata!$P$2:$BR$17,"")),qualdata!$M$2:$M$17,qualdata!$O$2:$O$17,"")} | DB73: {=xlookup($Y74,qualdata!$N$2:$N$17,xlookup("r3Ser",qualdata!$P$1:$BR$1,qualdata!$P$2:$BR$17,""))} | DD73: {=xlookup(xlookup($Y74,qualdata!$N$2:$N$17,xlookup("r3op",qualdata!$P$1:$BR$1,qualdata!$P$2:$BR$17,"")),qualdata!$M$2:$M$17,qualdata!$O$2:$O$17,"")} | DK73: {=xlookup($Y74,qualdata!$N$2:$N$17,xlookup("r4Ser",qualdata!$P$1:$BR$1,qualdata!$P$2:$BR$17,""))} | DM73: {=xlookup(xlookup($Y74,qualdata!$N$2:$N$17,xlookup("r4op",qualdata!$P$1:$BR$1,qualdata!$P$2:$BR$17,"")),qualdata!$M$2:$M$17,qualdata!$O$2:$O$17,"")} | DT73: {=xlookup($Y74,qualdata!$N$2:$N$17,xlookup("r5Ser",qualdata!$P$1:$BR$1,qualdata!$P$2:$BR$17,""))} | DV73: {=xlookup(xlookup($Y74,qualdata!$N$2:$N$17,xlookup("r5op",qualdata!$P$1:$BR$1,qualdata!$P$2:$BR$17,"")),qualdata!$M$2:$M$17,qualdata!$O$2:$O$17,"")}
R74: {=xlookup(Y74,qualdata!$N$2:$N$17,qualdata!$O$2:$O$17,"")} | Y74: {=xlookup(Q73,qualdata!$G$24:$G$39,qualdata!$A$24:$A$39,"")} -> Team 9 (Group 1) | BC74: {=xlookup(Y74,qualdata!$A$24:$A$39,qualdata!$B$24:$B$39,"")} -> 0-0 | BL74: {=xlookup(Y74,qualdata!$A$24:$A$39,qualdata!$C$24:$C$39,"")} -> 0-0 | BU74: {=xlookup(Y74,qualdata!$A$24:$A$39,qualdata!$D$24:$D$39,"")} -> 0-0 | CD74: {=xlookup(Y74,qualdata!$A$24:$A$39,qualdata!$F$24:$F$39,"")} -> 0
CJ78: {=xlookup($Y74,qualdata!$N$2:$N$17,xlookup("r1gw",qualdata!$P$1:$BR$1,qualdata!$P$2:$BR$17))&"-"&xlookup($Y74,qualdata!$N$2:$N$17,xlookup("r1gl",qualdata!$P$1:$BR$1,qualdata!$P$2:$BR$17))} -> - | CO78: {=if(xlookup($Y74,qualdata!$N$2:$N$17,xlookup("r1rd",qualdata!$P$1:$BR$1,qualdata!$P$2:$BR$17))>0,"+"&xlookup($Y74,qualdata!$N$2:$N$17,xlookup("r1rd",qualdata!$P$1:$BR$1,qualdata!$P$2:$BR$17)),xlookup($Y74,qualdata!$N$2:$N$17,xlookup("r1rd",qualdata!$P$1:$BR$1,qualdata!$P$2:$BR$17)))} -> 0 | CS78: {=xlookup($Y74,qualdata!$N$2:$N$17,xlookup("r2gw",qualdata!$P$1:$BR$1,qualdata!$P$2:$BR$17))&"-"&xlookup($Y74,qualdata!$N$2:$N$17,xlookup("r2gl",qualdata!$P$1:$BR$1,qualdata!$P$2:$BR$17))} -> - | CX78: {=if(xlookup($Y74,qualdata!$N$2:$N$17,xlookup("r2rd",qualdata!$P$1:$BR$1,qualdata!$P$2:$BR$17))>0,"+"&xlookup($Y74,qualdata!$N$2:$N$17,xlookup("r2rd",qualdata!$P$1:$BR$1,qualdata!$P$2:$BR$17)),xlookup($Y74,qualdata!$N$2:$N$17,xlookup("r2rd",qualdata!$P$1:$BR$1,qualdata!$P$2:$BR$17)))} -> 0 | DB78: {=xlookup($Y74,qualdata!$N$2:$N$17,xlookup("r3gw",qualdata!$P$1:$BR$1,qualdata!$P$2:$BR$17))&"-"&xlookup($Y74,qualdata!$N$2:$N$17,xlookup("r3gl",qualdata!$P$1:$BR$1,qualdata!$P$2:$BR$17))} -> - | DG78: {=if(xlookup($Y74,qualdata!$N$2:$N$17,xlookup("r3rd",qualdata!$P$1:$BR$1,qualdata!$P$2:$BR$17))>0,"+"&xlookup($Y74,qualdata!$N$2:$N$17,xlookup("r3rd",qualdata!$P$1:$BR$1,qualdata!$P$2:$BR$17)),xlookup($Y74,qualdata!$N$2:$N$17,xlookup("r3rd",qualdata!$P$1:$BR$1,qualdata!$P$2:$BR$17)))} -> 0 | DK78: {=xlookup($Y74,qualdata!$N$2:$N$17,xlookup("r4gw",qualdata!$P$1:$BR$1,qualdata!$P$2:$BR$17))&"-"&xlookup($Y74,qualdata!$N$2:$N$17,xlookup("r4gl",qualdata!$P$1:$BR$1,qualdata!$P$2:$BR$17))} -> - | DP78: {=if(xlookup($Y74,qualdata!$N$2:$N$17,xlookup("r4rd",qualdata!$P$1:$BR$1,qualdata!$P$2:$BR$17))>0,"+"&xlookup($Y74,qualdata!$N$2:$N$17,xlookup("r4rd",qualdata!$P$1:$BR$1,qualdata!$P$2:$BR$17)),xlookup($Y74,qualdata!$N$2:$N$17,xlookup("r4rd",qualdata!$P$1:$BR$1,qualdata!$P$2:$BR$17)))} -> 0 | DT78: {=xlookup($Y74,qualdata!$N$2:$N$17,xlookup("r5gw",qualdata!$P$1:$BR$1,qualdata!$P$2:$BR$17))&"-"&xlookup($Y74,qualdata!$N$2:$N$17,xlookup("r5gl",qualdata!$P$1:$BR$1,qualdata!$P$2:$BR$17))} -> - | DY78: {=if(xlookup($Y74,qualdata!$N$2:$N$17,xlookup("r5rd",qualdata!$P$1:$BR$1,qualdata!$P$2:$BR$17))>0,"+"&xlookup($Y74,qualdata!$N$2:$N$17,xlookup("r5rd",qualdata!$P$1:$BR$1,qualdata!$P$2:$BR$17)),xlookup($Y74,qualdata!$N$2:$N$17,xlookup("r5rd",qualdata!$P$1:$BR$1,qualdata!$P$2:$BR$17)))} -> 0
M81: =Q81&"." -> 10. | Q81: 10 | CJ81: {=xlookup($Y82,qualdata!$N$2:$N$17,xlookup("r1Ser",qualdata!$P$1:$BR$1,qualdata!$P$2:$BR$17,""))} | CL81: {=xlookup(xlookup($Y82,qualdata!$N$2:$N$17,xlookup("r1op",qualdata!$P$1:$BR$1,qualdata!$P$2:$BR$17,"")),qualdata!$M$2:$M$17,qualdata!$O$2:$O$17,"")} | CS81: {=xlookup($Y82,qualdata!$N$2:$N$17,xlookup("r2Ser",qualdata!$P$1:$BR$1,qualdata!$P$2:$BR$17,""))} | CU81: {=xlookup(xlookup($Y82,qualdata!$N$2:$N$17,xlookup("r2op",qualdata!$P$1:$BR$1,qualdata!$P$2:$BR$17,"")),qualdata!$M$2:$M$17,qualdata!$O$2:$O$17,"")} | DB81: {=xlookup($Y82,qualdata!$N$2:$N$17,xlookup("r3Ser",qualdata!$P$1:$BR$1,qualdata!$P$2:$BR$17,""))} | DD81: {=xlookup(xlookup($Y82,qualdata!$N$2:$N$17,xlookup("r3op",qualdata!$P$1:$BR$1,qualdata!$P$2:$BR$17,"")),qualdata!$M$2:$M$17,qualdata!$O$2:$O$17,"")} | DK81: {=xlookup($Y82,qualdata!$N$2:$N$17,xlookup("r4Ser",qualdata!$P$1:$BR$1,qualdata!$P$2:$BR$17,""))} | DM81: {=xlookup(xlookup($Y82,qualdata!$N$2:$N$17,xlookup("r4op",qualdata!$P$1:$BR$1,qualdata!$P$2:$BR$17,"")),qualdata!$M$2:$M$17,qualdata!$O$2:$O$17,"")} | DT81: {=xlookup($Y82,qualdata!$N$2:$N$17,xlookup("r5Ser",qualdata!$P$1:$BR$1,qualdata!$P$2:$BR$17,""))} | DV81: {=xlookup(xlookup($Y82,qualdata!$N$2:$N$17,xlookup("r5op",qualdata!$P$1:$BR$1,qualdata!$P$2:$BR$17,"")),qualdata!$M$2:$M$17,qualdata!$O$2:$O$17,"")}
R82: {=xlookup(Y82,qualdata!$N$2:$N$17,qualdata!$O$2:$O$17,"")} | Y82: {=xlookup(Q81,qualdata!$G$24:$G$39,qualdata!$A$24:$A$39,"")} -> Team 10 (Group 1) | BC82: {=xlookup(Y82,qualdata!$A$24:$A$39,qualdata!$B$24:$B$39,"")} -> 0-0 | BL82: {=xlookup(Y82,qualdata!$A$24:$A$39,qualdata!$C$24:$C$39,"")} -> 0-0 | BU82: {=xlookup(Y82,qualdata!$A$24:$A$39,qualdata!$D$24:$D$39,"")} -> 0-0 | CD82: {=xlookup(Y82,qualdata!$A$24:$A$39,qualdata!$F$24:$F$39,"")} -> 0
CJ86: {=xlookup($Y82,qualdata!$N$2:$N$17,xlookup("r1gw",qualdata!$P$1:$BR$1,qualdata!$P$2:$BR$17))&"-"&xlookup($Y82,qualdata!$N$2:$N$17,xlookup("r1gl",qualdata!$P$1:$BR$1,qualdata!$P$2:$BR$17))} -> - | CO86: {=if(xlookup($Y82,qualdata!$N$2:$N$17,xlookup("r1rd",qualdata!$P$1:$BR$1,qualdata!$P$2:$BR$17))>0,"+"&xlookup($Y82,qualdata!$N$2:$N$17,xlookup("r1rd",qualdata!$P$1:$BR$1,qualdata!$P$2:$BR$17)),xlookup($Y82,qualdata!$N$2:$N$17,xlookup("r1rd",qualdata!$P$1:$BR$1,qualdata!$P$2:$BR$17)))} -> 0 | CS86: {=xlookup($Y82,qualdata!$N$2:$N$17,xlookup("r2gw",qualdata!$P$1:$BR$1,qualdata!$P$2:$BR$17))&"-"&xlookup($Y82,qualdata!$N$2:$N$17,xlookup("r2gl",qualdata!$P$1:$BR$1,qualdata!$P$2:$BR$17))} -> - | CX86: {=if(xlookup($Y82,qualdata!$N$2:$N$17,xlookup("r2rd",qualdata!$P$1:$BR$1,qualdata!$P$2:$BR$17))>0,"+"&xlookup($Y82,qualdata!$N$2:$N$17,xlookup("r2rd",qualdata!$P$1:$BR$1,qualdata!$P$2:$BR$17)),xlookup($Y82,qualdata!$N$2:$N$17,xlookup("r2rd",qualdata!$P$1:$BR$1,qualdata!$P$2:$BR$17)))} -> 0 | DB86: {=xlookup($Y82,qualdata!$N$2:$N$17,xlookup("r3gw",qualdata!$P$1:$BR$1,qualdata!$P$2:$BR$17))&"-"&xlookup($Y82,qualdata!$N$2:$N$17,xlookup("r3gl",qualdata!$P$1:$BR$1,qualdata!$P$2:$BR$17))} -> - | DG86: {=if(xlookup($Y82,qualdata!$N$2:$N$17,xlookup("r3rd",qualdata!$P$1:$BR$1,qualdata!$P$2:$BR$17))>0,"+"&xlookup($Y82,qualdata!$N$2:$N$17,xlookup("r3rd",qualdata!$P$1:$BR$1,qualdata!$P$2:$BR$17)),xlookup($Y82,qualdata!$N$2:$N$17,xlookup("r3rd",qualdata!$P$1:$BR$1,qualdata!$P$2:$BR$17)))} -> 0 | DK86: {=xlookup($Y82,qualdata!$N$2:$N$17,xlookup("r4gw",qualdata!$P$1:$BR$1,qualdata!$P$2:$BR$17))&"-"&xlookup($Y82,qualdata!$N$2:$N$17,xlookup("r4gl",qualdata!$P$1:$BR$1,qualdata!$P$2:$BR$17))} -> - | DP86: {=if(xlookup($Y82,qualdata!$N$2:$N$17,xlookup("r4rd",qualdata!$P$1:$BR$1,qualdata!$P$2:$BR$17))>0,"+"&xlookup($Y82,qualdata!$N$2:$N$17,xlookup("r4rd",qualdata!$P$1:$BR$1,qualdata!$P$2:$BR$17)),xlookup($Y82,qualdata!$N$2:$N$17,xlookup("r4rd",qualdata!$P$1:$BR$1,qualdata!$P$2:$BR$17)))} -> 0 | DT86: {=xlookup($Y82,qualdata!$N$2:$N$17,xlookup("r5gw",qualdata!$P$1:$BR$1,qualdata!$P$2:$BR$17))&"-"&xlookup($Y82,qualdata!$N$2:$N$17,xlookup("r5gl",qualdata!$P$1:$BR$1,qualdata!$P$2:$BR$17))} -> - | DY86: {=if(xlookup($Y82,qualdata!$N$2:$N$17,xlookup("r5rd",qualdata!$P$1:$BR$1,qualdata!$P$2:$BR$17))>0,"+"&xlookup($Y82,qualdata!$N$2:$N$17,xlookup("r5rd",qualdata!$P$1:$BR$1,qualdata!$P$2:$BR$17)),xlookup($Y82,qualdata!$N$2:$N$17,xlookup("r5rd",qualdata!$P$1:$BR$1,qualdata!$P$2:$BR$17)))} -> 0
M89: =Q89&"." -> 11. | Q89: 11 | CJ89: {=xlookup($Y90,qualdata!$N$2:$N$17,xlookup("r1Ser",qualdata!$P$1:$BR$1,qualdata!$P$2:$BR$17,""))} | CL89: {=xlookup(xlookup($Y90,qualdata!$N$2:$N$17,xlookup("r1op",qualdata!$P$1:$BR$1,qualdata!$P$2:$BR$17,"")),qualdata!$M$2:$M$17,qualdata!$O$2:$O$17,"")} | CS89: {=xlookup($Y90,qualdata!$N$2:$N$17,xlookup("r2Ser",qualdata!$P$1:$BR$1,qualdata!$P$2:$BR$17,""))} | CU89: {=xlookup(xlookup($Y90,qualdata!$N$2:$N$17,xlookup("r2op",qualdata!$P$1:$BR$1,qualdata!$P$2:$BR$17,"")),qualdata!$M$2:$M$17,qualdata!$O$2:$O$17,"")} | DB89: {=xlookup($Y90,qualdata!$N$2:$N$17,xlookup("r3Ser",qualdata!$P$1:$BR$1,qualdata!$P$2:$BR$17,""))} | DD89: {=xlookup(xlookup($Y90,qualdata!$N$2:$N$17,xlookup("r3op",qualdata!$P$1:$BR$1,qualdata!$P$2:$BR$17,"")),qualdata!$M$2:$M$17,qualdata!$O$2:$O$17,"")} | DK89: {=xlookup($Y90,qualdata!$N$2:$N$17,xlookup("r4Ser",qualdata!$P$1:$BR$1,qualdata!$P$2:$BR$17,""))} | DM89: {=xlookup(xlookup($Y90,qualdata!$N$2:$N$17,xlookup("r4op",qualdata!$P$1:$BR$1,qualdata!$P$2:$BR$17,"")),qualdata!$M$2:$M$17,qualdata!$O$2:$O$17,"")} | DT89: {=xlookup($Y90,qualdata!$N$2:$N$17,xlookup("r5Ser",qualdata!$P$1:$BR$1,qualdata!$P$2:$BR$17,""))} | DV89: {=xlookup(xlookup($Y90,qualdata!$N$2:$N$17,xlookup("r5op",qualdata!$P$1:$BR$1,qualdata!$P$2:$BR$17,"")),qualdata!$M$2:$M$17,qualdata!$O$2:$O$17,"")}
R90: {=xlookup(Y90,qualdata!$N$2:$N$17,qualdata!$O$2:$O$17,"")} | Y90: {=xlookup(Q89,qualdata!$G$24:$G$39,qualdata!$A$24:$A$39,"")} -> Team 11 (Group 1) | BC90: {=xlookup(Y90,qualdata!$A$24:$A$39,qualdata!$B$24:$B$39,"")} -> 0-0 | BL90: {=xlookup(Y90,qualdata!$A$24:$A$39,qualdata!$C$24:$C$39,"")} -> 0-0 | BU90: {=xlookup(Y90,qualdata!$A$24:$A$39,qualdata!$D$24:$D$39,"")} -> 0-0 | CD90: {=xlookup(Y90,qualdata!$A$24:$A$39,qualdata!$F$24:$F$39,"")} -> 0
CJ94: {=xlookup($Y90,qualdata!$N$2:$N$17,xlookup("r1gw",qualdata!$P$1:$BR$1,qualdata!$P$2:$BR$17))&"-"&xlookup($Y90,qualdata!$N$2:$N$17,xlookup("r1gl",qualdata!$P$1:$BR$1,qualdata!$P$2:$BR$17))} -> - | CO94: {=if(xlookup($Y90,qualdata!$N$2:$N$17,xlookup("r1rd",qualdata!$P$1:$BR$1,qualdata!$P$2:$BR$17))>0,"+"&xlookup($Y90,qualdata!$N$2:$N$17,xlookup("r1rd",qualdata!$P$1:$BR$1,qualdata!$P$2:$BR$17)),xlookup($Y90,qualdata!$N$2:$N$17,xlookup("r1rd",qualdata!$P$1:$BR$1,qualdata!$P$2:$BR$17)))} -> 0 | CS94: {=xlookup($Y90,qualdata!$N$2:$N$17,xlookup("r2gw",qualdata!$P$1:$BR$1,qualdata!$P$2:$BR$17))&"-"&xlookup($Y90,qualdata!$N$2:$N$17,xlookup("r2gl",qualdata!$P$1:$BR$1,qualdata!$P$2:$BR$17))} -> - | CX94: {=if(xlookup($Y90,qualdata!$N$2:$N$17,xlookup("r2rd",qualdata!$P$1:$BR$1,qualdata!$P$2:$BR$17))>0,"+"&xlookup($Y90,qualdata!$N$2:$N$17,xlookup("r2rd",qualdata!$P$1:$BR$1,qualdata!$P$2:$BR$17)),xlookup($Y90,qualdata!$N$2:$N$17,xlookup("r2rd",qualdata!$P$1:$BR$1,qualdata!$P$2:$BR$17)))} -> 0 | DB94: {=xlookup($Y90,qualdata!$N$2:$N$17,xlookup("r3gw",qualdata!$P$1:$BR$1,qualdata!$P$2:$BR$17))&"-"&xlookup($Y90,qualdata!$N$2:$N$17,xlookup("r3gl",qualdata!$P$1:$BR$1,qualdata!$P$2:$BR$17))} -> - | DG94: {=if(xlookup($Y90,qualdata!$N$2:$N$17,xlookup("r3rd",qualdata!$P$1:$BR$1,qualdata!$P$2:$BR$17))>0,"+"&xlookup($Y90,qualdata!$N$2:$N$17,xlookup("r3rd",qualdata!$P$1:$BR$1,qualdata!$P$2:$BR$17)),xlookup($Y90,qualdata!$N$2:$N$17,xlookup("r3rd",qualdata!$P$1:$BR$1,qualdata!$P$2:$BR$17)))} -> 0 | DK94: {=xlookup($Y90,qualdata!$N$2:$N$17,xlookup("r4gw",qualdata!$P$1:$BR$1,qualdata!$P$2:$BR$17))&"-"&xlookup($Y90,qualdata!$N$2:$N$17,xlookup("r4gl",qualdata!$P$1:$BR$1,qualdata!$P$2:$BR$17))} -> - | DP94: {=if(xlookup($Y90,qualdata!$N$2:$N$17,xlookup("r4rd",qualdata!$P$1:$BR$1,qualdata!$P$2:$BR$17))>0,"+"&xlookup($Y90,qualdata!$N$2:$N$17,xlookup("r4rd",qualdata!$P$1:$BR$1,qualdata!$P$2:$BR$17)),xlookup($Y90,qualdata!$N$2:$N$17,xlookup("r4rd",qualdata!$P$1:$BR$1,qualdata!$P$2:$BR$17)))} -> 0 | DT94: {=xlookup($Y90,qualdata!$N$2:$N$17,xlookup("r5gw",qualdata!$P$1:$BR$1,qualdata!$P$2:$BR$17))&"-"&xlookup($Y90,qualdata!$N$2:$N$17,xlookup("r5gl",qualdata!$P$1:$BR$1,qualdata!$P$2:$BR$17))} -> - | DY94: {=if(xlookup($Y90,qualdata!$N$2:$N$17,xlookup("r5rd",qualdata!$P$1:$BR$1,qualdata!$P$2:$BR$17))>0,"+"&xlookup($Y90,qualdata!$N$2:$N$17,xlookup("r5rd",qualdata!$P$1:$BR$1,qualdata!$P$2:$BR$17)),xlookup($Y90,qualdata!$N$2:$N$17,xlookup("r5rd",qualdata!$P$1:$BR$1,qualdata!$P$2:$BR$17)))} -> 0
M97: =Q97&"." -> 12. | Q97: 12 | CJ97: {=xlookup($Y98,qualdata!$N$2:$N$17,xlookup("r1Ser",qualdata!$P$1:$BR$1,qualdata!$P$2:$BR$17,""))} | CL97: {=xlookup(xlookup($Y98,qualdata!$N$2:$N$17,xlookup("r1op",qualdata!$P$1:$BR$1,qualdata!$P$2:$BR$17,"")),qualdata!$M$2:$M$17,qualdata!$O$2:$O$17,"")} | CS97: {=xlookup($Y98,qualdata!$N$2:$N$17,xlookup("r2Ser",qualdata!$P$1:$BR$1,qualdata!$P$2:$BR$17,""))} | CU97: {=xlookup(xlookup($Y98,qualdata!$N$2:$N$17,xlookup("r2op",qualdata!$P$1:$BR$1,qualdata!$P$2:$BR$17,"")),qualdata!$M$2:$M$17,qualdata!$O$2:$O$17,"")} | DB97: {=xlookup($Y98,qualdata!$N$2:$N$17,xlookup("r3Ser",qualdata!$P$1:$BR$1,qualdata!$P$2:$BR$17,""))} | DD97: {=xlookup(xlookup($Y98,qualdata!$N$2:$N$17,xlookup("r3op",qualdata!$P$1:$BR$1,qualdata!$P$2:$BR$17,"")),qualdata!$M$2:$M$17,qualdata!$O$2:$O$17,"")} | DK97: {=xlookup($Y98,qualdata!$N$2:$N$17,xlookup("r4Ser",qualdata!$P$1:$BR$1,qualdata!$P$2:$BR$17,""))} | DM97: {=xlookup(xlookup($Y98,qualdata!$N$2:$N$17,xlookup("r4op",qualdata!$P$1:$BR$1,qualdata!$P$2:$BR$17,"")),qualdata!$M$2:$M$17,qualdata!$O$2:$O$17,"")} | DT97: {=xlookup($Y98,qualdata!$N$2:$N$17,xlookup("r5Ser",qualdata!$P$1:$BR$1,qualdata!$P$2:$BR$17,""))} | DV97: {=xlookup(xlookup($Y98,qualdata!$N$2:$N$17,xlookup("r5op",qualdata!$P$1:$BR$1,qualdata!$P$2:$BR$17,"")),qualdata!$M$2:$M$17,qualdata!$O$2:$O$17,"")}
R98: {=xlookup(Y98,qualdata!$N$2:$N$17,qualdata!$O$2:$O$17,"")} | Y98: {=xlookup(Q97,qualdata!$G$24:$G$39,qualdata!$A$24:$A$39,"")} -> Team 12 (Group 1) | BC98: {=xlookup(Y98,qualdata!$A$24:$A$39,qualdata!$B$24:$B$39,"")} -> 0-0 | BL98: {=xlookup(Y98,qualdata!$A$24:$A$39,qualdata!$C$24:$C$39,"")} -> 0-0 | BU98: {=xlookup(Y98,qualdata!$A$24:$A$39,qualdata!$D$24:$D$39,"")} -> 0-0 | CD98: {=xlookup(Y98,qualdata!$A$24:$A$39,qualdata!$F$24:$F$39,"")} -> 0
CJ102: {=xlookup($Y98,qualdata!$N$2:$N$17,xlookup("r1gw",qualdata!$P$1:$BR$1,qualdata!$P$2:$BR$17))&"-"&xlookup($Y98,qualdata!$N$2:$N$17,xlookup("r1gl",qualdata!$P$1:$BR$1,qualdata!$P$2:$BR$17))} -> - | CO102: {=if(xlookup($Y98,qualdata!$N$2:$N$17,xlookup("r1rd",qualdata!$P$1:$BR$1,qualdata!$P$2:$BR$17))>0,"+"&xlookup($Y98,qualdata!$N$2:$N$17,xlookup("r1rd",qualdata!$P$1:$BR$1,qualdata!$P$2:$BR$17)),xlookup($Y98,qualdata!$N$2:$N$17,xlookup("r1rd",qualdata!$P$1:$BR$1,qualdata!$P$2:$BR$17)))} -> 0 | CS102: {=xlookup($Y98,qualdata!$N$2:$N$17,xlookup("r2gw",qualdata!$P$1:$BR$1,qualdata!$P$2:$BR$17))&"-"&xlookup($Y98,qualdata!$N$2:$N$17,xlookup("r2gl",qualdata!$P$1:$BR$1,qualdata!$P$2:$BR$17))} -> - | CX102: {=if(xlookup($Y98,qualdata!$N$2:$N$17,xlookup("r2rd",qualdata!$P$1:$BR$1,qualdata!$P$2:$BR$17))>0,"+"&xlookup($Y98,qualdata!$N$2:$N$17,xlookup("r2rd",qualdata!$P$1:$BR$1,qualdata!$P$2:$BR$17)),xlookup($Y98,qualdata!$N$2:$N$17,xlookup("r2rd",qualdata!$P$1:$BR$1,qualdata!$P$2:$BR$17)))} -> 0 | DB102: {=xlookup($Y98,qualdata!$N$2:$N$17,xlookup("r3gw",qualdata!$P$1:$BR$1,qualdata!$P$2:$BR$17))&"-"&xlookup($Y98,qualdata!$N$2:$N$17,xlookup("r3gl",qualdata!$P$1:$BR$1,qualdata!$P$2:$BR$17))} -> - | DG102: {=if(xlookup($Y98,qualdata!$N$2:$N$17,xlookup("r3rd",qualdata!$P$1:$BR$1,qualdata!$P$2:$BR$17))>0,"+"&xlookup($Y98,qualdata!$N$2:$N$17,xlookup("r3rd",qualdata!$P$1:$BR$1,qualdata!$P$2:$BR$17)),xlookup($Y98,qualdata!$N$2:$N$17,xlookup("r3rd",qualdata!$P$1:$BR$1,qualdata!$P$2:$BR$17)))} -> 0 | DK102: {=xlookup($Y98,qualdata!$N$2:$N$17,xlookup("r4gw",qualdata!$P$1:$BR$1,qualdata!$P$2:$BR$17))&"-"&xlookup($Y98,qualdata!$N$2:$N$17,xlookup("r4gl",qualdata!$P$1:$BR$1,qualdata!$P$2:$BR$17))} -> - | DP102: {=if(xlookup($Y98,qualdata!$N$2:$N$17,xlookup("r4rd",qualdata!$P$1:$BR$1,qualdata!$P$2:$BR$17))>0,"+"&xlookup($Y98,qualdata!$N$2:$N$17,xlookup("r4rd",qualdata!$P$1:$BR$1,qualdata!$P$2:$BR$17)),xlookup($Y98,qualdata!$N$2:$N$17,xlookup("r4rd",qualdata!$P$1:$BR$1,qualdata!$P$2:$BR$17)))} -> 0
M105: =Q105&"." -> 13. | Q105: 13 | CJ105: {=xlookup($Y106,qualdata!$N$2:$N$17,xlookup("r1Ser",qualdata!$P$1:$BR$1,qualdata!$P$2:$BR$17,""))} | CL105: {=xlookup(xlookup($Y106,qualdata!$N$2:$N$17,xlookup("r1op",qualdata!$P$1:$BR$1,qualdata!$P$2:$BR$17,"")),qualdata!$M$2:$M$17,qualdata!$O$2:$O$17,"")} | CS105: {=xlookup($Y106,qualdata!$N$2:$N$17,xlookup("r2Ser",qualdata!$P$1:$BR$1,qualdata!$P$2:$BR$17,""))} | CU105: {=xlookup(xlookup($Y106,qualdata!$N$2:$N$17,xlookup("r2op",qualdata!$P$1:$BR$1,qualdata!$P$2:$BR$17,"")),qualdata!$M$2:$M$17,qualdata!$O$2:$O$17,"")} | DB105: {=xlookup($Y106,qualdata!$N$2:$N$17,xlookup("r3Ser",qualdata!$P$1:$BR$1,qualdata!$P$2:$BR$17,""))} | DD105: {=xlookup(xlookup($Y106,qualdata!$N$2:$N$17,xlookup("r3op",qualdata!$P$1:$BR$1,qualdata!$P$2:$BR$17,"")),qualdata!$M$2:$M$17,qualdata!$O$2:$O$17,"")} | DK105: {=xlookup($Y106,qualdata!$N$2:$N$17,xlookup("r4Ser",qualdata!$P$1:$BR$1,qualdata!$P$2:$BR$17,""))} | DM105: {=xlookup(xlookup($Y106,qualdata!$N$2:$N$17,xlookup("r4op",qualdata!$P$1:$BR$1,qualdata!$P$2:$BR$17,"")),qualdata!$M$2:$M$17,qualdata!$O$2:$O$17,"")} | DT105: {=xlookup($Y106,qualdata!$N$2:$N$17,xlookup("r5Ser",qualdata!$P$1:$BR$1,qualdata!$P$2:$BR$17,""))} | DV105: {=xlookup(xlookup($Y106,qualdata!$N$2:$N$17,xlookup("r5op",qualdata!$P$1:$BR$1,qualdata!$P$2:$BR$17,"")),qualdata!$M$2:$M$17,qualdata!$O$2:$O$17,"")}
R106: {=xlookup(Y106,qualdata!$N$2:$N$17,qualdata!$O$2:$O$17,"")} | Y106: {=xlookup(Q105,qualdata!$G$24:$G$39,qualdata!$A$24:$A$39,"")} -> Team 13 (Group 1) | BC106: {=xlookup(Y106,qualdata!$A$24:$A$39,qualdata!$B$24:$B$39,"")} -> 0-0 | BL106: {=xlookup(Y106,qualdata!$A$24:$A$39,qualdata!$C$24:$C$39,"")} -> 0-0 | BU106: {=xlookup(Y106,qualdata!$A$24:$A$39,qualdata!$D$24:$D$39,"")} -> 0-0 | CD106: {=xlookup(Y106,qualdata!$A$24:$A$39,qualdata!$F$24:$F$39,"")} -> 0
CJ110: {=xlookup($Y106,qualdata!$N$2:$N$17,xlookup("r1gw",qualdata!$P$1:$BR$1,qualdata!$P$2:$BR$17))&"-"&xlookup($Y106,qualdata!$N$2:$N$17,xlookup("r1gl",qualdata!$P$1:$BR$1,qualdata!$P$2:$BR$17))} -> - | CO110: {=if(xlookup($Y106,qualdata!$N$2:$N$17,xlookup("r1rd",qualdata!$P$1:$BR$1,qualdata!$P$2:$BR$17))>0,"+"&xlookup($Y106,qualdata!$N$2:$N$17,xlookup("r1rd",qualdata!$P$1:$BR$1,qualdata!$P$2:$BR$17)),xlookup($Y106,qualdata!$N$2:$N$17,xlookup("r1rd",qualdata!$P$1:$BR$1,qualdata!$P$2:$BR$17)))} -> 0 | CS110: {=xlookup($Y106,qualdata!$N$2:$N$17,xlookup("r2gw",qualdata!$P$1:$BR$1,qualdata!$P$2:$BR$17))&"-"&xlookup($Y106,qualdata!$N$2:$N$17,xlookup("r2gl",qualdata!$P$1:$BR$1,qualdata!$P$2:$BR$17))} -> - | CX110: {=if(xlookup($Y106,qualdata!$N$2:$N$17,xlookup("r2rd",qualdata!$P$1:$BR$1,qualdata!$P$2:$BR$17))>0,"+"&xlookup($Y106,qualdata!$N$2:$N$17,xlookup("r2rd",qualdata!$P$1:$BR$1,qualdata!$P$2:$BR$17)),xlookup($Y106,qualdata!$N$2:$N$17,xlookup("r2rd",qualdata!$P$1:$BR$1,qualdata!$P$2:$BR$17)))} -> 0 | DB110: {=xlookup($Y106,qualdata!$N$2:$N$17,xlookup("r3gw",qualdata!$P$1:$BR$1,qualdata!$P$2:$BR$17))&"-"&xlookup($Y106,qualdata!$N$2:$N$17,xlookup("r3gl",qualdata!$P$1:$BR$1,qualdata!$P$2:$BR$17))} -> - | DG110: {=if(xlookup($Y106,qualdata!$N$2:$N$17,xlookup("r3rd",qualdata!$P$1:$BR$1,qualdata!$P$2:$BR$17))>0,"+"&xlookup($Y106,qualdata!$N$2:$N$17,xlookup("r3rd",qualdata!$P$1:$BR$1,qualdata!$P$2:$BR$17)),xlookup($Y106,qualdata!$N$2:$N$17,xlookup("r3rd",qualdata!$P$1:$BR$1,qualdata!$P$2:$BR$17)))} -> 0 | DK110: {=xlookup($Y106,qualdata!$N$2:$N$17,xlookup("r4gw",qualdata!$P$1:$BR$1,qualdata!$P$2:$BR$17))&"-"&xlookup($Y106,qualdata!$N$2:$N$17,xlookup("r4gl",qualdata!$P$1:$BR$1,qualdata!$P$2:$BR$17))} -> - | DP110: {=if(xlookup($Y106,qualdata!$N$2:$N$17,xlookup("r4rd",qualdata!$P$1:$BR$1,qualdata!$P$2:$BR$17))>0,"+"&xlookup($Y106,qualdata!$N$2:$N$17,xlookup("r4rd",qualdata!$P$1:$BR$1,qualdata!$P$2:$BR$17)),xlookup($Y106,qualdata!$N$2:$N$17,xlookup("r4rd",qualdata!$P$1:$BR$1,qualdata!$P$2:$BR$17)))} -> 0
M113: =Q113&"." -> 14. | Q113: 14 | CJ113: {=xlookup($Y114,qualdata!$N$2:$N$17,xlookup("r1Ser",qualdata!$P$1:$BR$1,qualdata!$P$2:$BR$17,""))} | CL113: {=xlookup(xlookup($Y114,qualdata!$N$2:$N$17,xlookup("r1op",qualdata!$P$1:$BR$1,qualdata!$P$2:$BR$17,"")),qualdata!$M$2:$M$17,qualdata!$O$2:$O$17,"")} | CS113: {=xlookup($Y114,qualdata!$N$2:$N$17,xlookup("r2Ser",qualdata!$P$1:$BR$1,qualdata!$P$2:$BR$17,""))} | CU113: {=xlookup(xlookup($Y114,qualdata!$N$2:$N$17,xlookup("r2op",qualdata!$P$1:$BR$1,qualdata!$P$2:$BR$17,"")),qualdata!$M$2:$M$17,qualdata!$O$2:$O$17,"")} | DB113: {=xlookup($Y114,qualdata!$N$2:$N$17,xlookup("r3Ser",qualdata!$P$1:$BR$1,qualdata!$P$2:$BR$17,""))} | DD113: {=xlookup(xlookup($Y114,qualdata!$N$2:$N$17,xlookup("r3op",qualdata!$P$1:$BR$1,qualdata!$P$2:$BR$17,"")),qualdata!$M$2:$M$17,qualdata!$O$2:$O$17,"")} | DK113: {=xlookup($Y114,qualdata!$N$2:$N$17,xlookup("r4Ser",qualdata!$P$1:$BR$1,qualdata!$P$2:$BR$17,""))} | DM113: {=xlookup(xlookup($Y114,qualdata!$N$2:$N$17,xlookup("r4op",qualdata!$P$1:$BR$1,qualdata!$P$2:$BR$17,"")),qualdata!$M$2:$M$17,qualdata!$O$2:$O$17,"")} | DT113: {=xlookup($Y114,qualdata!$N$2:$N$17,xlookup("r5Ser",qualdata!$P$1:$BR$1,qualdata!$P$2:$BR$17,""))} | DV113: {=xlookup(xlookup($Y114,qualdata!$N$2:$N$17,xlookup("r5op",qualdata!$P$1:$BR$1,qualdata!$P$2:$BR$17,"")),qualdata!$M$2:$M$17,qualdata!$O$2:$O$17,"")}
R114: {=xlookup(Y114,qualdata!$N$2:$N$17,qualdata!$O$2:$O$17,"")} | Y114: {=xlookup(Q113,qualdata!$G$24:$G$39,qualdata!$A$24:$A$39,"")} -> Team 14 (Group 1) | BC114: {=xlookup(Y114,qualdata!$A$24:$A$39,qualdata!$B$24:$B$39,"")} -> 0-0 | BL114: {=xlookup(Y114,qualdata!$A$24:$A$39,qualdata!$C$24:$C$39,"")} -> 0-0 | BU114: {=xlookup(Y114,qualdata!$A$24:$A$39,qualdata!$D$24:$D$39,"")} -> 0-0 | CD114: {=xlookup(Y114,qualdata!$A$24:$A$39,qualdata!$F$24:$F$39,"")} -> 0
CJ118: {=xlookup($Y114,qualdata!$N$2:$N$17,xlookup("r1gw",qualdata!$P$1:$BR$1,qualdata!$P$2:$BR$17))&"-"&xlookup($Y114,qualdata!$N$2:$N$17,xlookup("r1gl",qualdata!$P$1:$BR$1,qualdata!$P$2:$BR$17))} -> - | CO118: {=if(xlookup($Y114,qualdata!$N$2:$N$17,xlookup("r1rd",qualdata!$P$1:$BR$1,qualdata!$P$2:$BR$17))>0,"+"&xlookup($Y114,qualdata!$N$2:$N$17,xlookup("r1rd",qualdata!$P$1:$BR$1,qualdata!$P$2:$BR$17)),xlookup($Y114,qualdata!$N$2:$N$17,xlookup("r1rd",qualdata!$P$1:$BR$1,qualdata!$P$2:$BR$17)))} -> 0 | CS118: {=xlookup($Y114,qualdata!$N$2:$N$17,xlookup("r2gw",qualdata!$P$1:$BR$1,qualdata!$P$2:$BR$17))&"-"&xlookup($Y114,qualdata!$N$2:$N$17,xlookup("r2gl",qualdata!$P$1:$BR$1,qualdata!$P$2:$BR$17))} -> - | CX118: {=if(xlookup($Y114,qualdata!$N$2:$N$17,xlookup("r2rd",qualdata!$P$1:$BR$1,qualdata!$P$2:$BR$17))>0,"+"&xlookup($Y114,qualdata!$N$2:$N$17,xlookup("r2rd",qualdata!$P$1:$BR$1,qualdata!$P$2:$BR$17)),xlookup($Y114,qualdata!$N$2:$N$17,xlookup("r2rd",qualdata!$P$1:$BR$1,qualdata!$P$2:$BR$17)))} -> 0 | DB118: {=xlookup($Y114,qualdata!$N$2:$N$17,xlookup("r3gw",qualdata!$P$1:$BR$1,qualdata!$P$2:$BR$17))&"-"&xlookup($Y114,qualdata!$N$2:$N$17,xlookup("r3gl",qualdata!$P$1:$BR$1,qualdata!$P$2:$BR$17))} -> - | DG118: {=if(xlookup($Y114,qualdata!$N$2:$N$17,xlookup("r3rd",qualdata!$P$1:$BR$1,qualdata!$P$2:$BR$17))>0,"+"&xlookup($Y114,qualdata!$N$2:$N$17,xlookup("r3rd",qualdata!$P$1:$BR$1,qualdata!$P$2:$BR$17)),xlookup($Y114,qualdata!$N$2:$N$17,xlookup("r3rd",qualdata!$P$1:$BR$1,qualdata!$P$2:$BR$17)))} -> 0 | DK118: {=xlookup($Y114,qualdata!$N$2:$N$17,xlookup("r4gw",qualdata!$P$1:$BR$1,qualdata!$P$2:$BR$17))&"-"&xlookup($Y114,qualdata!$N$2:$N$17,xlookup("r4gl",qualdata!$P$1:$BR$1,qualdata!$P$2:$BR$17))} -> - | DP118: {=if(xlookup($Y114,qualdata!$N$2:$N$17,xlookup("r4rd",qualdata!$P$1:$BR$1,qualdata!$P$2:$BR$17))>0,"+"&xlookup($Y114,qualdata!$N$2:$N$17,xlookup("r4rd",qualdata!$P$1:$BR$1,qualdata!$P$2:$BR$17)),xlookup($Y114,qualdata!$N$2:$N$17,xlookup("r4rd",qualdata!$P$1:$BR$1,qualdata!$P$2:$BR$17)))} -> 0
M121: =Q121&"." -> 15. | Q121: 15 | CJ121: {=xlookup($Y122,qualdata!$N$2:$N$17,xlookup("r1Ser",qualdata!$P$1:$BR$1,qualdata!$P$2:$BR$17,""))} | CL121: {=xlookup(xlookup($Y122,qualdata!$N$2:$N$17,xlookup("r1op",qualdata!$P$1:$BR$1,qualdata!$P$2:$BR$17,"")),qualdata!$M$2:$M$17,qualdata!$O$2:$O$17,"")} | CS121: {=xlookup($Y122,qualdata!$N$2:$N$17,xlookup("r2Ser",qualdata!$P$1:$BR$1,qualdata!$P$2:$BR$17,""))} | CU121: {=xlookup(xlookup($Y122,qualdata!$N$2:$N$17,xlookup("r2op",qualdata!$P$1:$BR$1,qualdata!$P$2:$BR$17,"")),qualdata!$M$2:$M$17,qualdata!$O$2:$O$17,"")} | DB121: {=xlookup($Y122,qualdata!$N$2:$N$17,xlookup("r3Ser",qualdata!$P$1:$BR$1,qualdata!$P$2:$BR$17,""))} | DD121: {=xlookup(xlookup($Y122,qualdata!$N$2:$N$17,xlookup("r3op",qualdata!$P$1:$BR$1,qualdata!$P$2:$BR$17,"")),qualdata!$M$2:$M$17,qualdata!$O$2:$O$17,"")} | DK121: {=xlookup($Y122,qualdata!$N$2:$N$17,xlookup("r4Ser",qualdata!$P$1:$BR$1,qualdata!$P$2:$BR$17,""))} | DM121: {=xlookup(xlookup($Y122,qualdata!$N$2:$N$17,xlookup("r4op",qualdata!$P$1:$BR$1,qualdata!$P$2:$BR$17,"")),qualdata!$M$2:$M$17,qualdata!$O$2:$O$17,"")} | DT121: {=xlookup($Y122,qualdata!$N$2:$N$17,xlookup("r5Ser",qualdata!$P$1:$BR$1,qualdata!$P$2:$BR$17,""))} | DV121: {=xlookup(xlookup($Y122,qualdata!$N$2:$N$17,xlookup("r5op",qualdata!$P$1:$BR$1,qualdata!$P$2:$BR$17,"")),qualdata!$M$2:$M$17,qualdata!$O$2:$O$17,"")}
R122: {=xlookup(Y122,qualdata!$N$2:$N$17,qualdata!$O$2:$O$17,"")} | Y122: {=xlookup(Q121,qualdata!$G$24:$G$39,qualdata!$A$24:$A$39,"")} -> Team 15 (Group 1) | BC122: {=xlookup(Y122,qualdata!$A$24:$A$39,qualdata!$B$24:$B$39,"")} -> 0-0 | BL122: {=xlookup(Y122,qualdata!$A$24:$A$39,qualdata!$C$24:$C$39,"")} -> 0-0 | BU122: {=xlookup(Y122,qualdata!$A$24:$A$39,qualdata!$D$24:$D$39,"")} -> 0-0 | CD122: {=xlookup(Y122,qualdata!$A$24:$A$39,qualdata!$F$24:$F$39,"")} -> 0
CJ126: {=xlookup($Y122,qualdata!$N$2:$N$17,xlookup("r1gw",qualdata!$P$1:$BR$1,qualdata!$P$2:$BR$17))&"-"&xlookup($Y122,qualdata!$N$2:$N$17,xlookup("r1gl",qualdata!$P$1:$BR$1,qualdata!$P$2:$BR$17))} -> - | CO126: {=if(xlookup($Y122,qualdata!$N$2:$N$17,xlookup("r1rd",qualdata!$P$1:$BR$1,qualdata!$P$2:$BR$17))>0,"+"&xlookup($Y122,qualdata!$N$2:$N$17,xlookup("r1rd",qualdata!$P$1:$BR$1,qualdata!$P$2:$BR$17)),xlookup($Y122,qualdata!$N$2:$N$17,xlookup("r1rd",qualdata!$P$1:$BR$1,qualdata!$P$2:$BR$17)))} -> 0 | CS126: {=xlookup($Y122,qualdata!$N$2:$N$17,xlookup("r2gw",qualdata!$P$1:$BR$1,qualdata!$P$2:$BR$17))&"-"&xlookup($Y122,qualdata!$N$2:$N$17,xlookup("r2gl",qualdata!$P$1:$BR$1,qualdata!$P$2:$BR$17))} -> - | CX126: {=if(xlookup($Y122,qualdata!$N$2:$N$17,xlookup("r2rd",qualdata!$P$1:$BR$1,qualdata!$P$2:$BR$17))>0,"+"&xlookup($Y122,qualdata!$N$2:$N$17,xlookup("r2rd",qualdata!$P$1:$BR$1,qualdata!$P$2:$BR$17)),xlookup($Y122,qualdata!$N$2:$N$17,xlookup("r2rd",qualdata!$P$1:$BR$1,qualdata!$P$2:$BR$17)))} -> 0 | DB126: {=xlookup($Y122,qualdata!$N$2:$N$17,xlookup("r3gw",qualdata!$P$1:$BR$1,qualdata!$P$2:$BR$17))&"-"&xlookup($Y122,qualdata!$N$2:$N$17,xlookup("r3gl",qualdata!$P$1:$BR$1,qualdata!$P$2:$BR$17))} -> - | DG126: {=if(xlookup($Y122,qualdata!$N$2:$N$17,xlookup("r3rd",qualdata!$P$1:$BR$1,qualdata!$P$2:$BR$17))>0,"+"&xlookup($Y122,qualdata!$N$2:$N$17,xlookup("r3rd",qualdata!$P$1:$BR$1,qualdata!$P$2:$BR$17)),xlookup($Y122,qualdata!$N$2:$N$17,xlookup("r3rd",qualdata!$P$1:$BR$1,qualdata!$P$2:$BR$17)))} -> 0
M129: =Q129&"." -> 16. | Q129: 16 | CJ129: {=xlookup($Y130,qualdata!$N$2:$N$17,xlookup("r1Ser",qualdata!$P$1:$BR$1,qualdata!$P$2:$BR$17,""))} | CL129: {=xlookup(xlookup($Y130,qualdata!$N$2:$N$17,xlookup("r1op",qualdata!$P$1:$BR$1,qualdata!$P$2:$BR$17,"")),qualdata!$M$2:$M$17,qualdata!$O$2:$O$17,"")} | CS129: {=xlookup($Y130,qualdata!$N$2:$N$17,xlookup("r2Ser",qualdata!$P$1:$BR$1,qualdata!$P$2:$BR$17,""))} | CU129: {=xlookup(xlookup($Y130,qualdata!$N$2:$N$17,xlookup("r2op",qualdata!$P$1:$BR$1,qualdata!$P$2:$BR$17,"")),qualdata!$M$2:$M$17,qualdata!$O$2:$O$17,"")} | DB129: {=xlookup($Y130,qualdata!$N$2:$N$17,xlookup("r3Ser",qualdata!$P$1:$BR$1,qualdata!$P$2:$BR$17,""))} | DD129: {=xlookup(xlookup($Y130,qualdata!$N$2:$N$17,xlookup("r3op",qualdata!$P$1:$BR$1,qualdata!$P$2:$BR$17,"")),qualdata!$M$2:$M$17,qualdata!$O$2:$O$17,"")} | DK129: {=xlookup($Y130,qualdata!$N$2:$N$17,xlookup("r4Ser",qualdata!$P$1:$BR$1,qualdata!$P$2:$BR$17,""))} | DM129: {=xlookup(xlookup($Y130,qualdata!$N$2:$N$17,xlookup("r4op",qualdata!$P$1:$BR$1,qualdata!$P$2:$BR$17,"")),qualdata!$M$2:$M$17,qualdata!$O$2:$O$17,"")} | DT129: {=xlookup($Y130,qualdata!$N$2:$N$17,xlookup("r5Ser",qualdata!$P$1:$BR$1,qualdata!$P$2:$BR$17,""))} | DV129: {=xlookup(xlookup($Y130,qualdata!$N$2:$N$17,xlookup("r5op",qualdata!$P$1:$BR$1,qualdata!$P$2:$BR$17,"")),qualdata!$M$2:$M$17,qualdata!$O$2:$O$17,"")}
R130: {=xlookup(Y130,qualdata!$N$2:$N$17,qualdata!$O$2:$O$17,"")} | Y130: {=xlookup(Q129,qualdata!$G$24:$G$39,qualdata!$A$24:$A$39,"")} -> Team 16 (Group 1) | BC130: {=xlookup(Y130,qualdata!$A$24:$A$39,qualdata!$B$24:$B$39,"")} -> 0-0 | BL130: {=xlookup(Y130,qualdata!$A$24:$A$39,qualdata!$C$24:$C$39,"")} -> 0-0 | BU130: {=xlookup(Y130,qualdata!$A$24:$A$39,qualdata!$D$24:$D$39,"")} -> 0-0 | CD130: {=xlookup(Y130,qualdata!$A$24:$A$39,qualdata!$F$24:$F$39,"")} -> 0
CJ134: {=xlookup($Y130,qualdata!$N$2:$N$17,xlookup("r1gw",qualdata!$P$1:$BR$1,qualdata!$P$2:$BR$17))&"-"&xlookup($Y130,qualdata!$N$2:$N$17,xlookup("r1gl",qualdata!$P$1:$BR$1,qualdata!$P$2:$BR$17))} -> - | CO134: {=if(xlookup($Y130,qualdata!$N$2:$N$17,xlookup("r1rd",qualdata!$P$1:$BR$1,qualdata!$P$2:$BR$17))>0,"+"&xlookup($Y130,qualdata!$N$2:$N$17,xlookup("r1rd",qualdata!$P$1:$BR$1,qualdata!$P$2:$BR$17)),xlookup($Y130,qualdata!$N$2:$N$17,xlookup("r1rd",qualdata!$P$1:$BR$1,qualdata!$P$2:$BR$17)))} -> 0 | CS134: {=xlookup($Y130,qualdata!$N$2:$N$17,xlookup("r2gw",qualdata!$P$1:$BR$1,qualdata!$P$2:$BR$17))&"-"&xlookup($Y130,qualdata!$N$2:$N$17,xlookup("r2gl",qualdata!$P$1:$BR$1,qualdata!$P$2:$BR$17))} -> - | CX134: {=if(xlookup($Y130,qualdata!$N$2:$N$17,xlookup("r2rd",qualdata!$P$1:$BR$1,qualdata!$P$2:$BR$17))>0,"+"&xlookup($Y130,qualdata!$N$2:$N$17,xlookup("r2rd",qualdata!$P$1:$BR$1,qualdata!$P$2:$BR$17)),xlookup($Y130,qualdata!$N$2:$N$17,xlookup("r2rd",qualdata!$P$1:$BR$1,qualdata!$P$2:$BR$17)))} -> 0 | DB134: {=xlookup($Y130,qualdata!$N$2:$N$17,xlookup("r3gw",qualdata!$P$1:$BR$1,qualdata!$P$2:$BR$17))&"-"&xlookup($Y130,qualdata!$N$2:$N$17,xlookup("r3gl",qualdata!$P$1:$BR$1,qualdata!$P$2:$BR$17))} -> - | DG134: {=if(xlookup($Y130,qualdata!$N$2:$N$17,xlookup("r3rd",qualdata!$P$1:$BR$1,qualdata!$P$2:$BR$17))>0,"+"&xlookup($Y130,qualdata!$N$2:$N$17,xlookup("r3rd",qualdata!$P$1:$BR$1,qualdata!$P$2:$BR$17)),xlookup($Y130,qualdata!$N$2:$N$17,xlookup("r3rd",qualdata!$P$1:$BR$1,qualdata!$P$2:$BR$17)))} -> 0
Q137: 17

Sheet Swiss Results
M2: # | R2: Participant | BC2: Matches | BL2: Games | BU2: Rounds | CD2: RD | CJ2: Round 1 | CS2: Round 2 | DB2: Round 3 | DK2: Round 4 | DT2: Round 5
M9: =Q9&"." -> 1. | Q9: 1 | CJ9: {=xlookup($Y10,data!$N$2:$N$17,xlookup("r1Ser",data!$P$1:$BR$1,data!$P$2:$BR$17,""))} | CL9: {=xlookup(xlookup($Y10,data!$N$2:$N$17,xlookup("r1op",data!$P$1:$BR$1,data!$P$2:$BR$17,"")),data!$M$2:$M$17,data!$O$2:$O$17,"")} | CS9: {=xlookup($Y10,data!$N$2:$N$17,xlookup("r2Ser",data!$P$1:$BR$1,data!$P$2:$BR$17,""))} | CU9: {=xlookup(xlookup($Y10,data!$N$2:$N$17,xlookup("r2op",data!$P$1:$BR$1,data!$P$2:$BR$17,"")),data!$M$2:$M$17,data!$O$2:$O$17,"")} | DB9: {=xlookup($Y10,data!$N$2:$N$17,xlookup("r3Ser",data!$P$1:$BR$1,data!$P$2:$BR$17,""))} | DD9: {=xlookup(xlookup($Y10,data!$N$2:$N$17,xlookup("r3op",data!$P$1:$BR$1,data!$P$2:$BR$17,"")),data!$M$2:$M$17,data!$O$2:$O$17,"")} | DK9: {=xlookup($Y10,data!$N$2:$N$17,xlookup("r4Ser",data!$P$1:$BR$1,data!$P$2:$BR$17,""))} | DM9: {=xlookup(xlookup($Y10,data!$N$2:$N$17,xlookup("r4op",data!$P$1:$BR$1,data!$P$2:$BR$17,"")),data!$M$2:$M$17,data!$O$2:$O$17,"")} | DT9: {=xlookup($Y10,data!$N$2:$N$17,xlookup("r5Ser",data!$P$1:$BR$1,data!$P$2:$BR$17,""))} | DV9: {=xlookup(xlookup($Y10,data!$N$2:$N$17,xlookup("r5op",data!$P$1:$BR$1,data!$P$2:$BR$17,"")),data!$M$2:$M$17,data!$O$2:$O$17,"")}
R10: {=xlookup(Y10,data!$N$2:$N$17,data!$O$2:$O$17,"")} | Y10: {=xlookup(Q9,data!$G$24:$G$39,data!$A$24:$A$39,"")} -> Team 1 (Group 2) | BC10: {=xlookup(Y10,data!$A$24:$A$39,data!$B$24:$B$39,"")} -> 0-0 | BL10: {=xlookup(Y10,data!$A$24:$A$39,data!$C$24:$C$39,"")} -> 0-0 | BU10: {=xlookup(Y10,data!$A$24:$A$39,data!$D$24:$D$39,"")} -> 0-0 | CD10: {=xlookup(Y10,data!$A$24:$A$39,data!$F$24:$F$39,"")} -> 0
CJ14: {=xlookup($Y10,teams,xlookup("r1gw",header,swissdata))&"-"&xlookup($Y10,teams,xlookup("r1gl",header,swissdata))} -> - | CO14: {=if(xlookup($Y10,teams,xlookup("r1rd",header,swissdata))>0,"+"&xlookup($Y10,teams,xlookup("r1rd",header,swissdata)),xlookup($Y10,teams,xlookup("r1rd",header,swissdata)))} -> 0 | CS14: {=xlookup($Y10,teams,xlookup("r2gw",header,swissdata))&"-"&xlookup($Y10,teams,xlookup("r2gl",header,swissdata))} -> - | CX14: {=if(xlookup($Y10,teams,xlookup("r2rd",header,swissdata))>0,"+"&xlookup($Y10,teams,xlookup("r2rd",header,swissdata)),xlookup($Y10,teams,xlookup("r2rd",header,swissdata)))} -> 0 | DB14: {=xlookup($Y10,teams,xlookup("r3gw",header,swissdata))&"-"&xlookup($Y10,teams,xlookup("r3gl",header,swissdata))} -> - | DG14: {=if(xlookup($Y10,teams,xlookup("r3rd",header,swissdata))>0,"+"&xlookup($Y10,teams,xlookup("r3rd",header,swissdata)),xlookup($Y10,teams,xlookup("r3rd",header,swissdata)))} -> 0
M17: =Q17&"." -> 2. | Q17: 2 | CJ17: {=xlookup($Y18,data!$N$2:$N$17,xlookup("r1Ser",data!$P$1:$BR$1,data!$P$2:$BR$17,""))} | CL17: {=xlookup(xlookup($Y18,data!$N$2:$N$17,xlookup("r1op",data!$P$1:$BR$1,data!$P$2:$BR$17,"")),data!$M$2:$M$17,data!$O$2:$O$17,"")} | CS17: {=xlookup($Y18,data!$N$2:$N$17,xlookup("r2Ser",data!$P$1:$BR$1,data!$P$2:$BR$17,""))} | CU17: {=xlookup(xlookup($Y18,data!$N$2:$N$17,xlookup("r2op",data!$P$1:$BR$1,data!$P$2:$BR$17,"")),data!$M$2:$M$17,data!$O$2:$O$17,"")} | DB17: {=xlookup($Y18,data!$N$2:$N$17,xlookup("r3Ser",data!$P$1:$BR$1,data!$P$2:$BR$17,""))} | DD17: {=xlookup(xlookup($Y18,data!$N$2:$N$17,xlookup("r3op",data!$P$1:$BR$1,data!$P$2:$BR$17,"")),data!$M$2:$M$17,data!$O$2:$O$17,"")} | DK17: {=xlookup($Y18,data!$N$2:$N$17,xlookup("r4Ser",data!$P$1:$BR$1,data!$P$2:$BR$17,""))} | DM17: {=xlookup(xlookup($Y18,data!$N$2:$N$17,xlookup("r4op",data!$P$1:$BR$1,data!$P$2:$BR$17,"")),data!$M$2:$M$17,data!$O$2:$O$17,"")} | DT17: {=xlookup($Y18,data!$N$2:$N$17,xlookup("r5Ser",data!$P$1:$BR$1,data!$P$2:$BR$17,""))} | DV17: {=xlookup(xlookup($Y18,data!$N$2:$N$17,xlookup("r5op",data!$P$1:$BR$1,data!$P$2:$BR$17,"")),data!$M$2:$M$17,data!$O$2:$O$17,"")}
R18: {=xlookup(Y18,data!$N$2:$N$17,data!$O$2:$O$17,"")} | Y18: {=xlookup(Q17,data!$G$24:$G$39,data!$A$24:$A$39,"")} -> Team 2 (Group 2) | BC18: {=xlookup(Y18,data!$A$24:$A$39,data!$B$24:$B$39,"")} -> 0-0 | BL18: {=xlookup(Y18,data!$A$24:$A$39,data!$C$24:$C$39,"")} -> 0-0 | BU18: {=xlookup(Y18,data!$A$24:$A$39,data!$D$24:$D$39,"")} -> 0-0 | CD18: {=xlookup(Y18,data!$A$24:$A$39,data!$F$24:$F$39,"")} -> 0
CJ22: {=xlookup($Y18,teams,xlookup("r1gw",header,swissdata))&"-"&xlookup($Y18,teams,xlookup("r1gl",header,swissdata))} -> - | CO22: {=if(xlookup($Y18,teams,xlookup("r1rd",header,swissdata))>0,"+"&xlookup($Y18,teams,xlookup("r1rd",header,swissdata)),xlookup($Y18,teams,xlookup("r1rd",header,swissdata)))} -> 0 | CS22: {=xlookup($Y18,teams,xlookup("r2gw",header,swissdata))&"-"&xlookup($Y18,teams,xlookup("r2gl",header,swissdata))} -> - | CX22: {=if(xlookup($Y18,teams,xlookup("r2rd",header,swissdata))>0,"+"&xlookup($Y18,teams,xlookup("r2rd",header,swissdata)),xlookup($Y18,teams,xlookup("r2rd",header,swissdata)))} -> 0 | DB22: {=xlookup($Y18,teams,xlookup("r3gw",header,swissdata))&"-"&xlookup($Y18,teams,xlookup("r3gl",header,swissdata))} -> - | DG22: {=if(xlookup($Y18,teams,xlookup("r3rd",header,swissdata))>0,"+"&xlookup($Y18,teams,xlookup("r3rd",header,swissdata)),xlookup($Y18,teams,xlookup("r3rd",header,swissdata)))} -> 0
M25: =Q25&"." -> 3. | Q25: 3 | CJ25: {=xlookup($Y26,data!$N$2:$N$17,xlookup("r1Ser",data!$P$1:$BR$1,data!$P$2:$BR$17,""))} | CL25: {=xlookup(xlookup($Y26,data!$N$2:$N$17,xlookup("r1op",data!$P$1:$BR$1,data!$P$2:$BR$17,"")),data!$M$2:$M$17,data!$O$2:$O$17,"")} | CS25: {=xlookup($Y26,data!$N$2:$N$17,xlookup("r2Ser",data!$P$1:$BR$1,data!$P$2:$BR$17,""))} | CU25: {=xlookup(xlookup($Y26,data!$N$2:$N$17,xlookup("r2op",data!$P$1:$BR$1,data!$P$2:$BR$17,"")),data!$M$2:$M$17,data!$O$2:$O$17,"")} | DB25: {=xlookup($Y26,data!$N$2:$N$17,xlookup("r3Ser",data!$P$1:$BR$1,data!$P$2:$BR$17,""))} | DD25: {=xlookup(xlookup($Y26,data!$N$2:$N$17,xlookup("r3op",data!$P$1:$BR$1,data!$P$2:$BR$17,"")),data!$M$2:$M$17,data!$O$2:$O$17,"")} | DK25: {=xlookup($Y26,data!$N$2:$N$17,xlookup("r4Ser",data!$P$1:$BR$1,data!$P$2:$BR$17,""))} | DM25: {=xlookup(xlookup($Y26,data!$N$2:$N$17,xlookup("r4op",data!$P$1:$BR$1,data!$P$2:$BR$17,"")),data!$M$2:$M$17,data!$O$2:$O$17,"")} | DT25: {=xlookup($Y26,data!$N$2:$N$17,xlookup("r5Ser",data!$P$1:$BR$1,data!$P$2:$BR$17,""))} | DV25: {=xlookup(xlookup($Y26,data!$N$2:$N$17,xlookup("r5op",data!$P$1:$BR$1,data!$P$2:$BR$17,"")),data!$M$2:$M$17,data!$O$2:$O$17,"")}
R26: {=xlookup(Y26,data!$N$2:$N$17,data!$O$2:$O$17,"")} | Y26: {=xlookup(Q25,data!$G$24:$G$39,data!$A$24:$A$39,"")} -> Team 3 (Group 2) | BC26: {=xlookup(Y26,data!$A$24:$A$39,data!$B$24:$B$39,"")} -> 0-0 | BL26: {=xlookup(Y26,data!$A$24:$A$39,data!$C$24:$C$39,"")} -> 0-0 | BU26: {=xlookup(Y26,data!$A$24:$A$39,data!$D$24:$D$39,"")} -> 0-0 | CD26: {=xlookup(Y26,data!$A$24:$A$39,data!$F$24:$F$39,"")} -> 0
CJ30: {=xlookup($Y26,teams,xlookup("r1gw",header,swissdata))&"-"&xlookup($Y26,teams,xlookup("r1gl",header,swissdata))} -> - | CO30: {=if(xlookup($Y26,teams,xlookup("r1rd",header,swissdata))>0,"+"&xlookup($Y26,teams,xlookup("r1rd",header,swissdata)),xlookup($Y26,teams,xlookup("r1rd",header,swissdata)))} -> 0 | CS30: {=xlookup($Y26,teams,xlookup("r2gw",header,swissdata))&"-"&xlookup($Y26,teams,xlookup("r2gl",header,swissdata))} -> - | CX30: {=if(xlookup($Y26,teams,xlookup("r2rd",header,swissdata))>0,"+"&xlookup($Y26,teams,xlookup("r2rd",header,swissdata)),xlookup($Y26,teams,xlookup("r2rd",header,swissdata)))} -> 0 | DB30: {=xlookup($Y26,teams,xlookup("r3gw",header,swissdata))&"-"&xlookup($Y26,teams,xlookup("r3gl",header,swissdata))} -> - | DG30: {=if(xlookup($Y26,teams,xlookup("r3rd",header,swissdata))>0,"+"&xlookup($Y26,teams,xlookup("r3rd",header,swissdata)),xlookup($Y26,teams,xlookup("r3rd",header,swissdata)))} -> 0 | DK30: {=xlookup($Y26,teams,xlookup("r4gw",header,swissdata))&"-"&xlookup($Y26,teams,xlookup("r4gl",header,swissdata))} -> - | DP30: {=if(xlookup($Y26,teams,xlookup("r4rd",header,swissdata))>0,"+"&xlookup($Y26,teams,xlookup("r4rd",header,swissdata)),xlookup($Y26,teams,xlookup("r4rd",header,swissdata)))} -> 0
M33: =Q33&"." -> 4. | Q33: 4 | CJ33: {=xlookup($Y34,data!$N$2:$N$17,xlookup("r1Ser",data!$P$1:$BR$1,data!$P$2:$BR$17,""))} | CL33: {=xlookup(xlookup($Y34,data!$N$2:$N$17,xlookup("r1op",data!$P$1:$BR$1,data!$P$2:$BR$17,"")),data!$M$2:$M$17,data!$O$2:$O$17,"")} | CS33: {=xlookup($Y34,data!$N$2:$N$17,xlookup("r2Ser",data!$P$1:$BR$1,data!$P$2:$BR$17,""))} | CU33: {=xlookup(xlookup($Y34,data!$N$2:$N$17,xlookup("r2op",data!$P$1:$BR$1,data!$P$2:$BR$17,"")),data!$M$2:$M$17,data!$O$2:$O$17,"")} | DB33: {=xlookup($Y34,data!$N$2:$N$17,xlookup("r3Ser",data!$P$1:$BR$1,data!$P$2:$BR$17,""))} | DD33: {=xlookup(xlookup($Y34,data!$N$2:$N$17,xlookup("r3op",data!$P$1:$BR$1,data!$P$2:$BR$17,"")),data!$M$2:$M$17,data!$O$2:$O$17,"")} | DK33: {=xlookup($Y34,data!$N$2:$N$17,xlookup("r4Ser",data!$P$1:$BR$1,data!$P$2:$BR$17,""))} | DM33: {=xlookup(xlookup($Y34,data!$N$2:$N$17,xlookup("r4op",data!$P$1:$BR$1,data!$P$2:$BR$17,"")),data!$M$2:$M$17,data!$O$2:$O$17,"")} | DT33: {=xlookup($Y34,data!$N$2:$N$17,xlookup("r5Ser",data!$P$1:$BR$1,data!$P$2:$BR$17,""))} | DV33: {=xlookup(xlookup($Y34,data!$N$2:$N$17,xlookup("r5op",data!$P$1:$BR$1,data!$P$2:$BR$17,"")),data!$M$2:$M$17,data!$O$2:$O$17,"")}
R34: {=xlookup(Y34,data!$N$2:$N$17,data!$O$2:$O$17,"")} | Y34: {=xlookup(Q33,data!$G$24:$G$39,data!$A$24:$A$39,"")} -> Team 4 (Group 2) | BC34: {=xlookup(Y34,data!$A$24:$A$39,data!$B$24:$B$39,"")} -> 0-0 | BL34: {=xlookup(Y34,data!$A$24:$A$39,data!$C$24:$C$39,"")} -> 0-0 | BU34: {=xlookup(Y34,data!$A$24:$A$39,data!$D$24:$D$39,"")} -> 0-0 | CD34: {=xlookup(Y34,data!$A$24:$A$39,data!$F$24:$F$39,"")} -> 0
CJ38: {=xlookup($Y34,teams,xlookup("r1gw",header,swissdata))&"-"&xlookup($Y34,teams,xlookup("r1gl",header,swissdata))} -> - | CO38: {=if(xlookup($Y34,teams,xlookup("r1rd",header,swissdata))>0,"+"&xlookup($Y34,teams,xlookup("r1rd",header,swissdata)),xlookup($Y34,teams,xlookup("r1rd",header,swissdata)))} -> 0 | CS38: {=xlookup($Y34,teams,xlookup("r2gw",header,swissdata))&"-"&xlookup($Y34,teams,xlookup("r2gl",header,swissdata))} -> - | CX38: {=if(xlookup($Y34,teams,xlookup("r2rd",header,swissdata))>0,"+"&xlookup($Y34,teams,xlookup("r2rd",header,swissdata)),xlookup($Y34,teams,xlookup("r2rd",header,swissdata)))} -> 0 | DB38: {=xlookup($Y34,teams,xlookup("r3gw",header,swissdata))&"-"&xlookup($Y34,teams,xlookup("r3gl",header,swissdata))} -> - | DG38: {=if(xlookup($Y34,teams,xlookup("r3rd",header,swissdata))>0,"+"&xlookup($Y34,teams,xlookup("r3rd",header,swissdata)),xlookup($Y34,teams,xlookup("r3rd",header,swissdata)))} -> 0 | DK38: {=xlookup($Y34,teams,xlookup("r4gw",header,swissdata))&"-"&xlookup($Y34,teams,xlookup("r4gl",header,swissdata))} -> - | DP38: {=if(xlookup($Y34,teams,xlookup("r4rd",header,swissdata))>0,"+"&xlookup($Y34,teams,xlookup("r4rd",header,swissdata)),xlookup($Y34,teams,xlookup("r4rd",header,swissdata)))} -> 0
M41: =Q41&"." -> 5. | Q41: 5 | CJ41: {=xlookup($Y42,data!$N$2:$N$17,xlookup("r1Ser",data!$P$1:$BR$1,data!$P$2:$BR$17,""))} | CL41: {=xlookup(xlookup($Y42,data!$N$2:$N$17,xlookup("r1op",data!$P$1:$BR$1,data!$P$2:$BR$17,"")),data!$M$2:$M$17,data!$O$2:$O$17,"")} | CS41: {=xlookup($Y42,data!$N$2:$N$17,xlookup("r2Ser",data!$P$1:$BR$1,data!$P$2:$BR$17,""))} | CU41: {=xlookup(xlookup($Y42,data!$N$2:$N$17,xlookup("r2op",data!$P$1:$BR$1,data!$P$2:$BR$17,"")),data!$M$2:$M$17,data!$O$2:$O$17,"")} | DB41: {=xlookup($Y42,data!$N$2:$N$17,xlookup("r3Ser",data!$P$1:$BR$1,data!$P$2:$BR$17,""))} | DD41: {=xlookup(xlookup($Y42,data!$N$2:$N$17,xlookup("r3op",data!$P$1:$BR$1,data!$P$2:$BR$17,"")),data!$M$2:$M$17,data!$O$2:$O$17,"")} | DK41: {=xlookup($Y42,data!$N$2:$N$17,xlookup("r4Ser",data!$P$1:$BR$1,data!$P$2:$BR$17,""))} | DM41: {=xlookup(xlookup($Y42,data!$N$2:$N$17,xlookup("r4op",data!$P$1:$BR$1,data!$P$2:$BR$17,"")),data!$M$2:$M$17,data!$O$2:$O$17,"")} | DT41: {=xlookup($Y42,data!$N$2:$N$17,xlookup("r5Ser",data!$P$1:$BR$1,data!$P$2:$BR$17,""))} | DV41: {=xlookup(xlookup($Y42,data!$N$2:$N$17,xlookup("r5op",data!$P$1:$BR$1,data!$P$2:$BR$17,"")),data!$M$2:$M$17,data!$O$2:$O$17,"")}
R42: {=xlookup(Y42,data!$N$2:$N$17,data!$O$2:$O$17,"")} | Y42: {=xlookup(Q41,data!$G$24:$G$39,data!$A$24:$A$39,"")} -> Team 5 (Group 2) | BC42: {=xlookup(Y42,data!$A$24:$A$39,data!$B$24:$B$39,"")} -> 0-0 | BL42: {=xlookup(Y42,data!$A$24:$A$39,data!$C$24:$C$39,"")} -> 0-0 | BU42: {=xlookup(Y42,data!$A$24:$A$39,data!$D$24:$D$39,"")} -> 0-0 | CD42: {=xlookup(Y42,data!$A$24:$A$39,data!$F$24:$F$39,"")} -> 0
CJ46: {=xlookup($Y42,teams,xlookup("r1gw",header,swissdata))&"-"&xlookup($Y42,teams,xlookup("r1gl",header,swissdata))} -> - | CO46: {=if(xlookup($Y42,teams,xlookup("r1rd",header,swissdata))>0,"+"&xlookup($Y42,teams,xlookup("r1rd",header,swissdata)),xlookup($Y42,teams,xlookup("r1rd",header,swissdata)))} -> 0 | CS46: {=xlookup($Y42,teams,xlookup("r2gw",header,swissdata))&"-"&xlookup($Y42,teams,xlookup("r2gl",header,swissdata))} -> - | CX46: {=if(xlookup($Y42,teams,xlookup("r2rd",header,swissdata))>0,"+"&xlookup($Y42,teams,xlookup("r2rd",header,swissdata)),xlookup($Y42,teams,xlookup("r2rd",header,swissdata)))} -> 0 | DB46: {=xlookup($Y42,teams,xlookup("r3gw",header,swissdata))&"-"&xlookup($Y42,teams,xlookup("r3gl",header,swissdata))} -> - | DG46: {=if(xlookup($Y42,teams,xlookup("r3rd",header,swissdata))>0,"+"&xlookup($Y42,teams,xlookup("r3rd",header,swissdata)),xlookup($Y42,teams,xlookup("r3rd",header,swissdata)))} -> 0 | DK46: {=xlookup($Y42,teams,xlookup("r4gw",header,swissdata))&"-"&xlookup($Y42,teams,xlookup("r4gl",header,swissdata))} -> - | DP46: {=if(xlookup($Y42,teams,xlookup("r4rd",header,swissdata))>0,"+"&xlookup($Y42,teams,xlookup("r4rd",header,swissdata)),xlookup($Y42,teams,xlookup("r4rd",header,swissdata)))} -> 0
M49: =Q49&"." -> 6. | Q49: 6 | CJ49: {=xlookup($Y50,data!$N$2:$N$17,xlookup("r1Ser",data!$P$1:$BR$1,data!$P$2:$BR$17,""))} | CL49: {=xlookup(xlookup($Y50,data!$N$2:$N$17,xlookup("r1op",data!$P$1:$BR$1,data!$P$2:$BR$17,"")),data!$M$2:$M$17,data!$O$2:$O$17,"")} | CS49: {=xlookup($Y50,data!$N$2:$N$17,xlookup("r2Ser",data!$P$1:$BR$1,data!$P$2:$BR$17,""))} | CU49: {=xlookup(xlookup($Y50,data!$N$2:$N$17,xlookup("r2op",data!$P$1:$BR$1,data!$P$2:$BR$17,"")),data!$M$2:$M$17,data!$O$2:$O$17,"")} | DB49: {=xlookup($Y50,data!$N$2:$N$17,xlookup("r3Ser",data!$P$1:$BR$1,data!$P$2:$BR$17,""))} | DD49: {=xlookup(xlookup($Y50,data!$N$2:$N$17,xlookup("r3op",data!$P$1:$BR$1,data!$P$2:$BR$17,"")),data!$M$2:$M$17,data!$O$2:$O$17,"")} | DK49: {=xlookup($Y50,data!$N$2:$N$17,xlookup("r4Ser",data!$P$1:$BR$1,data!$P$2:$BR$17,""))} | DM49: {=xlookup(xlookup($Y50,data!$N$2:$N$17,xlookup("r4op",data!$P$1:$BR$1,data!$P$2:$BR$17,"")),data!$M$2:$M$17,data!$O$2:$O$17,"")} | DT49: {=xlookup($Y50,data!$N$2:$N$17,xlookup("r5Ser",data!$P$1:$BR$1,data!$P$2:$BR$17,""))} | DV49: {=xlookup(xlookup($Y50,data!$N$2:$N$17,xlookup("r5op",data!$P$1:$BR$1,data!$P$2:$BR$17,"")),data!$M$2:$M$17,data!$O$2:$O$17,"")}
R50: {=xlookup(Y50,data!$N$2:$N$17,data!$O$2:$O$17,"")} | Y50: {=xlookup(Q49,data!$G$24:$G$39,data!$A$24:$A$39,"")} -> Team 6 (Group 2) | BC50: {=xlookup(Y50,data!$A$24:$A$39,data!$B$24:$B$39,"")} -> 0-0 | BL50: {=xlookup(Y50,data!$A$24:$A$39,data!$C$24:$C$39,"")} -> 0-0 | BU50: {=xlookup(Y50,data!$A$24:$A$39,data!$D$24:$D$39,"")} -> 0-0 | CD50: {=xlookup(Y50,data!$A$24:$A$39,data!$F$24:$F$39,"")} -> 0
CJ54: {=xlookup($Y50,teams,xlookup("r1gw",header,swissdata))&"-"&xlookup($Y50,teams,xlookup("r1gl",header,swissdata))} -> - | CO54: {=if(xlookup($Y50,teams,xlookup("r1rd",header,swissdata))>0,"+"&xlookup($Y50,teams,xlookup("r1rd",header,swissdata)),xlookup($Y50,teams,xlookup("r1rd",header,swissdata)))} -> 0 | CS54: {=xlookup($Y50,teams,xlookup("r2gw",header,swissdata))&"-"&xlookup($Y50,teams,xlookup("r2gl",header,swissdata))} -> - | CX54: {=if(xlookup($Y50,teams,xlookup("r2rd",header,swissdata))>0,"+"&xlookup($Y50,teams,xlookup("r2rd",header,swissdata)),xlookup($Y50,teams,xlookup("r2rd",header,swissdata)))} -> 0 | DB54: {=xlookup($Y50,teams,xlookup("r3gw",header,swissdata))&"-"&xlookup($Y50,teams,xlookup("r3gl",header,swissdata))} -> - | DG54: {=if(xlookup($Y50,teams,xlookup("r3rd",header,swissdata))>0,"+"&xlookup($Y50,teams,xlookup("r3rd",header,swissdata)),xlookup($Y50,teams,xlookup("r3rd",header,swissdata)))} -> 0 | DK54: {=xlookup($Y50,teams,xlookup("r4gw",header,swissdata))&"-"&xlookup($Y50,teams,xlookup("r4gl",header,swissdata))} -> - | DP54: {=if(xlookup($Y50,teams,xlookup("r4rd",header,swissdata))>0,"+"&xlookup($Y50,teams,xlookup("r4rd",header,swissdata)),xlookup($Y50,teams,xlookup("r4rd",header,swissdata)))} -> 0 | DT54: {=xlookup($Y50,teams,xlookup("r5gw",header,swissdata))&"-"&xlookup($Y50,teams,xlookup("r5gl",header,swissdata))} -> - | DY54: {=if(xlookup($Y50,teams,xlookup("r5rd",header,swissdata))>0,"+"&xlookup($Y50,teams,xlookup("r5rd",header,swissdata)),xlookup($Y50,teams,xlookup("r5rd",header,swissdata)))} -> 0
M57: =Q57&"." -> 7. | Q57: 7 | CJ57: {=xlookup($Y58,data!$N$2:$N$17,xlookup("r1Ser",data!$P$1:$BR$1,data!$P$2:$BR$17,""))} | CL57: {=xlookup(xlookup($Y58,data!$N$2:$N$17,xlookup("r1op",data!$P$1:$BR$1,data!$P$2:$BR$17,"")),data!$M$2:$M$17,data!$O$2:$O$17,"")} | CS57: {=xlookup($Y58,data!$N$2:$N$17,xlookup("r2Ser",data!$P$1:$BR$1,data!$P$2:$BR$17,""))} | CU57: {=xlookup(xlookup($Y58,data!$N$2:$N$17,xlookup("r2op",data!$P$1:$BR$1,data!$P$2:$BR$17,"")),data!$M$2:$M$17,data!$O$2:$O$17,"")} | DB57: {=xlookup($Y58,data!$N$2:$N$17,xlookup("r3Ser",data!$P$1:$BR$1,data!$P$2:$BR$17,""))} | DD57: {=xlookup(xlookup($Y58,data!$N$2:$N$17,xlookup("r3op",data!$P$1:$BR$1,data!$P$2:$BR$17,"")),data!$M$2:$M$17,data!$O$2:$O$17,"")} | DK57: {=xlookup($Y58,data!$N$2:$N$17,xlookup("r4Ser",data!$P$1:$BR$1,data!$P$2:$BR$17,""))} | DM57: {=xlookup(xlookup($Y58,data!$N$2:$N$17,xlookup("r4op",data!$P$1:$BR$1,data!$P$2:$BR$17,"")),data!$M$2:$M$17,data!$O$2:$O$17,"")} | DT57: {=xlookup($Y58,data!$N$2:$N$17,xlookup("r5Ser",data!$P$1:$BR$1,data!$P$2:$BR$17,""))} | DV57: {=xlookup(xlookup($Y58,data!$N$2:$N$17,xlookup("r5op",data!$P$1:$BR$1,data!$P$2:$BR$17,"")),data!$M$2:$M$17,data!$O$2:$O$17,"")}
R58: {=xlookup(Y58,data!$N$2:$N$17,data!$O$2:$O$17,"")} | Y58: {=xlookup(Q57,data!$G$24:$G$39,data!$A$24:$A$39,"")} -> Team 7 (Group 2) | BC58: {=xlookup(Y58,data!$A$24:$A$39,data!$B$24:$B$39,"")} -> 0-0 | BL58: {=xlookup(Y58,data!$A$24:$A$39,data!$C$24:$C$39,"")} -> 0-0 | BU58: {=xlookup(Y58,data!$A$24:$A$39,data!$D$24:$D$39,"")} -> 0-0 | CD58: {=xlookup(Y58,data!$A$24:$A$39,data!$F$24:$F$39,"")} -> 0
CJ62: {=xlookup($Y58,teams,xlookup("r1gw",header,swissdata))&"-"&xlookup($Y58,teams,xlookup("r1gl",header,swissdata))} -> - | CO62: {=if(xlookup($Y58,teams,xlookup("r1rd",header,swissdata))>0,"+"&xlookup($Y58,teams,xlookup("r1rd",header,swissdata)),xlookup($Y58,teams,xlookup("r1rd",header,swissdata)))} -> 0 | CS62: {=xlookup($Y58,teams,xlookup("r2gw",header,swissdata))&"-"&xlookup($Y58,teams,xlookup("r2gl",header,swissdata))} -> - | CX62: {=if(xlookup($Y58,teams,xlookup("r2rd",header,swissdata))>0,"+"&xlookup($Y58,teams,xlookup("r2rd",header,swissdata)),xlookup($Y58,teams,xlookup("r2rd",header,swissdata)))} -> 0 | DB62: {=xlookup($Y58,teams,xlookup("r3gw",header,swissdata))&"-"&xlookup($Y58,teams,xlookup("r3gl",header,swissdata))} -> - | DG62: {=if(xlookup($Y58,teams,xlookup("r3rd",header,swissdata))>0,"+"&xlookup($Y58,teams,xlookup("r3rd",header,swissdata)),xlookup($Y58,teams,xlookup("r3rd",header,swissdata)))} -> 0 | DK62: {=xlookup($Y58,teams,xlookup("r4gw",header,swissdata))&"-"&xlookup($Y58,teams,xlookup("r4gl",header,swissdata))} -> - | DP62: {=if(xlookup($Y58,teams,xlookup("r4rd",header,swissdata))>0,"+"&xlookup($Y58,teams,xlookup("r4rd",header,swissdata)),xlookup($Y58,teams,xlookup("r4rd",header,swissdata)))} -> 0 | DT62: {=xlookup($Y58,teams,xlookup("r5gw",header,swissdata))&"-"&xlookup($Y58,teams,xlookup("r5gl",header,swissdata))} -> - | DY62: {=if(xlookup($Y58,teams,xlookup("r5rd",header,swissdata))>0,"+"&xlookup($Y58,teams,xlookup("r5rd",header,swissdata)),xlookup($Y58,teams,xlookup("r5rd",header,swissdata)))} -> 0
M65: =Q65&"." -> 8. | Q65: 8 | CJ65: {=xlookup($Y66,data!$N$2:$N$17,xlookup("r1Ser",data!$P$1:$BR$1,data!$P$2:$BR$17,""))} | CL65: {=xlookup(xlookup($Y66,data!$N$2:$N$17,xlookup("r1op",data!$P$1:$BR$1,data!$P$2:$BR$17,"")),data!$M$2:$M$17,data!$O$2:$O$17,"")} | CS65: {=xlookup($Y66,data!$N$2:$N$17,xlookup("r2Ser",data!$P$1:$BR$1,data!$P$2:$BR$17,""))} | CU65: {=xlookup(xlookup($Y66,data!$N$2:$N$17,xlookup("r2op",data!$P$1:$BR$1,data!$P$2:$BR$17,"")),data!$M$2:$M$17,data!$O$2:$O$17,"")} | DB65: {=xlookup($Y66,data!$N$2:$N$17,xlookup("r3Ser",data!$P$1:$BR$1,data!$P$2:$BR$17,""))} | DD65: {=xlookup(xlookup($Y66,data!$N$2:$N$17,xlookup("r3op",data!$P$1:$BR$1,data!$P$2:$BR$17,"")),data!$M$2:$M$17,data!$O$2:$O$17,"")} | DK65: {=xlookup($Y66,data!$N$2:$N$17,xlookup("r4Ser",data!$P$1:$BR$1,data!$P$2:$BR$17,""))} | DM65: {=xlookup(xlookup($Y66,data!$N$2:$N$17,xlookup("r4op",data!$P$1:$BR$1,data!$P$2:$BR$17,"")),data!$M$2:$M$17,data!$O$2:$O$17,"")} | DT65: {=xlookup($Y66,data!$N$2:$N$17,xlookup("r5Ser",data!$P$1:$BR$1,data!$P$2:$BR$17,""))} | DV65: {=xlookup(xlookup($Y66,data!$N$2:$N$17,xlookup("r5op",data!$P$1:$BR$1,data!$P$2:$BR$17,"")),data!$M$2:$M$17,data!$O$2:$O$17,"")}
R66: {=xlookup(Y66,data!$N$2:$N$17,data!$O$2:$O$17,"")} | Y66: {=xlookup(Q65,data!$G$24:$G$39,data!$A$24:$A$39,"")} -> Team 8 (Group 2) | BC66: {=xlookup(Y66,data!$A$24:$A$39,data!$B$24:$B$39,"")} -> 0-0 | BL66: {=xlookup(Y66,data!$A$24:$A$39,data!$C$24:$C$39,"")} -> 0-0 | BU66: {=xlookup(Y66,data!$A$24:$A$39,data!$D$24:$D$39,"")} -> 0-0 | CD66: {=xlookup(Y66,data!$A$24:$A$39,data!$F$24:$F$39,"")} -> 0
CJ70: {=xlookup($Y66,teams,xlookup("r1gw",header,swissdata))&"-"&xlookup($Y66,teams,xlookup("r1gl",header,swissdata))} -> - | CO70: {=if(xlookup($Y66,teams,xlookup("r1rd",header,swissdata))>0,"+"&xlookup($Y66,teams,xlookup("r1rd",header,swissdata)),xlookup($Y66,teams,xlookup("r1rd",header,swissdata)))} -> 0 | CS70: {=xlookup($Y66,teams,xlookup("r2gw",header,swissdata))&"-"&xlookup($Y66,teams,xlookup("r2gl",header,swissdata))} -> - | CX70: {=if(xlookup($Y66,teams,xlookup("r2rd",header,swissdata))>0,"+"&xlookup($Y66,teams,xlookup("r2rd",header,swissdata)),xlookup($Y66,teams,xlookup("r2rd",header,swissdata)))} -> 0 | DB70: {=xlookup($Y66,teams,xlookup("r3gw",header,swissdata))&"-"&xlookup($Y66,teams,xlookup("r3gl",header,swissdata))} -> - | DG70: {=if(xlookup($Y66,teams,xlookup("r3rd",header,swissdata))>0,"+"&xlookup($Y66,teams,xlookup("r3rd",header,swissdata)),xlookup($Y66,teams,xlookup("r3rd",header,swissdata)))} -> 0 | DK70: {=xlookup($Y66,teams,xlookup("r4gw",header,swissdata))&"-"&xlookup($Y66,teams,xlookup("r4gl",header,swissdata))} -> - | DP70: {=if(xlookup($Y66,teams,xlookup("r4rd",header,swissdata))>0,"+"&xlookup($Y66,teams,xlookup("r4rd",header,swissdata)),xlookup($Y66,teams,xlookup("r4rd",header,swissdata)))} -> 0 | DT70: {=xlookup($Y66,teams,xlookup("r5gw",header,swissdata))&"-"&xlookup($Y66,teams,xlookup("r5gl",header,swissdata))} -> - | DY70: {=if(xlookup($Y66,teams,xlookup("r5rd",header,swissdata))>0,"+"&xlookup($Y66,teams,xlookup("r5rd",header,swissdata)),xlookup($Y66,teams,xlookup("r5rd",header,swissdata)))} -> 0
M73: =Q73&"." -> 9. | Q73: 9 | CJ73: {=xlookup($Y74,data!$N$2:$N$17,xlookup("r1Ser",data!$P$1:$BR$1,data!$P$2:$BR$17,""))} | CL73: {=if(Y74="TBD","",xlookup(xlookup($Y74,data!$N$2:$N$17,xlookup("r1op",data!$P$1:$BR$1,data!$P$2:$BR$17,"")),data!$M$2:$M$17,data!$O$2:$O$17,""))} | CS73: {=xlookup($Y74,data!$N$2:$N$17,xlookup("r2Ser",data!$P$1:$BR$1,data!$P$2:$BR$17,""))} | CU73: {=xlookup(xlookup($Y74,data!$N$2:$N$17,xlookup("r2op",data!$P$1:$BR$1,data!$P$2:$BR$17,"")),data!$M$2:$M$17,data!$O$2:$O$17,"")} | DB73: {=xlookup($Y74,data!$N$2:$N$17,xlookup("r3Ser",data!$P$1:$BR$1,data!$P$2:$BR$17,""))} | DD73: {=xlookup(xlookup($Y74,data!$N$2:$N$17,xlookup("r3op",data!$P$1:$BR$1,data!$P$2:$BR$17,"")),data!$M$2:$M$17,data!$O$2:$O$17,"")} | DK73: {=xlookup($Y74,data!$N$2:$N$17,xlookup("r4Ser",data!$P$1:$BR$1,data!$P$2:$BR$17,""))} | DM73: {=xlookup(xlookup($Y74,data!$N$2:$N$17,xlookup("r4op",data!$P$1:$BR$1,data!$P$2:$BR$17,"")),data!$M$2:$M$17,data!$O$2:$O$17,"")} | DT73: {=xlookup($Y74,data!$N$2:$N$17,xlookup("r5Ser",data!$P$1:$BR$1,data!$P$2:$BR$17,""))} | DV73: {=xlookup(xlookup($Y74,data!$N$2:$N$17,xlookup("r5op",data!$P$1:$BR$1,data!$P$2:$BR$17,"")),data!$M$2:$M$17,data!$O$2:$O$17,"")}
R74: {=xlookup(Y74,data!$N$2:$N$17,data!$O$2:$O$17,"")} | Y74: {=xlookup(Q73,data!$G$24:$G$39,data!$A$24:$A$39,"")} -> TBD | BC74: {=xlookup(Y74,data!$A$24:$A$39,data!$B$24:$B$39,"")} -> 0-0 | BL74: {=xlookup(Y74,data!$A$24:$A$39,data!$C$24:$C$39,"")} -> 0-0 | BU74: {=xlookup(Y74,data!$A$24:$A$39,data!$D$24:$D$39,"")} -> 0-0 | CD74: {=xlookup(Y74,data!$A$24:$A$39,data!$F$24:$F$39,"")} -> 0
CJ78: {=xlookup($Y74,teams,xlookup("r1gw",header,swissdata))&"-"&xlookup($Y74,teams,xlookup("r1gl",header,swissdata))} -> - | CO78: {=if(xlookup($Y74,teams,xlookup("r1rd",header,swissdata))>0,"+"&xlookup($Y74,teams,xlookup("r1rd",header,swissdata)),xlookup($Y74,teams,xlookup("r1rd",header,swissdata)))} -> 0 | CS78: {=xlookup($Y74,teams,xlookup("r2gw",header,swissdata))&"-"&xlookup($Y74,teams,xlookup("r2gl",header,swissdata))} -> - | CX78: {=if(xlookup($Y74,teams,xlookup("r2rd",header,swissdata))>0,"+"&xlookup($Y74,teams,xlookup("r2rd",header,swissdata)),xlookup($Y74,teams,xlookup("r2rd",header,swissdata)))} -> 0 | DB78: {=xlookup($Y74,teams,xlookup("r3gw",header,swissdata))&"-"&xlookup($Y74,teams,xlookup("r3gl",header,swissdata))} -> - | DG78: {=if(xlookup($Y74,teams,xlookup("r3rd",header,swissdata))>0,"+"&xlookup($Y74,teams,xlookup("r3rd",header,swissdata)),xlookup($Y74,teams,xlookup("r3rd",header,swissdata)))} -> 0 | DK78: {=xlookup($Y74,teams,xlookup("r4gw",header,swissdata))&"-"&xlookup($Y74,teams,xlookup("r4gl",header,swissdata))} -> - | DP78: {=if(xlookup($Y74,teams,xlookup("r4rd",header,swissdata))>0,"+"&xlookup($Y74,teams,xlookup("r4rd",header,swissdata)),xlookup($Y74,teams,xlookup("r4rd",header,swissdata)))} -> 0 | DT78: {=xlookup($Y74,teams,xlookup("r5gw",header,swissdata))&"-"&xlookup($Y74,teams,xlookup("r5gl",header,swissdata))} -> - | DY78: {=if(xlookup($Y74,teams,xlookup("r5rd",header,swissdata))>0,"+"&xlookup($Y74,teams,xlookup("r5rd",header,swissdata)),xlookup($Y74,teams,xlookup("r5rd",header,swissdata)))} -> 0
M81: =Q81&"." -> 10. | Q81: 10 | CJ81: {=xlookup($Y82,data!$N$2:$N$17,xlookup("r1Ser",data!$P$1:$BR$1,data!$P$2:$BR$17,""))} | CL81: {=if(Y82="TBD","",xlookup(xlookup($Y82,data!$N$2:$N$17,xlookup("r1op",data!$P$1:$BR$1,data!$P$2:$BR$17,"")),data!$M$2:$M$17,data!$O$2:$O$17,""))} | CS81: {=xlookup($Y82,data!$N$2:$N$17,xlookup("r2Ser",data!$P$1:$BR$1,data!$P$2:$BR$17,""))} | CU81: {=xlookup(xlookup($Y82,data!$N$2:$N$17,xlookup("r2op",data!$P$1:$BR$1,data!$P$2:$BR$17,"")),data!$M$2:$M$17,data!$O$2:$O$17,"")} | DB81: {=xlookup($Y82,data!$N$2:$N$17,xlookup("r3Ser",data!$P$1:$BR$1,data!$P$2:$BR$17,""))} | DD81: {=xlookup(xlookup($Y82,data!$N$2:$N$17,xlookup("r3op",data!$P$1:$BR$1,data!$P$2:$BR$17,"")),data!$M$2:$M$17,data!$O$2:$O$17,"")} | DK81: {=xlookup($Y82,data!$N$2:$N$17,xlookup("r4Ser",data!$P$1:$BR$1,data!$P$2:$BR$17,""))} | DM81: {=xlookup(xlookup($Y82,data!$N$2:$N$17,xlookup("r4op",data!$P$1:$BR$1,data!$P$2:$BR$17,"")),data!$M$2:$M$17,data!$O$2:$O$17,"")} | DT81: {=xlookup($Y82,data!$N$2:$N$17,xlookup("r5Ser",data!$P$1:$BR$1,data!$P$2:$BR$17,""))} | DV81: {=xlookup(xlookup($Y82,data!$N$2:$N$17,xlookup("r5op",data!$P$1:$BR$1,data!$P$2:$BR$17,"")),data!$M$2:$M$17,data!$O$2:$O$17,"")}
R82: {=xlookup(Y82,data!$N$2:$N$17,data!$O$2:$O$17,"")} | Y82: {=xlookup(Q81,data!$G$24:$G$39,data!$A$24:$A$39,"")} -> TBD | BC82: {=xlookup(Y82,data!$A$24:$A$39,data!$B$24:$B$39,"")} -> 0-0 | BL82: {=xlookup(Y82,data!$A$24:$A$39,data!$C$24:$C$39,"")} -> 0-0 | BU82: {=xlookup(Y82,data!$A$24:$A$39,data!$D$24:$D$39,"")} -> 0-0 | CD82: {=xlookup(Y82,data!$A$24:$A$39,data!$F$24:$F$39,"")} -> 0
CJ86: {=xlookup($Y82,teams,xlookup("r1gw",header,swissdata))&"-"&xlookup($Y82,teams,xlookup("r1gl",header,swissdata))} -> - | CO86: {=if(xlookup($Y82,teams,xlookup("r1rd",header,swissdata))>0,"+"&xlookup($Y82,teams,xlookup("r1rd",header,swissdata)),xlookup($Y82,teams,xlookup("r1rd",header,swissdata)))} -> 0 | CS86: {=xlookup($Y82,teams,xlookup("r2gw",header,swissdata))&"-"&xlookup($Y82,teams,xlookup("r2gl",header,swissdata))} -> - | CX86: {=if(xlookup($Y82,teams,xlookup("r2rd",header,swissdata))>0,"+"&xlookup($Y82,teams,xlookup("r2rd",header,swissdata)),xlookup($Y82,teams,xlookup("r2rd",header,swissdata)))} -> 0 | DB86: {=xlookup($Y82,teams,xlookup("r3gw",header,swissdata))&"-"&xlookup($Y82,teams,xlookup("r3gl",header,swissdata))} -> - | DG86: {=if(xlookup($Y82,teams,xlookup("r3rd",header,swissdata))>0,"+"&xlookup($Y82,teams,xlookup("r3rd",header,swissdata)),xlookup($Y82,teams,xlookup("r3rd",header,swissdata)))} -> 0 | DK86: {=xlookup($Y82,teams,xlookup("r4gw",header,swissdata))&"-"&xlookup($Y82,teams,xlookup("r4gl",header,swissdata))} -> - | DP86: {=if(xlookup($Y82,teams,xlookup("r4rd",header,swissdata))>0,"+"&xlookup($Y82,teams,xlookup("r4rd",header,swissdata)),xlookup($Y82,teams,xlookup("r4rd",header,swissdata)))} -> 0 | DT86: {=xlookup($Y82,teams,xlookup("r5gw",header,swissdata))&"-"&xlookup($Y82,teams,xlookup("r5gl",header,swissdata))} -> - | DY86: {=if(xlookup($Y82,teams,xlookup("r5rd",header,swissdata))>0,"+"&xlookup($Y82,teams,xlookup("r5rd",header,swissdata)),xlookup($Y82,teams,xlookup("r5rd",header,swissdata)))} -> 0
M89: =Q89&"." -> 11. | Q89: 11 | CJ89: {=xlookup($Y90,data!$N$2:$N$17,xlookup("r1Ser",data!$P$1:$BR$1,data!$P$2:$BR$17,""))} | CL89: {=if(Y90="TBD","",xlookup(xlookup($Y90,data!$N$2:$N$17,xlookup("r1op",data!$P$1:$BR$1,data!$P$2:$BR$17,"")),data!$M$2:$M$17,data!$O$2:$O$17,""))} | CS89: {=xlookup($Y90,data!$N$2:$N$17,xlookup("r2Ser",data!$P$1:$BR$1,data!$P$2:$BR$17,""))} | CU89: {=xlookup(xlookup($Y90,data!$N$2:$N$17,xlookup("r2op",data!$P$1:$BR$1,data!$P$2:$BR$17,"")),data!$M$2:$M$17,data!$O$2:$O$17,"")} | DB89: {=xlookup($Y90,data!$N$2:$N$17,xlookup("r3Ser",data!$P$1:$BR$1,data!$P$2:$BR$17,""))} | DD89: {=xlookup(xlookup($Y90,data!$N$2:$N$17,xlookup("r3op",data!$P$1:$BR$1,data!$P$2:$BR$17,"")),data!$M$2:$M$17,data!$O$2:$O$17,"")} | DK89: {=xlookup($Y90,data!$N$2:$N$17,xlookup("r4Ser",data!$P$1:$BR$1,data!$P$2:$BR$17,""))} | DM89: {=xlookup(xlookup($Y90,data!$N$2:$N$17,xlookup("r4op",data!$P$1:$BR$1,data!$P$2:$BR$17,"")),data!$M$2:$M$17,data!$O$2:$O$17,"")} | DT89: {=xlookup($Y90,data!$N$2:$N$17,xlookup("r5Ser",data!$P$1:$BR$1,data!$P$2:$BR$17,""))} | DV89: {=xlookup(xlookup($Y90,data!$N$2:$N$17,xlookup("r5op",data!$P$1:$BR$1,data!$P$2:$BR$17,"")),data!$M$2:$M$17,data!$O$2:$O$17,"")}
R90: {=xlookup(Y90,data!$N$2:$N$17,data!$O$2:$O$17,"")} | Y90: {=xlookup(Q89,data!$G$24:$G$39,data!$A$24:$A$39,"")} -> TBD | BC90: {=xlookup(Y90,data!$A$24:$A$39,data!$B$24:$B$39,"")} -> 0-0 | BL90: {=xlookup(Y90,data!$A$24:$A$39,data!$C$24:$C$39,"")} -> 0-0 | BU90: {=xlookup(Y90,data!$A$24:$A$39,data!$D$24:$D$39,"")} -> 0-0 | CD90: {=xlookup(Y90,data!$A$24:$A$39,data!$F$24:$F$39,"")} -> 0
CJ94: {=xlookup($Y90,teams,xlookup("r1gw",header,swissdata))&"-"&xlookup($Y90,teams,xlookup("r1gl",header,swissdata))} -> - | CO94: {=if(xlookup($Y90,teams,xlookup("r1rd",header,swissdata))>0,"+"&xlookup($Y90,teams,xlookup("r1rd",header,swissdata)),xlookup($Y90,teams,xlookup("r1rd",header,swissdata)))} -> 0 | CS94: {=xlookup($Y90,teams,xlookup("r2gw",header,swissdata))&"-"&xlookup($Y90,teams,xlookup("r2gl",header,swissdata))} -> - | CX94: {=if(xlookup($Y90,teams,xlookup("r2rd",header,swissdata))>0,"+"&xlookup($Y90,teams,xlookup("r2rd",header,swissdata)),xlookup($Y90,teams,xlookup("r2rd",header,swissdata)))} -> 0 | DB94: {=xlookup($Y90,teams,xlookup("r3gw",header,swissdata))&"-"&xlookup($Y90,teams,xlookup("r3gl",header,swissdata))} -> - | DG94: {=if(xlookup($Y90,teams,xlookup("r3rd",header,swissdata))>0,"+"&xlookup($Y90,teams,xlookup("r3rd",header,swissdata)),xlookup($Y90,teams,xlookup("r3rd",header,swissdata)))} -> 0 | DK94: {=xlookup($Y90,teams,xlookup("r4gw",header,swissdata))&"-"&xlookup($Y90,teams,xlookup("r4gl",header,swissdata))} -> - | DP94: {=if(xlookup($Y90,teams,xlookup("r4rd",header,swissdata))>0,"+"&xlookup($Y90,teams,xlookup("r4rd",header,swissdata)),xlookup($Y90,teams,xlookup("r4rd",header,swissdata)))} -> 0 | DT94: {=xlookup($Y90,teams,xlookup("r5gw",header,swissdata))&"-"&xlookup($Y90,teams,xlookup("r5gl",header,swissdata))} -> - | DY94: {=if(xlookup($Y90,teams,xlookup("r5rd",header,swissdata))>0,"+"&xlookup($Y90,teams,xlookup("r5rd",header,swissdata)),xlookup($Y90,teams,xlookup("r5rd",header,swissdata)))} -> 0
M97: =Q97&"." -> 12. | Q97: 12 | CJ97: {=xlookup($Y98,data!$N$2:$N$17,xlookup("r1Ser",data!$P$1:$BR$1,data!$P$2:$BR$17,""))} | CL97: {=if(Y98="TBD","",xlookup(xlookup($Y98,data!$N$2:$N$17,xlookup("r1op",data!$P$1:$BR$1,data!$P$2:$BR$17,"")),data!$M$2:$M$17,data!$O$2:$O$17,""))} | CS97: {=xlookup($Y98,data!$N$2:$N$17,xlookup("r2Ser",data!$P$1:$BR$1,data!$P$2:$BR$17,""))} | CU97: {=xlookup(xlookup($Y98,data!$N$2:$N$17,xlookup("r2op",data!$P$1:$BR$1,data!$P$2:$BR$17,"")),data!$M$2:$M$17,data!$O$2:$O$17,"")} | DB97: {=xlookup($Y98,data!$N$2:$N$17,xlookup("r3Ser",data!$P$1:$BR$1,data!$P$2:$BR$17,""))} | DD97: {=xlookup(xlookup($Y98,data!$N$2:$N$17,xlookup("r3op",data!$P$1:$BR$1,data!$P$2:$BR$17,"")),data!$M$2:$M$17,data!$O$2:$O$17,"")} | DK97: {=xlookup($Y98,data!$N$2:$N$17,xlookup("r4Ser",data!$P$1:$BR$1,data!$P$2:$BR$17,""))} | DM97: {=xlookup(xlookup($Y98,data!$N$2:$N$17,xlookup("r4op",data!$P$1:$BR$1,data!$P$2:$BR$17,"")),data!$M$2:$M$17,data!$O$2:$O$17,"")} | DT97: {=xlookup($Y98,data!$N$2:$N$17,xlookup("r5Ser",data!$P$1:$BR$1,data!$P$2:$BR$17,""))} | DV97: {=xlookup(xlookup($Y98,data!$N$2:$N$17,xlookup("r5op",data!$P$1:$BR$1,data!$P$2:$BR$17,"")),data!$M$2:$M$17,data!$O$2:$O$17,"")}
R98: {=xlookup(Y98,data!$N$2:$N$17,data!$O$2:$O$17,"")} | Y98: {=xlookup(Q97,data!$G$24:$G$39,data!$A$24:$A$39,"")} -> TBD | BC98: {=xlookup(Y98,data!$A$24:$A$39,data!$B$24:$B$39,"")} -> 0-0 | BL98: {=xlookup(Y98,data!$A$24:$A$39,data!$C$24:$C$39,"")} -> 0-0 | BU98: {=xlookup(Y98,data!$A$24:$A$39,data!$D$24:$D$39,"")} -> 0-0 | CD98: {=xlookup(Y98,data!$A$24:$A$39,data!$F$24:$F$39,"")} -> 0
CJ102: {=xlookup($Y98,teams,xlookup("r1gw",header,swissdata))&"-"&xlookup($Y98,teams,xlookup("r1gl",header,swissdata))} -> - | CO102: {=if(xlookup($Y98,teams,xlookup("r1rd",header,swissdata))>0,"+"&xlookup($Y98,teams,xlookup("r1rd",header,swissdata)),xlookup($Y98,teams,xlookup("r1rd",header,swissdata)))} -> 0 | CS102: {=xlookup($Y98,teams,xlookup("r2gw",header,swissdata))&"-"&xlookup($Y98,teams,xlookup("r2gl",header,swissdata))} -> - | CX102: {=if(xlookup($Y98,teams,xlookup("r2rd",header,swissdata))>0,"+"&xlookup($Y98,teams,xlookup("r2rd",header,swissdata)),xlookup($Y98,teams,xlookup("r2rd",header,swissdata)))} -> 0 | DB102: {=xlookup($Y98,teams,xlookup("r3gw",header,swissdata))&"-"&xlookup($Y98,teams,xlookup("r3gl",header,swissdata))} -> - | DG102: {=if(xlookup($Y98,teams,xlookup("r3rd",header,swissdata))>0,"+"&xlookup($Y98,teams,xlookup("r3rd",header,swissdata)),xlookup($Y98,teams,xlookup("r3rd",header,swissdata)))} -> 0 | DK102: {=xlookup($Y98,teams,xlookup("r4gw",header,swissdata))&"-"&xlookup($Y98,teams,xlookup("r4gl",header,swissdata))} -> - | DP102: {=if(xlookup($Y98,teams,xlookup("r4rd",header,swissdata))>0,"+"&xlookup($Y98,teams,xlookup("r4rd",header,swissdata)),xlookup($Y98,teams,xlookup("r4rd",header,swissdata)))} -> 0
M105: =Q105&"." -> 13. | Q105: 13 | CJ105: {=xlookup($Y106,data!$N$2:$N$17,xlookup("r1Ser",data!$P$1:$BR$1,data!$P$2:$BR$17,""))} | CL105: {=if(Y106="TBD","",xlookup(xlookup($Y106,data!$N$2:$N$17,xlookup("r1op",data!$P$1:$BR$1,data!$P$2:$BR$17,"")),data!$M$2:$M$17,data!$O$2:$O$17,""))} | CS105: {=xlookup($Y106,data!$N$2:$N$17,xlookup("r2Ser",data!$P$1:$BR$1,data!$P$2:$BR$17,""))} | CU105: {=xlookup(xlookup($Y106,data!$N$2:$N$17,xlookup("r2op",data!$P$1:$BR$1,data!$P$2:$BR$17,"")),data!$M$2:$M$17,data!$O$2:$O$17,"")} | DB105: {=xlookup($Y106,data!$N$2:$N$17,xlookup("r3Ser",data!$P$1:$BR$1,data!$P$2:$BR$17,""))} | DD105: {=xlookup(xlookup($Y106,data!$N$2:$N$17,xlookup("r3op",data!$P$1:$BR$1,data!$P$2:$BR$17,"")),data!$M$2:$M$17,data!$O$2:$O$17,"")} | DK105: {=xlookup($Y106,data!$N$2:$N$17,xlookup("r4Ser",data!$P$1:$BR$1,data!$P$2:$BR$17,""))} | DM105: {=xlookup(xlookup($Y106,data!$N$2:$N$17,xlookup("r4op",data!$P$1:$BR$1,data!$P$2:$BR$17,"")),data!$M$2:$M$17,data!$O$2:$O$17,"")} | DT105: {=xlookup($Y106,data!$N$2:$N$17,xlookup("r5Ser",data!$P$1:$BR$1,data!$P$2:$BR$17,""))} | DV105: {=xlookup(xlookup($Y106,data!$N$2:$N$17,xlookup("r5op",data!$P$1:$BR$1,data!$P$2:$BR$17,"")),data!$M$2:$M$17,data!$O$2:$O$17,"")}
R106: {=xlookup(Y106,data!$N$2:$N$17,data!$O$2:$O$17,"")} | Y106: {=xlookup(Q105,data!$G$24:$G$39,data!$A$24:$A$39,"")} -> TBD | BC106: {=xlookup(Y106,data!$A$24:$A$39,data!$B$24:$B$39,"")} -> 0-0 | BL106: {=xlookup(Y106,data!$A$24:$A$39,data!$C$24:$C$39,"")} -> 0-0 | BU106: {=xlookup(Y106,data!$A$24:$A$39,data!$D$24:$D$39,"")} -> 0-0 | CD106: {=xlookup(Y106,data!$A$24:$A$39,data!$F$24:$F$39,"")} -> 0
CJ110: {=xlookup($Y106,teams,xlookup("r1gw",header,swissdata))&"-"&xlookup($Y106,teams,xlookup("r1gl",header,swissdata))} -> - | CO110: {=if(xlookup($Y106,teams,xlookup("r1rd",header,swissdata))>0,"+"&xlookup($Y106,teams,xlookup("r1rd",header,swissdata)),xlookup($Y106,teams,xlookup("r1rd",header,swissdata)))} -> 0 | CS110: {=xlookup($Y106,teams,xlookup("r2gw",header,swissdata))&"-"&xlookup($Y106,teams,xlookup("r2gl",header,swissdata))} -> - | CX110: {=if(xlookup($Y106,teams,xlookup("r2rd",header,swissdata))>0,"+"&xlookup($Y106,teams,xlookup("r2rd",header,swissdata)),xlookup($Y106,teams,xlookup("r2rd",header,swissdata)))} -> 0 | DB110: {=xlookup($Y106,teams,xlookup("r3gw",header,swissdata))&"-"&xlookup($Y106,teams,xlookup("r3gl",header,swissdata))} -> - | DG110: {=if(xlookup($Y106,teams,xlookup("r3rd",header,swissdata))>0,"+"&xlookup($Y106,teams,xlookup("r3rd",header,swissdata)),xlookup($Y106,teams,xlookup("r3rd",header,swissdata)))} -> 0 | DK110: {=xlookup($Y106,teams,xlookup("r4gw",header,swissdata))&"-"&xlookup($Y106,teams,xlookup("r4gl",header,swissdata))} -> - | DP110: {=if(xlookup($Y106,teams,xlookup("r4rd",header,swissdata))>0,"+"&xlookup($Y106,teams,xlookup("r4rd",header,swissdata)),xlookup($Y106,teams,xlookup("r4rd",header,swissdata)))} -> 0
M113: =Q113&"." -> 14. | Q113: 14 | CJ113: {=xlookup($Y114,data!$N$2:$N$17,xlookup("r1Ser",data!$P$1:$BR$1,data!$P$2:$BR$17,""))} | CL113: {=if(Y114="TBD","",xlookup(xlookup($Y114,data!$N$2:$N$17,xlookup("r1op",data!$P$1:$BR$1,data!$P$2:$BR$17,"")),data!$M$2:$M$17,data!$O$2:$O$17,""))} | CS113: {=xlookup($Y114,data!$N$2:$N$17,xlookup("r2Ser",data!$P$1:$BR$1,data!$P$2:$BR$17,""))} | CU113: {=xlookup(xlookup($Y114,data!$N$2:$N$17,xlookup("r2op",data!$P$1:$BR$1,data!$P$2:$BR$17,"")),data!$M$2:$M$17,data!$O$2:$O$17,"")} | DB113: {=xlookup($Y114,data!$N$2:$N$17,xlookup("r3Ser",data!$P$1:$BR$1,data!$P$2:$BR$17,""))} | DD113: {=xlookup(xlookup($Y114,data!$N$2:$N$17,xlookup("r3op",data!$P$1:$BR$1,data!$P$2:$BR$17,"")),data!$M$2:$M$17,data!$O$2:$O$17,"")} | DK113: {=xlookup($Y114,data!$N$2:$N$17,xlookup("r4Ser",data!$P$1:$BR$1,data!$P$2:$BR$17,""))} | DM113: {=xlookup(xlookup($Y114,data!$N$2:$N$17,xlookup("r4op",data!$P$1:$BR$1,data!$P$2:$BR$17,"")),data!$M$2:$M$17,data!$O$2:$O$17,"")} | DT113: {=xlookup($Y114,data!$N$2:$N$17,xlookup("r5Ser",data!$P$1:$BR$1,data!$P$2:$BR$17,""))} | DV113: {=xlookup(xlookup($Y114,data!$N$2:$N$17,xlookup("r5op",data!$P$1:$BR$1,data!$P$2:$BR$17,"")),data!$M$2:$M$17,data!$O$2:$O$17,"")}
R114: {=xlookup(Y114,data!$N$2:$N$17,data!$O$2:$O$17,"")} | Y114: {=xlookup(Q113,data!$G$24:$G$39,data!$A$24:$A$39,"")} -> TBD | BC114: {=xlookup(Y114,data!$A$24:$A$39,data!$B$24:$B$39,"")} -> 0-0 | BL114: {=xlookup(Y114,data!$A$24:$A$39,data!$C$24:$C$39,"")} -> 0-0 | BU114: {=xlookup(Y114,data!$A$24:$A$39,data!$D$24:$D$39,"")} -> 0-0 | CD114: {=xlookup(Y114,data!$A$24:$A$39,data!$F$24:$F$39,"")} -> 0
CJ118: {=xlookup($Y114,teams,xlookup("r1gw",header,swissdata))&"-"&xlookup($Y114,teams,xlookup("r1gl",header,swissdata))} -> - | CO118: {=if(xlookup($Y114,teams,xlookup("r1rd",header,swissdata))>0,"+"&xlookup($Y114,teams,xlookup("r1rd",header,swissdata)),xlookup($Y114,teams,xlookup("r1rd",header,swissdata)))} -> 0 | CS118: {=xlookup($Y114,teams,xlookup("r2gw",header,swissdata))&"-"&xlookup($Y114,teams,xlookup("r2gl",header,swissdata))} -> - | CX118: {=if(xlookup($Y114,teams,xlookup("r2rd",header,swissdata))>0,"+"&xlookup($Y114,teams,xlookup("r2rd",header,swissdata)),xlookup($Y114,teams,xlookup("r2rd",header,swissdata)))} -> 0 | DB118: {=xlookup($Y114,teams,xlookup("r3gw",header,swissdata))&"-"&xlookup($Y114,teams,xlookup("r3gl",header,swissdata))} -> - | DG118: {=if(xlookup($Y114,teams,xlookup("r3rd",header,swissdata))>0,"+"&xlookup($Y114,teams,xlookup("r3rd",header,swissdata)),xlookup($Y114,teams,xlookup("r3rd",header,swissdata)))} -> 0 | DK118: {=xlookup($Y114,teams,xlookup("r4gw",header,swissdata))&"-"&xlookup($Y114,teams,xlookup("r4gl",header,swissdata))} -> - | DP118: {=if(xlookup($Y114,teams,xlookup("r4rd",header,swissdata))>0,"+"&xlookup($Y114,teams,xlookup("r4rd",header,swissdata)),xlookup($Y114,teams,xlookup("r4rd",header,swissdata)))} -> 0
M121: =Q121&"." -> 15. | Q121: 15 | CJ121: {=xlookup($Y122,data!$N$2:$N$17,xlookup("r1Ser",data!$P$1:$BR$1,data!$P$2:$BR$17,""))} | CL121: {=if(Y122="TBD","",xlookup(xlookup($Y122,data!$N$2:$N$17,xlookup("r1op",data!$P$1:$BR$1,data!$P$2:$BR$17,"")),data!$M$2:$M$17,data!$O$2:$O$17,""))} | CS121: {=xlookup($Y122,data!$N$2:$N$17,xlookup("r2Ser",data!$P$1:$BR$1,data!$P$2:$BR$17,""))} | CU121: {=xlookup(xlookup($Y122,data!$N$2:$N$17,xlookup("r2op",data!$P$1:$BR$1,data!$P$2:$BR$17,"")),data!$M$2:$M$17,data!$O$2:$O$17,"")} | DB121: {=xlookup($Y122,data!$N$2:$N$17,xlookup("r3Ser",data!$P$1:$BR$1,data!$P$2:$BR$17,""))} | DD121: {=xlookup(xlookup($Y122,data!$N$2:$N$17,xlookup("r3op",data!$P$1:$BR$1,data!$P$2:$BR$17,"")),data!$M$2:$M$17,data!$O$2:$O$17,"")} | DK121: {=xlookup($Y122,data!$N$2:$N$17,xlookup("r4Ser",data!$P$1:$BR$1,data!$P$2:$BR$17,""))} | DM121: {=xlookup(xlookup($Y122,data!$N$2:$N$17,xlookup("r4op",data!$P$1:$BR$1,data!$P$2:$BR$17,"")),data!$M$2:$M$17,data!$O$2:$O$17,"")} | DT121: {=xlookup($Y122,data!$N$2:$N$17,xlookup("r5Ser",data!$P$1:$BR$1,data!$P$2:$BR$17,""))} | DV121: {=xlookup(xlookup($Y122,data!$N$2:$N$17,xlookup("r5op",data!$P$1:$BR$1,data!$P$2:$BR$17,"")),data!$M$2:$M$17,data!$O$2:$O$17,"")}
R122: {=xlookup(Y122,data!$N$2:$N$17,data!$O$2:$O$17,"")} | Y122: {=xlookup(Q121,data!$G$24:$G$39,data!$A$24:$A$39,"")} -> TBD | BC122: {=xlookup(Y122,data!$A$24:$A$39,data!$B$24:$B$39,"")} -> 0-0 | BL122: {=xlookup(Y122,data!$A$24:$A$39,data!$C$24:$C$39,"")} -> 0-0 | BU122: {=xlookup(Y122,data!$A$24:$A$39,data!$D$24:$D$39,"")} -> 0-0 | CD122: {=xlookup(Y122,data!$A$24:$A$39,data!$F$24:$F$39,"")} -> 0
CJ126: {=xlookup($Y122,teams,xlookup("r1gw",header,swissdata))&"-"&xlookup($Y122,teams,xlookup("r1gl",header,swissdata))} -> - | CO126: {=if(xlookup($Y122,teams,xlookup("r1rd",header,swissdata))>0,"+"&xlookup($Y122,teams,xlookup("r1rd",header,swissdata)),xlookup($Y122,teams,xlookup("r1rd",header,swissdata)))} -> 0 | CS126: {=xlookup($Y122,teams,xlookup("r2gw",header,swissdata))&"-"&xlookup($Y122,teams,xlookup("r2gl",header,swissdata))} -> - | CX126: {=if(xlookup($Y122,teams,xlookup("r2rd",header,swissdata))>0,"+"&xlookup($Y122,teams,xlookup("r2rd",header,swissdata)),xlookup($Y122,teams,xlookup("r2rd",header,swissdata)))} -> 0 | DB126: {=xlookup($Y122,teams,xlookup("r3gw",header,swissdata))&"-"&xlookup($Y122,teams,xlookup("r3gl",header,swissdata))} -> - | DG126: {=if(xlookup($Y122,teams,xlookup("r3rd",header,swissdata))>0,"+"&xlookup($Y122,teams,xlookup("r3rd",header,swissdata)),xlookup($Y122,teams,xlookup("r3rd",header,swissdata)))} -> 0
M129: =Q129&"." -> 16. | Q129: 16 | CJ129: {=xlookup($Y130,data!$N$2:$N$17,xlookup("r1Ser",data!$P$1:$BR$1,data!$P$2:$BR$17,""))} | CL129: {=if(Y130="TBD","",xlookup(xlookup($Y130,data!$N$2:$N$17,xlookup("r1op",data!$P$1:$BR$1,data!$P$2:$BR$17,"")),data!$M$2:$M$17,data!$O$2:$O$17,""))} | CS129: {=xlookup($Y130,data!$N$2:$N$17,xlookup("r2Ser",data!$P$1:$BR$1,data!$P$2:$BR$17,""))} | CU129: {=xlookup(xlookup($Y130,data!$N$2:$N$17,xlookup("r2op",data!$P$1:$BR$1,data!$P$2:$BR$17,"")),data!$M$2:$M$17,data!$O$2:$O$17,"")} | DB129: {=xlookup($Y130,data!$N$2:$N$17,xlookup("r3Ser",data!$P$1:$BR$1,data!$P$2:$BR$17,""))} | DD129: {=xlookup(xlookup($Y130,data!$N$2:$N$17,xlookup("r3op",data!$P$1:$BR$1,data!$P$2:$BR$17,"")),data!$M$2:$M$17,data!$O$2:$O$17,"")} | DK129: {=xlookup($Y130,data!$N$2:$N$17,xlookup("r4Ser",data!$P$1:$BR$1,data!$P$2:$BR$17,""))} | DM129: {=xlookup(xlookup($Y130,data!$N$2:$N$17,xlookup("r4op",data!$P$1:$BR$1,data!$P$2:$BR$17,"")),data!$M$2:$M$17,data!$O$2:$O$17,"")} | DT129: {=xlookup($Y130,data!$N$2:$N$17,xlookup("r5Ser",data!$P$1:$BR$1,data!$P$2:$BR$17,""))} | DV129: {=xlookup(xlookup($Y130,data!$N$2:$N$17,xlookup("r5op",data!$P$1:$BR$1,data!$P$2:$BR$17,"")),data!$M$2:$M$17,data!$O$2:$O$17,"")}
R130: {=xlookup(Y130,data!$N$2:$N$17,data!$O$2:$O$17,"")} | Y130: {=xlookup(Q129,data!$G$24:$G$39,data!$A$24:$A$39,"")} -> TBD | BC130: {=xlookup(Y130,data!$A$24:$A$39,data!$B$24:$B$39,"")} -> 0-0 | BL130: {=xlookup(Y130,data!$A$24:$A$39,data!$C$24:$C$39,"")} -> 0-0 | BU130: {=xlookup(Y130,data!$A$24:$A$39,data!$D$24:$D$39,"")} -> 0-0 | CD130: {=xlookup(Y130,data!$A$24:$A$39,data!$F$24:$F$39,"")} -> 0
CJ134: {=xlookup($Y130,teams,xlookup("r1gw",header,swissdata))&"-"&xlookup($Y130,teams,xlookup("r1gl",header,swissdata))} -> - | CO134: {=if(xlookup($Y130,teams,xlookup("r1rd",header,swissdata))>0,"+"&xlookup($Y130,teams,xlookup("r1rd",header,swissdata)),xlookup($Y130,teams,xlookup("r1rd",header,swissdata)))} -> 0 | CS134: {=xlookup($Y130,teams,xlookup("r2gw",header,swissdata))&"-"&xlookup($Y130,teams,xlookup("r2gl",header,swissdata))} -> - | CX134: {=if(xlookup($Y130,teams,xlookup("r2rd",header,swissdata))>0,"+"&xlookup($Y130,teams,xlookup("r2rd",header,swissdata)),xlookup($Y130,teams,xlookup("r2rd",header,swissdata)))} -> 0 | DB134: {=xlookup($Y130,teams,xlookup("r3gw",header,swissdata))&"-"&xlookup($Y130,teams,xlookup("r3gl",header,swissdata))} -> - | DG134: {=if(xlookup($Y130,teams,xlookup("r3rd",header,swissdata))>0,"+"&xlookup($Y130,teams,xlookup("r3rd",header,swissdata)),xlookup($Y130,teams,xlookup("r3rd",header,swissdata)))} -> 0
Q137: 17

Sheet Contender Schedule
C1: Date | I1: Time CET | N1: Time EET | T1: Team 1 | AH1: Score | AL1: Team 2 | BA1: Format | BF1: Round | BY1: Caster | CK1: DEMO
A5: 1 | C5: TBD | I5: 0.47916667 | N5: =I5 + TIME(1, 0, 0) -> 0.52083333 | T5: {=xlookup(V5,qualdata!$N$2:$N$17,qualdata!$O$2:$O$17,"")} | V5: {=xlookup(A5,qualmatchups!$I:$I,qualmatchups!$B:$B,"")} -> Team 1 (Group 1) | AH5: {=xlookup(A5,qualmatchups!$I:$I,qualmatchups!$D:$D,"")} | AJ5: {=xlookup(A5,qualmatchups!$I:$I,qualmatchups!$E:$E,"")} | AL5: {=xlookup(A5,qualmatchups!$I:$I,qualmatchups!$C:$C,"")} -> Team 16 (Group 1) | AX5: {=xlookup(AL5,qualdata!$N$2:$N$17,qualdata!$O$2:$O$17,"")} | BA5: Bo3 | BF5: Swiss Round 1 | BY5: TBD | CK5: Link
A7: =A5+1 -> 2 | C7: TBD | I7: 0.60416667 | N7: =I7 + TIME(1, 0, 0) -> 0.64583333 | T7: {=xlookup(V7,qualdata!$N$2:$N$17,qualdata!$O$2:$O$17,"")} | V7: {=xlookup(A7,qualmatchups!$I:$I,qualmatchups!$B:$B,"")} -> Team 2 (Group 1) | AH7: {=xlookup(A7,qualmatchups!$I:$I,qualmatchups!$D:$D,"")} | AJ7: {=xlookup(A7,qualmatchups!$I:$I,qualmatchups!$E:$E,"")} | AL7: {=xlookup(A7,qualmatchups!$I:$I,qualmatchups!$C:$C,"")} -> Team 15 (Group 1) | AX7: {=xlookup(AL7,qualdata!$N$2:$N$17,qualdata!$O$2:$O$17,"")} | BA7: Bo3 | BF7: Swiss Round 1 | BY7: TBD | CK7: Link
A9: =A7+1 -> 3 | C9: TBD | I9: 0.72916667 | N9: =I9 + TIME(1, 0, 0) -> 0.77083333 | T9: {=xlookup(V9,qualdata!$N$2:$N$17,qualdata!$O$2:$O$17,"")} | V9: {=xlookup(A9,qualmatchups!$I:$I,qualmatchups!$B:$B,"")} -> Team 3 (Group 1) | AH9: {=xlookup(A9,qualmatchups!$I:$I,qualmatchups!$D:$D,"")} | AJ9: {=xlookup(A9,qualmatchups!$I:$I,qualmatchups!$E:$E,"")} | AL9: {=xlookup(A9,qualmatchups!$I:$I,qualmatchups!$C:$C,"")} -> Team 14 (Group 1) | AX9: {=xlookup(AL9,qualdata!$N$2:$N$17,qualdata!$O$2:$O$17,"")} | BA9: Bo3 | BF9: Swiss Round 1 | BY9: TBD | CK9: Link
A11: =A9+1 -> 4 | C11: TBD | I11: 0.85416667 | N11: =I11 + TIME(1, 0, 0) -> 0.89583333 | T11: {=xlookup(V11,qualdata!$N$2:$N$17,qualdata!$O$2:$O$17,"")} | V11: {=xlookup(A11,qualmatchups!$I:$I,qualmatchups!$B:$B,"")} -> Team 4 (Group 1) | AH11: {=xlookup(A11,qualmatchups!$I:$I,qualmatchups!$D:$D,"")} | AJ11: {=xlookup(A11,qualmatchups!$I:$I,qualmatchups!$E:$E,"")} | AL11: {=xlookup(A11,qualmatchups!$I:$I,qualmatchups!$C:$C,"")} -> Team 13 (Group 1) | AX11: {=xlookup(AL11,qualdata!$N$2:$N$17,qualdata!$O$2:$O$17,"")} | BA11: Bo3 | BF11: Swiss Round 1 | BY11: TBD | CK11: Link
A13: =A11+1 -> 5 | C13: TBD | I13: 0.47916667 | N13: =I13 + TIME(1, 0, 0) -> 0.52083333 | T13: {=xlookup(V13,qualdata!$N$2:$N$17,qualdata!$O$2:$O$17,"")} | V13: {=xlookup(A13,qualmatchups!$I:$I,qualmatchups!$B:$B,"")} -> Team 5 (Group 1) | AH13: {=xlookup(A13,qualmatchups!$I:$I,qualmatchups!$D:$D,"")} | AJ13: {=xlookup(A13,qualmatchups!$I:$I,qualmatchups!$E:$E,"")} | AL13: {=xlookup(A13,qualmatchups!$I:$I,qualmatchups!$C:$C,"")} -> Team 12 (Group 1) | AX13: {=xlookup(AL13,qualdata!$N$2:$N$17,qualdata!$O$2:$O$17,"")} | BA13: Bo3 | BF13: Swiss Round 1 | BY13: TBD | CK13: Link
A15: =A13+1 -> 6 | C15: TBD | I15: 0.60416667 | N15: =I15 + TIME(1, 0, 0) -> 0.64583333 | T15: {=xlookup(V15,qualdata!$N$2:$N$17,qualdata!$O$2:$O$17,"")} | V15: {=xlookup(A15,qualmatchups!$I:$I,qualmatchups!$B:$B,"")} -> Team 6 (Group 1) | AH15: {=xlookup(A15,qualmatchups!$I:$I,qualmatchups!$D:$D,"")} | AJ15: {=xlookup(A15,qualmatchups!$I:$I,qualmatchups!$E:$E,"")} | AL15: {=xlookup(A15,qualmatchups!$I:$I,qualmatchups!$C:$C,"")} -> Team 11 (Group 1) | AX15: {=xlookup(AL15,qualdata!$N$2:$N$17,qualdata!$O$2:$O$17,"")} | BA15: Bo3 | BF15: Swiss Round 1 | BY15: TBD | CK15: Link
A17: =A15+1 -> 7 | C17: TBD | I17: 0.72916667 | N17: =I17 + TIME(1, 0, 0) -> 0.77083333 | T17: {=xlookup(V17,qualdata!$N$2:$N$17,qualdata!$O$2:$O$17,"")} | V17: {=xlookup(A17,qualmatchups!$I:$I,qualmatchups!$B:$B,"")} -> Team 7 (Group 1) | AH17: {=xlookup(A17,qualmatchups!$I:$I,qualmatchups!$D:$D,"")} | AJ17: {=xlookup(A17,qualmatchups!$I:$I,qualmatchups!$E:$E,"")} | AL17: {=xlookup(A17,qualmatchups!$I:$I,qualmatchups!$C:$C,"")} -> Team 10 (Group 1) | AX17: {=xlookup(AL17,qualdata!$N$2:$N$17,qualdata!$O$2:$O$17,"")} | BA17: Bo3 | BF17: Swiss Round 1 | BY17: TBD | CK17: Link
A19: =A17+1 -> 8 | C19: TBD | I19: 0.85416667 | N19: =I19 + TIME(1, 0, 0) -> 0.89583333 | T19: {=xlookup(V19,qualdata!$N$2:$N$17,qualdata!$O$2:$O$17,"")} | V19: {=xlookup(A19,qualmatchups!$I:$I,qualmatchups!$B:$B,"")} -> Team 8 (Group 1) | AH19: {=xlookup(A19,qualmatchups!$I:$I,qualmatchups!$D:$D,"")} | AJ19: {=xlookup(A19,qualmatchups!$I:$I,qualmatchups!$E:$E,"")} | AL19: {=xlookup(A19,qualmatchups!$I:$I,qualmatchups!$C:$C,"")} -> Team 9 (Group 1) | AX19: {=xlookup(AL19,qualdata!$N$2:$N$17,qualdata!$O$2:$O$17,"")} | BA19: Bo3 | BF19: Swiss Round 1 | BY19: TBD | CK19: Link
A23: =A19+1 -> 9 | C23: TBD | I23: 0.47916667 | N23: =I23 + TIME(1, 0, 0) -> 0.52083333 | T23: {=xlookup(V23,qualdata!$N$2:$N$17,qualdata!$O$2:$O$17,"")} | V23: {=xlookup(A23,qualmatchups!$I:$I,qualmatchups!$B:$B,"")} | AH23: {=xlookup(A23,qualmatchups!$I:$I,qualmatchups!$D:$D,"")} | AJ23: {=xlookup(A23,qualmatchups!$I:$I,qualmatchups!$E:$E,"")} | AL23: {=xlookup(A23,qualmatchups!$I:$I,qualmatchups!$C:$C,"")} | AX23: {=xlookup(AL23,qualdata!$N$2:$N$17,qualdata!$O$2:$O$17,"")} | BA23: Bo3 | BF23: Round 2 High | BY23: TBD | CK23: Link
A25: =A23+1 -> 10 | C25: TBD | I25: 0.72916667 | N25: =I25 + TIME(1, 0, 0) -> 0.77083333 | T25: {=xlookup(V25,qualdata!$N$2:$N$17,qualdata!$O$2:$O$17,"")} | V25: {=xlookup(A25,qualmatchups!$I:$I,qualmatchups!$B:$B,"")} | AH25: {=xlookup(A25,qualmatchups!$I:$I,qualmatchups!$D:$D,"")} | AJ25: {=xlookup(A25,qualmatchups!$I:$I,qualmatchups!$E:$E,"")} | AL25: {=xlookup(A25,qualmatchups!$I:$I,qualmatchups!$C:$C,"")} | AX25: {=xlookup(AL25,qualdata!$N$2:$N$17,qualdata!$O$2:$O$17,"")} | BA25: Bo3 | BF25: Round 2 High | BY25: TBD | CK25: Link
A27: =A25+1 -> 11 | C27: TBD | I27: 0.60416667 | N27: =I27 + TIME(1, 0, 0) -> 0.64583333 | T27: {=xlookup(V27,qualdata!$N$2:$N$17,qualdata!$O$2:$O$17,"")} | V27: {=xlookup(A27,qualmatchups!$I:$I,qualmatchups!$B:$B,"")} | AH27: {=xlookup(A27,qualmatchups!$I:$I,qualmatchups!$D:$D,"")} | AJ27: {=xlookup(A27,qualmatchups!$I:$I,qualmatchups!$E:$E,"")} | AL27: {=xlookup(A27,qualmatchups!$I:$I,qualmatchups!$C:$C,"")} | AX27: {=xlookup(AL27,qualdata!$N$2:$N$17,qualdata!$O$2:$O$17,"")} | BA27: Bo3 | BF27: Round 2 High | BY27: TBD | CK27: Link
A29: =A27+1 -> 12 | C29: TBD | I29: 0.85416667 | N29: =I29 + TIME(1, 0, 0) -> 0.89583333 | T29: {=xlookup(V29,qualdata!$N$2:$N$17,qualdata!$O$2:$O$17,"")} | V29: {=xlookup(A29,qualmatchups!$I:$I,qualmatchups!$B:$B,"")} | AH29: {=xlookup(A29,qualmatchups!$I:$I,qualmatchups!$D:$D,"")} | AJ29: {=xlookup(A29,qualmatchups!$I:$I,qualmatchups!$E:$E,"")} | AL29: {=xlookup(A29,qualmatchups!$I:$I,qualmatchups!$C:$C,"")} | AX29: {=xlookup(AL29,qualdata!$N$2:$N$17,qualdata!$O$2:$O$17,"")} | BA29: Bo3 | BF29: Round 2 High | BY29: TBD | CK29: Link
A32: =A29+1 -> 13 | C32: TBD | I32: 0.5625 | N32: =I32 + TIME(1, 0, 0) -> 0.60416667 | T32: {=xlookup(V32,qualdata!$N$2:$N$17,qualdata!$O$2:$O$17,"")} | V32: {=xlookup(A32,qualmatchups!$I:$I,qualmatchups!$B:$B,"")} | AH32: {=xlookup(A32,qualmatchups!$I:$I,qualmatchups!$D:$D,"")} | AJ32: {=xlookup(A32,qualmatchups!$I:$I,qualmatchups!$E:$E,"")} | AL32: {=xlookup(A32,qualmatchups!$I:$I,qualmatchups!$C:$C,"")} | AX32: {=xlookup(AL32,qualdata!$N$2:$N$17,qualdata!$O$2:$O$17,"")} | BA32: Bo3 | BF32: Round 2 Low | BY32: TBD | CK32: Link
A34: =A32+1 -> 14 | C34: TBD | I34: 0.60416667 | N34: =I34 + TIME(1, 0, 0) -> 0.64583333 | T34: {=xlookup(V34,qualdata!$N$2:$N$17,qualdata!$O$2:$O$17,"")} | V34: {=xlookup(A34,qualmatchups!$I:$I,qualmatchups!$B:$B,"")} | AH34: {=xlookup(A34,qualmatchups!$I:$I,qualmatchups!$D:$D,"")} | AJ34: {=xlookup(A34,qualmatchups!$I:$I,qualmatchups!$E:$E,"")} | AL34: {=xlookup(A34,qualmatchups!$I:$I,qualmatchups!$C:$C,"")} | AX34: {=xlookup(AL34,qualdata!$N$2:$N$17,qualdata!$O$2:$O$17,"")} | BA34: Bo3 | BF34: Round 2 Low | BY34: TBD | CK34: Link
A36: =A34+1 -> 15 | C36: TBD | I36: 0.47916667 | N36: =I36 + TIME(1, 0, 0) -> 0.52083333 | T36: {=xlookup(V36,qualdata!$N$2:$N$17,qualdata!$O$2:$O$17,"")} | V36: {=xlookup(A36,qualmatchups!$I:$I,qualmatchups!$B:$B,"")} | AH36: {=xlookup(A36,qualmatchups!$I:$I,qualmatchups!$D:$D,"")} | AJ36: {=xlookup(A36,qualmatchups!$I:$I,qualmatchups!$E:$E,"")} | AL36: {=xlookup(A36,qualmatchups!$I:$I,qualmatchups!$C:$C,"")} | AX36: {=xlookup(AL36,qualdata!$N$2:$N$17,qualdata!$O$2:$O$17,"")} | BA36: Bo3 | BF36: Round 2 Low | BY36: TBD | CK36: Link
A38: =A36+1 -> 16 | C38: TBD | I38: 0.85416667 | N38: =I38 + TIME(1, 0, 0) -> 0.89583333 | T38: {=xlookup(V38,qualdata!$N$2:$N$17,qualdata!$O$2:$O$17,"")} | V38: {=xlookup(A38,qualmatchups!$I:$I,qualmatchups!$B:$B,"")} | AH38: {=xlookup(A38,qualmatchups!$I:$I,qualmatchups!$D:$D,"")} | AJ38: {=xlookup(A38,qualmatchups!$I:$I,qualmatchups!$E:$E,"")} | AL38: {=xlookup(A38,qualmatchups!$I:$I,qualmatchups!$C:$C,"")} | AX38: {=xlookup(AL38,qualdata!$N$2:$N$17,qualdata!$O$2:$O$17,"")} | BA38: Bo3 | BF38: Round 2 Low | BY38: TBD | CK38: Link
A42: =A38+1 -> 17 | C42: TBD | I42: 0.47916667 | N42: =I42 + TIME(1, 0, 0) -> 0.52083333 | T42: {=xlookup(V42,qualdata!$N$2:$N$17,qualdata!$O$2:$O$17,"")} | V42: ='Contender Stage'!AV132 | AH42: {=xlookup(A42,qualmatchups!$I:$I,qualmatchups!$D:$D,"")} | AJ42: {=xlookup(A42,qualmatchups!$I:$I,qualmatchups!$E:$E,"")} | AL42: ='Contender Stage'!BZ132 | AX42: {=xlookup(AL42,qualdata!$N$2:$N$17,qualdata!$O$2:$O$17,"")} | BA42: Bo3 | BF42: Round 3 High | BY42: TBD | CK42: Link
A44: =A42+1 -> 18 | C44: TBD | I44: 0.60416667 | N44: =I44 + TIME(1, 0, 0) -> 0.64583333 | T44: {=xlookup(V44,qualdata!$N$2:$N$17,qualdata!$O$2:$O$17,"")} | V44: ='Contender Stage'!AV139 | AH44: {=xlookup(A44,qualmatchups!$I:$I,qualmatchups!$D:$D,"")} | AJ44: {=xlookup(A44,qualmatchups!$I:$I,qualmatchups!$E:$E,"")} | AL44: ='Contender Stage'!BZ139 | AX44: {=xlookup(AL44,qualdata!$N$2:$N$17,qualdata!$O$2:$O$17,"")} | BA44: Bo3 | BF44: Round 3 High | BY44: TBD | CK44: Link
A47: 21 | C47: TBD | I47: 0.625 | N47: =I47 + TIME(1, 0, 0) -> 0.66666667 | T47: {=xlookup(V47,qualdata!$N$2:$N$17,qualdata!$O$2:$O$17,"")} | V47: {=xlookup(A47,qualmatchups!$I:$I,qualmatchups!$B:$B,"")} | AH47: {=xlookup(A47,qualmatchups!$I:$I,qualmatchups!$D:$D,"")} | AJ47: {=xlookup(A47,qualmatchups!$I:$I,qualmatchups!$E:$E,"")} | AL47: {=xlookup(A47,qualmatchups!$I:$I,qualmatchups!$C:$C,"")} | AX47: {=xlookup(AL47,qualdata!$N$2:$N$17,qualdata!$O$2:$O$17,"")} | BA47: Bo3 | BF47: Round 3 mid | BY47: TBD | CK47: Link
A49: =A47+1 -> 22 | C49: TBD | I49: 0.72916667 | N49: =I49 + TIME(1, 0, 0) -> 0.77083333 | T49: {=xlookup(V49,qualdata!$N$2:$N$17,qualdata!$O$2:$O$17,"")} | V49: {=xlookup(A49,qualmatchups!$I:$I,qualmatchups!$B:$B,"")} | AH49: {=xlookup(A49,qualmatchups!$I:$I,qualmatchups!$D:$D,"")} | AJ49: {=xlookup(A49,qualmatchups!$I:$I,qualmatchups!$E:$E,"")} | AL49: {=xlookup(A49,qualmatchups!$I:$I,qualmatchups!$C:$C,"")} | AX49: {=xlookup(AL49,qualdata!$N$2:$N$17,qualdata!$O$2:$O$17,"")} | BA49: Bo3 | BF49: Round 3 mid | BY49: TBD | CK49: Link
A51: =A49+1 -> 23 | C51: TBD | I51: 0.60416667 | N51: =I51 + TIME(1, 0, 0) -> 0.64583333 | T51: {=xlookup(V51,qualdata!$N$2:$N$17,qualdata!$O$2:$O$17,"")} | V51: {=xlookup(A51,qualmatchups!$I:$I,qualmatchups!$B:$B,"")} | AH51: {=xlookup(A51,qualmatchups!$I:$I,qualmatchups!$D:$D,"")} | AJ51: {=xlookup(A51,qualmatchups!$I:$I,qualmatchups!$E:$E,"")} | AL51: {=xlookup(A51,qualmatchups!$I:$I,qualmatchups!$C:$C,"")} | AX51: {=xlookup(AL51,qualdata!$N$2:$N$17,qualdata!$O$2:$O$17,"")} | BA51: Bo3 | BF51: Round 3 mid | BY51: TBD | CK51: Link
A53: =A51+1 -> 24 | C53: TBD | I53: 0.85416667 | N53: =I53 + TIME(1, 0, 0) -> 0.89583333 | T53: {=xlookup(V53,qualdata!$N$2:$N$17,qualdata!$O$2:$O$17,"")} | V53: {=xlookup(A53,qualmatchups!$I:$I,qualmatchups!$B:$B,"")} | AH53: {=xlookup(A53,qualmatchups!$I:$I,qualmatchups!$D:$D,"")} | AJ53: {=xlookup(A53,qualmatchups!$I:$I,qualmatchups!$E:$E,"")} | AL53: {=xlookup(A53,qualmatchups!$I:$I,qualmatchups!$C:$C,"")} | AX53: {=xlookup(AL53,qualdata!$N$2:$N$17,qualdata!$O$2:$O$17,"")} | BA53: Bo3 | BF53: Round 3 mid | BY53: TBD | CK53: Link
A56: 19 | C56: TBD | I56: 0.72916667 | N56: =I56 + TIME(1, 0, 0) -> 0.77083333 | T56: {=xlookup(V56,qualdata!$N$2:$N$17,qualdata!$O$2:$O$17,"")} | V56: ='Contender Stage'!FT132 | AH56: {=xlookup(A56,qualmatchups!$I:$I,qualmatchups!$D:$D,"")} | AJ56: {=xlookup(A56,qualmatchups!$I:$I,qualmatchups!$E:$E,"")} | AL56: ='Contender Stage'!GX132 | AX56: {=xlookup(AL56,qualdata!$N$2:$N$17,qualdata!$O$2:$O$17,"")} | BA56: Bo3 | BF56: Round 3 low (elimination) | BY56: TBD | CK56: Link
A58: =A56+1 -> 20 | C58: TBD | I58: 0.85416667 | N58: =I58 + TIME(1, 0, 0) -> 0.89583333 | T58: {=xlookup(V58,qualdata!$N$2:$N$17,qualdata!$O$2:$O$17,"")} | V58: ='Contender Stage'!FT139 | AH58: {=xlookup(A58,qualmatchups!$I:$I,qualmatchups!$D:$D,"")} | AJ58: {=xlookup(A58,qualmatchups!$I:$I,qualmatchups!$E:$E,"")} | AL58: ='Contender Stage'!GX139 | AX58: {=xlookup(AL58,qualdata!$N$2:$N$17,qualdata!$O$2:$O$17,"")} | BA58: Bo3 | BF58: Round 3 low (elimination) | BY58: TBD | CK58: Link
A62: 25 | C62: TBD | I62: 0.60416667 | N62: =I62 + TIME(1, 0, 0) -> 0.64583333 | T62: {=xlookup(V62,qualdata!$N$2:$N$17,qualdata!$O$2:$O$17,"")} | V62: ='Contender Stage'!CB175 | AH62: {=xlookup(A62,qualmatchups!$I:$I,qualmatchups!$D:$D,"")} | AJ62: {=xlookup(A62,qualmatchups!$I:$I,qualmatchups!$E:$E,"")} | AL62: ='Contender Stage'!DF175 | AX62: {=xlookup(AL62,qualdata!$N$2:$N$17,qualdata!$O$2:$O$17,"")} | BA62: Bo3 | BF62: Round 4 High | BY62: TBD | CK62: Link
A64: =A62+1 -> 26 | C64: TBD | I64: 0.5625 | N64: =I64 + TIME(1, 0, 0) -> 0.60416667 | T64: {=xlookup(V64,qualdata!$N$2:$N$17,qualdata!$O$2:$O$17,"")} | V64: ='Contender Stage'!CB182 | AH64: {=xlookup(A64,qualmatchups!$I:$I,qualmatchups!$D:$D,"")} | AJ64: {=xlookup(A64,qualmatchups!$I:$I,qualmatchups!$E:$E,"")} | AL64: ='Contender Stage'!DF182 | AX64: {=xlookup(AL64,qualdata!$N$2:$N$17,qualdata!$O$2:$O$17,"")} | BA64: Bo3 | BF64: Round 4 High | BY64: TBD | CK64: Link
A66: =A64+1 -> 27 | C66: TBD | I66: 0.72916667 | N66: =I66 + TIME(1, 0, 0) -> 0.77083333 | T66: {=xlookup(V66,qualdata!$N$2:$N$17,qualdata!$O$2:$O$17,"")} | V66: ='Contender Stage'!CB189 | AH66: {=xlookup(A66,qualmatchups!$I:$I,qualmatchups!$D:$D,"")} | AJ66: {=xlookup(A66,qualmatchups!$I:$I,qualmatchups!$E:$E,"")} | AL66: ='Contender Stage'!DF189 | AX66: {=xlookup(AL66,qualdata!$N$2:$N$17,qualdata!$O$2:$O$17,"")} | BA66: Bo3 | BF66: Round 4 High | BY66: TBD | CK66: Link
A69: 28 | C69: TBD | I69: 0.47916667 | N69: =I69 + TIME(1, 0, 0) -> 0.52083333 | T69: {=xlookup(V69,qualdata!$N$2:$N$17,qualdata!$O$2:$O$17,"")} | V69: ='Contender Stage'!EN175 | AH69: {=xlookup(A69,qualmatchups!$I:$I,qualmatchups!$D:$D,"")} | AJ69: {=xlookup(A69,qualmatchups!$I:$I,qualmatchups!$E:$E,"")} | AL69: ='Contender Stage'!FR175 | AX69: {=xlookup(AL69,qualdata!$N$2:$N$17,qualdata!$O$2:$O$17,"")} | BA69: Bo3 | BF69: Round 4 low (elimination) | BY69: TBD | CK69: Link
A71: =A69+1 -> 29 | C71: TBD | I71: 0.8125 | N71: =I71 + TIME(1, 0, 0) -> 0.85416667 | T71: {=xlookup(V71,qualdata!$N$2:$N$17,qualdata!$O$2:$O$17,"")} | V71: ='Contender Stage'!EN182 | AH71: {=xlookup(A71,qualmatchups!$I:$I,qualmatchups!$D:$D,"")} | AJ71: {=xlookup(A71,qualmatchups!$I:$I,qualmatchups!$E:$E,"")} | AL71: ='Contender Stage'!FR182 | AX71: {=xlookup(AL71,qualdata!$N$2:$N$17,qualdata!$O$2:$O$17,"")} | BA71: Bo3 | BF71: Round 4 low (elimination) | BY71: TBD | CK71: Link
A73: =A71+1 -> 30 | C73: TBD | I73: 0.60416667 | N73: =I73 + TIME(1, 0, 0) -> 0.64583333 | T73: {=xlookup(V73,qualdata!$N$2:$N$17,qualdata!$O$2:$O$17,"")} | V73: ='Contender Stage'!EN189 | AH73: {=xlookup(A73,qualmatchups!$I:$I,qualmatchups!$D:$D,"")} | AJ73: {=xlookup(A73,qualmatchups!$I:$I,qualmatchups!$E:$E,"")} | AL73: ='Contender Stage'!FR189 | AX73: {=xlookup(AL73,qualdata!$N$2:$N$17,qualdata!$O$2:$O$17,"")} | BA73: Bo3 | BF73: Round 4 low (elimination) | BY73: TBD | CK73: Link
A77: 31 | C77: TBD | I77: 0.72916667 | N77: =I77 + TIME(1, 0, 0) -> 0.77083333 | T77: {=xlookup(V77,qualdata!$N$2:$N$17,qualdata!$O$2:$O$17,"")} | V77: {=xlookup(A77,qualmatchups!$I:$I,qualmatchups!$B:$B,"")} | AH77: {=xlookup(A77,qualmatchups!$I:$I,qualmatchups!$D:$D,"")} | AJ77: {=xlookup(A77,qualmatchups!$I:$I,qualmatchups!$E:$E,"")} | AL77: {=xlookup(A77,qualmatchups!$I:$I,qualmatchups!$C:$C,"")} | AX77: {=xlookup(AL77,qualdata!$N$2:$N$17,qualdata!$O$2:$O$17,"")} | BA77: Bo3 | BF77: Round 5 (elimination) | BY77: TBD | CK77: Link
A79: =A77+1 -> 32 | C79: TBD | I79: 0.85416667 | N79: =I79 + TIME(1, 0, 0) -> 0.89583333 | T79: {=xlookup(V79,qualdata!$N$2:$N$17,qualdata!$O$2:$O$17,"")} | V79: {=xlookup(A79,qualmatchups!$I:$I,qualmatchups!$B:$B,"")} | AH79: {=xlookup(A79,qualmatchups!$I:$I,qualmatchups!$D:$D,"")} | AJ79: {=xlookup(A79,qualmatchups!$I:$I,qualmatchups!$E:$E,"")} | AL79: {=xlookup(A79,qualmatchups!$I:$I,qualmatchups!$C:$C,"")} | AX79: {=xlookup(AL79,qualdata!$N$2:$N$17,qualdata!$O$2:$O$17,"")} | BA79: Bo3 | BF79: Round 5 (elimination) | BY79: TBD | CK79: Link
A81: =A79+1 -> 33 | C81: TBD | I81: 0.60416667 | N81: =I81 + TIME(1, 0, 0) -> 0.64583333 | T81: {=xlookup(V81,qualdata!$N$2:$N$17,qualdata!$O$2:$O$17,"")} | V81: {=xlookup(A81,qualmatchups!$I:$I,qualmatchups!$B:$B,"")} | AH81: {=xlookup(A81,qualmatchups!$I:$I,qualmatchups!$D:$D,"")} | AJ81: {=xlookup(A81,qualmatchups!$I:$I,qualmatchups!$E:$E,"")} | AL81: {=xlookup(A81,qualmatchups!$I:$I,qualmatchups!$C:$C,"")} | AX81: {=xlookup(AL81,qualdata!$N$2:$N$17,qualdata!$O$2:$O$17,"")} | BA81: Bo3 | BF81: Round 5 (elimination) | BY81: TBD | CK81: Link

Sheet Roster Info
A1: 1 | B1: {=xlookup(A1,'Team Entry'!$C:$C,'Team Entry'!$A:$A,"")} -> Team 1 (Playoff)
A2: =A1 -> 1 | C2: Player 1 | D2: Full name | F2: =B2 | G2: =C2 -> Player 1
A3: =A2 -> 1 | D3: Nationality | E3: - | F3: =F2 | G3: =G2 -> Player 1
A4: =A3 -> 1 | D4: Steam | F4: =F3 | G4: =G3 -> Player 1
A5: =A4 -> 1 | D5: HLTV | F5: =F4 | G5: =G4 -> Player 1
A6: =A5 -> 1 | D6: FaceIt | F6: =F5 | G6: =G5 -> Player 1 | K6: - | L6: =IMAGE("https://i.imgur.com/XrjYtwZ.png")
A7: =A5 -> 1 | C7: Player 2 | D7: Full name | F7: =B7 | G7: =C7 -> Player 2 | K7: Andorra | L7: =IMAGE("https://i.imgur.com/naSnlNh.png")
A8: =A7 -> 1 | D8: Nationality | E8: - | F8: =F7 | G8: =G7 -> Player 2 | K8: United Arab Emirates | L8: =IMAGE("https://i.imgur.com/FdXysHw.png")
A9: =A8 -> 1 | D9: Steam | F9: =F8 | G9: =G8 -> Player 2 | K9: Afghanistan | L9: =IMAGE("https://i.imgur.com/vz2EFOa.png")
A10: =A9 -> 1 | D10: HLTV | F10: =F9 | G10: =G9 -> Player 2 | K10: Antigua and Barbuda | L10: =IMAGE("https://i.imgur.com/klLdtP2.png")
A11: =A10 -> 1 | D11: FaceIt | F11: =F10 | G11: =G10 -> Player 2 | K11: Albania | L11: =IMAGE("https://i.imgur.com/mveT3vd.png")
A12: =A10 -> 1 | C12: Player 3 | D12: Full name | F12: =B12 | G12: =C12 -> Player 3 | K12: Armenia | L12: =IMAGE("https://i.imgur.com/PobyNV7.png")
A13: =A12 -> 1 | D13: Nationality | E13: - | F13: =F12 | G13: =G12 -> Player 3 | K13: Angola | L13: =IMAGE("https://i.imgur.com/FerYIYh.png")
A14: =A13 -> 1 | D14: Steam | F14: =F13 | G14: =G13 -> Player 3 | K14: Antarctica | L14: =IMAGE("https://i.imgur.com/OC5AfJU.png")
A15: =A14 -> 1 | D15: HLTV | F15: =F14 | G15: =G14 -> Player 3 | K15: Argentina | L15: =IMAGE("https://i.imgur.com/7mN9cET.png")
A16: =A15 -> 1 | D16: FaceIt | F16: =F15 | G16: =G15 -> Player 3 | K16: American Samoa | L16: =IMAGE("https://i.imgur.com/vtpzNzy.png")
A17: =A15 -> 1 | C17: Player 4 | D17: Full name | F17: =B17 | G17: =C17 -> Player 4 | K17: Austria | L17: =IMAGE("https://i.imgur.com/AMjgc8I.png")
A18: =A17 -> 1 | D18: Nationality | E18: - | F18: =F17 | G18: =G17 -> Player 4 | K18: Australia | L18: =IMAGE("https://i.imgur.com/RDn9fC0.png")
A19: =A18 -> 1 | D19: Steam | F19: =F18 | G19: =G18 -> Player 4 | K19: Aland Islands | L19: =IMAGE("https://i.imgur.com/Q7WTeRr.png")
A20: =A19 -> 1 | D20: HLTV | F20: =F19 | G20: =G19 -> Player 4 | K20: Azerbaijan | L20: =IMAGE("https://i.imgur.com/dO5L242.png")
