Workbook

Sheet CQ - Seeding
B2: Seed | C2: Group A | D2: Group B | E2: Group C | F2: Group D
B3: 1 | C3: Honvéd | D3: Inner Circle Academy | E3: los kogutos | F3: G2 Ares
B4: 2 | C4: Mai Tai | D4: MANA | E4: SAW | F4: Entropy
B5: 3 | C5: megoshort | D5: DONSTU | E5: Vexar | F5: Misa
B6: 4 | C6: Julie&Cie | D6: BIG Academy | E6: ROUNDS | F6: Lilmix

Sheet CQ -Bracket
G1: Group A | V1: Group B
B2: Round 1 | G2: Advancement Match | L2: Last chance Match | Q2: Round 1 | V2: Advancement Match | AA2: Last chance Match
B4: R 1.1 - Bo3 | Q4: R 1.1 - Bo3
B5: 1 | C5: ='CQ - Seeding'!C3 -> Honvéd | Q5: 1 | R5: ='CQ - Seeding'!D3 -> Inner Circle Academy
B6: 4 | C6: ='CQ - Seeding'!C6 -> Julie&Cie | G6: Adv Match - Bo3 | Q6: 4 | R6: ='CQ - Seeding'!D6 -> BIG Academy | V6: Adv Match - Bo3
H7: =IF(D5>D6,C5,IF(D6>D5,C6,"Winner of R 1.1")) -> Winner of R 1.1 | W7: =IF(S5>S6,R5,IF(S6>S5,R6,"Winner of R 1.1")) -> Winner of R 1.1
B8: R 1.2 - Bo3 | H8: =IF(D9>D10,C9,IF(D10>D9,C10,"Winner of R 1.2")) -> Winner of R 1.2 | Q8: R 1.2 - Bo3 | W8: =IF(S9>S10,R9,IF(S10>S9,R10,"Winner of R 1.2")) -> Winner of R 1.2
B9: 2 | C9: ='CQ - Seeding'!C4 -> Mai Tai | Q9: 2 | R9: ='CQ - Seeding'!D4 -> MANA
B10: 3 | C10: ='CQ - Seeding'!C5 -> megoshort | Q10: 3 | R10: ='CQ - Seeding'!D5 -> DONSTU
L11: Last Chance - Bo3 | AA11: Last Chance - Bo3
M12: =IF(I7>I8,H8,IF(I8>I7,H7,"Loser of Adv Match")) -> Loser of Adv Match | AB12: =IF(X7>X8,W8,IF(X8>X7,W7,"Loser of Adv Match")) -> Loser of Adv Match
M13: =IF(I17>I18,H17,IF(I18>I17,H18,"Winner of Elim Match")) -> Winner of Elim Match | AB13: =IF(X17>X18,W17,IF(X18>X17,W18,"Winner of Elim Match")) -> Winner of Elim Match
G14: Elimination Match | V14: Elimination Match
G16: Elim Match - Bo3 | V16: Elim Match - Bo3
H17: =IF(D5>D6,C6,IF(D6>D5,C5,"Loser of R 1.1")) -> Loser of R 1.1 | W17: =IF(S5>S6,R6,IF(S6>S5,R5,"Loser of R 1.1")) -> Loser of R 1.1
H18: =IF(D9>D10,C10,IF(D10>D9,C9,"Loser of R 1.2")) -> Loser of R 1.2 | W18: =IF(S9>S10,R10,IF(S10>S9,R9,"Loser of R 1.2")) -> Loser of R 1.2
G21: Group C | V21: Group D
B23: Round 1 | G23: Advancement Match | L23: Last chance Match | Q23: Round 1 | V23: Advancement Match | AA23: Last chance Match
B25: R 1.1 - Bo3 | Q25: R 1.1 - Bo3
B26: 1 | C26: ='CQ - Seeding'!E3 -> los kogutos | Q26: 1 | R26: ='CQ - Seeding'!F3 -> G2 Ares
B27: 4 | C27: ='CQ - Seeding'!E6 -> ROUNDS | G27: Adv Match - Bo3 | Q27: 4 | R27: ='CQ - Seeding'!F6 -> Lilmix | V27: Adv Match - Bo3
H28: =IF(D26>D27,C26,IF(D27>D26,C27,"Winner of R 1.1")) -> Winner of R 1.1 | W28: =IF(S26>S27,R26,IF(S27>S26,R27,"Winner of R 1.1")) -> Winner of R 1.1
B29: R 1.2 - Bo3 | H29: =IF(D30>D31,C30,IF(D31>D30,C31,"Winner of R 1.2")) -> Winner of R 1.2 | Q29: R 1.2 - Bo3 | W29: =IF(S30>S31,R30,IF(S31>S30,R31,"Winner of R 1.2")) -> Winner of R 1.2
B30: 2 | C30: ='CQ - Seeding'!E4 -> SAW | Q30: 2 | R30: ='CQ - Seeding'!F4 -> Entropy
B31: 3 | C31: ='CQ - Seeding'!E5 -> Vexar | Q31: 3 | R31: ='CQ - Seeding'!F5 -> Misa
L32: Last Chance - Bo3 | AA32: Last Chance - Bo3
M33: =IF(I28>I29,H29,IF(I29>I28,H28,"Loser of Adv Match")) -> Loser of Adv Match | AB33: =IF(X28>X29,W29,IF(X29>X28,W28,"Loser of Adv Match")) -> Loser of Adv Match
M34: =IF(I38>I39,H38,IF(I39>I38,H39,"Winner of Elim Match")) -> Winner of Elim Match | AB34: =IF(X38>X39,W38,IF(X39>X38,W39,"Winner of Elim Match")) -> Winner of Elim Match
G35: Elimination Match | V35: Elimination Match
G37: Elim Match - Bo3 | V37: Elim Match - Bo3
H38: =IF(D26>D27,C27,IF(D27>D26,C26,"Loser of R 1.1")) -> Loser of R 1.1 | W38: =IF(S26>S27,R27,IF(S27>S26,R26,"Loser of R 1.1")) -> Loser of R 1.1
H39: =IF(D30>D31,C31,IF(D31>D30,C30,"Loser of R 1.2")) -> Loser of R 1.2 | W39: =IF(S30>S31,R31,IF(S31>S30,R30,"Loser of R 1.2")) -> Loser of R 1.2

Sheet CQ - Schedule
A1: Group A & B
A2: Team A | B2: Score (Bo3) | C2: Team B | D2: Date | E2: Time (CEST) | F2: =SUM(F3:F28) -> 0 | G2: MA
A3: Inner Circle Academy | C3: BIG Academy | D3: 46216 | E3: 0.41666667 | G3: D
A4: Honvéd | C4: Julie&Cie | E4: 0.54166667 | G4: D
A5: Mai Tai | C5: megoshort | E5: 0.66666667 | G5: in
A6: MANA | C6: DONSTU | E6: 0.79166667 | G6: in
D7: 46217 | E7: 0.41666667 | G7: in
E8: 0.54166667 | G8: in
E9: 0.66666667 | G9: D
E10: 0.79166667 | G10: D
D11: 46218 | E11: 0.41666667 | G11: in
E12: 0.54166667 | G12: in
A13: Group C & D
A14: Entropy | C14: Misa | D14: 46219 | E14: 0.41666667 | G14: D
A15: G2 Ares | C15: Lilmix | E15: 0.54166667 | G15: D
A16: SAW | C16: Vexar | E16: 0.66666667 | G16: in
A17: los kogutos | C17: ROUNDS | E17: 0.79166667 | G17: in
D18: 46220 | E18: 0.41666667 | G18: in
E19: 0.54166667 | G19: in
E20: 0.66666667 | G20: D
E21: 0.79166667 | G21: D
D22: 46221 | E22: 0.41666667 | G22: in
E23: 0.54166667 | G23: in
A24: Play-In
D25: 46222 | E25: 0.41666667 | G25: D
E26: 0.54166667 | G26: D
E27: 0.66666667 | G27: in
E28: 0.79166667 | G28: in

Sheet Group Stage - Seeding
B2: Seed | C2: Name
B3: 1
B4: 2
B5: 3
B6: 4
B7: 5
B8: 6
B9: 7
B10: 8
B11: 9
B12: 10
B13: 11
B14: 12
... B18: 16

Sheet Group Stage - Schedule
A1: Group Stage Swiss
A2: Team A | B2: Score (Bo3) | C2: Team B | D2: Date | E2: Time (CEST) | F2: =SUM(F3:F39) -> 0 | G2: MA
D3: 46226 | E3: 0.41666667 | G3: in
E4: 0.54166667 | G4: in
E5: 0.66666667 | G5: D
E6: 0.79166667 | G6: D
D7: 46227 | E7: 0.41666667 | G7: D
E8: 0.54166667 | G8: D
E9: 0.66666667 | G9: in
E10: 0.79166667 | G10: in
A11: ROUND 2
D12: 46228 | E12: 0.41666667 | G12: in
E13: 0.54166667 | G13: in
E14: 0.66666667 | G14: D
E15: 0.79166667 | G15: D
D16: 46229 | E16: 0.41666667 | G16: D
E17: 0.54166667 | G17: D
E18: 0.66666667 | G18: in
E19: 0.79166667 | G19: in
A20: ROUND 3
D21: 46230 | E21: 0.41666667 | G21: in
E22: 0.54166667 | G22: in
E23: 0.66666667 | G23: D
E24: 0.79166667 | G24: D
D25: 46231 | E25: 0.41666667 | G25: D
E26: 0.54166667 | G26: D
E27: 0.66666667 | G27: in
E28: 0.79166667 | G28: in
A29: ROUND 4
D30: 46232 | E30: 0.41666667 | G30: D
E31: 0.54166667 | G31: D
E32: 0.66666667 | G32: D
D33: 46233 | E33: 0.41666667 | G33: in
E34: 0.54166667 | G34: in
E35: 0.66666667 | G35: in
A36: ROUND 5
D37: 46234 | E37: 0.41666667 | G37: D
E38: 0.54166667 | G38: D
E39: 0.66666667 | G39: D

Sheet Playoff - Seeding
B2: Seed | C2: Name
B3: 1
B4: 2
B5: 3
B6: 4
B7: 5
B8: 6
B9: 7
B10: 8
B11: 9
B12: 10
B13: 11
B14: 12
... B18: 16

Sheet Playoff - Bracket
B2: Round of 16 | G2: Quarter Finals | L2: Semi Finals | Q2: Final
B4: R16 1.1
B5: 1 | C5: ='Playoff - Seeding'!C3
B6: 16 | C6: ='Playoff - Seeding'!C18 | G6: QF 2.1
H7: =IF(D5>D6,C5,IF(D6>D5,C6,"Winner of R16 1.1")) -> Winner of R16 1.1
B8: R16 1.2 | H8: =IF(D9>D10,C9,IF(D10>D9,C10,"Winner of R16 1.2")) -> Winner of R16 1.2
B9: 8 | C9: ='Playoff - Seeding'!C10
B10: 9 | C10: ='Playoff - Seeding'!C11 | L10: SF 3.1
M11: =IF(I7>I8,H7,IF(I8>I7,H8,"Winner of QF 2.1")) -> Winner of QF 2.1
B12: R16 1.3 | M12: =IF(I15>I16,H15,IF(I16>I15,H16,"Winner of QF 2.2")) -> Winner of QF 2.2
B13: 4 | C13: ='Playoff - Seeding'!C6
B14: 13 | C14: ='Playoff - Seeding'!C15 | G14: QF 2.2
H15: =IF(D13>D14,C13,IF(D14>D13,C14,"Winner of R16 1.3")) -> Winner of R16 1.3
B16: R16 1.4 | H16: =IF(D17>D18,C17,IF(D18>D17,C18,"Winner of R16 1.4")) -> Winner of R16 1.4
B17: 5 | C17: ='Playoff - Seeding'!C7
B18: 12 | C18: ='Playoff - Seeding'!C14 | Q18: Final
R19: =IF(N11>N12,M11,IF(N12>N11,M12,"Winner of SF 3.1")) -> Winner of SF 3.1
B20: R16 1.5 | R20: =IF(N27>N28,M27,IF(N28>N27,M28,"Winner of SF 3.2")) -> Winner of SF 3.2
B21: 2 | C21: ='Playoff - Seeding'!C4
B22: 15 | C22: ='Playoff - Seeding'!C17 | G22: QF 2.3
H23: =IF(D21>D22,C21,IF(D22>D21,C22,"Winner of R16 1.5")) -> Winner of R16 1.5
B24: R16 1.6 | H24: =IF(D25>D26,C25,IF(D26>D25,C26,"Winner of R16 1.6")) -> Winner of R16 1.6
B25: 7 | C25: ='Playoff - Seeding'!C9
B26: 10 | C26: ='Playoff - Seeding'!C12 | L26: SF 3.2
M27: =IF(I23>I24,H23,IF(I24>I23,H24,"Winner of QF 2.3")) -> Winner of QF 2.3
B28: R16 1.7 | M28: =IF(I31>I32,H31,IF(I32>I31,H32,"Winner of QF 2.4")) -> Winner of QF 2.4
B29: 3 | C29: ='Playoff - Seeding'!C5
B30: 14 | C30: ='Playoff - Seeding'!C16 | G30: QF 2.4
H31: =IF(D29>D30,C29,IF(D30>D29,C30,"Winner of R16 1.7")) -> Winner of R16 1.7
B32: R16 1.8 | H32: =IF(D33>D34,C33,IF(D34>D33,C34,"Winner of R16 1.8")) -> Winner of R16 1.8
B33: 6 | C33: ='Playoff - Seeding'!C8
B34: 11 | C34: ='Playoff - Seeding'!C13

Sheet Playoff - Schedule
A1: Playoffs
A2: Team A | B2: Score (Bo3) | C2: Team B | D2: Date | E2: Time (CEST) | F2: Round | G2: =SUM(G3:G17) -> 0 | H2: MA
D3: 46237 | E3: 10:00 | F3: Opening Round (BO3) | H3: E
E4: 13:00 | F4: Opening Round (BO3) | H4: E
E5: 16:00 | F5: Opening Round (BO3) | H5: in
E6: 19:00 | F6: Opening Round (BO3) | H6: in
D7: 46238 | E7: 10:00 | F7: Opening Round (BO3) | H7: in
E8: 13:00 | F8: Opening Round (BO3) | H8: in
E9: 16:00 | F9: Opening Round (BO3) | H9: in
E10: 19:00 | F10: Opening Round (BO3) | H10: in
D11: 46239 | E11: 10:00 | F11: Quarter-Final (BO3) | H11: E
E12: 13:00 | F12: Quarter-Final (BO3) | H12: E
E13: 16:00 | F13: Quarter-Final (BO3) | H13: in
E14: 19:00 | F14: Quarter-Final (BO3) | H14: in
D15: 46240 | E15: 10:00 | F15: Semi-Final (BO3) | H15: E
E16: 13:00 | F16: Semi-Final (BO3) | H16: E
E17: 0.66666667 | F17: Grand Final (BO3) | H17: E
F18: 1h pause after Semi #2
